作品ID,作品名称,原名,别名,作品类型,详情完整,年份,年代,上映日期,上映年,评分,评分档,评分星级,评分人数,热度档,主类型,类型2,类型3,类型数,标签全集,地区,是否国产,主出品地区,语言,时长分钟,时长档,集数,导演,主演,主演人数,短评数,影评数,简介,封面图,豆瓣链接,数据更新时间,猫眼快照日期,猫眼累计票房,猫眼票房占比,猫眼排片占比,猫眼上座率,猫眼场均人次,猫眼场次,猫眼当日排名,猫眼上映状态,猫眼类型
2244765,中华小子,,Shaolin Wuzang,剧集/番剧,是,2006,2000 年代,2006,2006,9.6,9.0 分以上,5.0,63848,5-10 万,喜剧,动作,动画,3,喜剧 动作 动画,法国 / 中国大陆,是,法国,汉语普通话,24,15-30 分钟,26,张天晓 / 周磊,黄怡晴 / 徐刚 / 刘强 / 王肖兵 / 游军,8,13702,49,故事发生在十七世纪的中国，被镇压千年的恶魔黑狐王挣脱了桎梏，带着它的爪牙来到人间，四处作威作福，妄图成为世界的霸主。百姓们实在无法忍受水深火热的生活，于是来到少林，请求僧人们出谋划策，打败黑狐王。 少林住持三藏法师告诉众人，寺中有三人是当年打败黑狐王的英雄的转世，如今，亦只有他们三人才有望再度封印黑狐王。就这样，唐小龙（徐刚 配音）、陈小虎（刘强 配音）和花小兰（黄怡晴 配音）三名少年少女成为了百姓最后的希望。可是，三人都只是少不经事的孩子，想要打败黑狐王还差得远呢，为此，三人开始接受艰苦而又危险的训练，他们必须更自信，更强大，才能抵挡黑狐王的侵犯。,https://img3.doubanio.com/view/photo/m_ratio_poster/public/p2570091648.jpg,https://movie.douban.com/subject/2244765/,2026-10-01T17:20:08+08:00,,,,,,,,,,
3204594,虹猫蓝兔七侠传,,The story of hongmao and lantu,剧集/番剧,是,2006,2000 年代,2006-09-05(中国大陆),2006,9.6,9.0 分以上,5.0,142172,10-50 万,剧情,动作,动画,3,剧情 动作 动画,中国大陆,是,中国大陆,汉语普通话,15,15 分钟以内,108,王宏 / 罗沐 / 许龙 / 徐艳娜 / 江莉 / 艾慕华 / 张建和 / 周韧峰 / 颜雷鸣 / 赵玉碧 / 朱海燕,付以琳 / 晏婷 / 刘蓉 / 刘娟 / 肖睿,12,36866,320,公元397年，风景秀丽的张家界，以黑心虎为首的魔教放火烧山，荼毒生灵，欲抓森林之灵兽玉兽麒麟，妄图借喝麒麟的热血以增强内力，称霸武林。为了维护森林和平与安宁，虹猫的父亲联合蓝兔的母亲等七人，七剑合壁，最终大败黑心虎，但七剑也非伤即残。 五十年后，黑心虎带领魔教卷土重来。而唯一能阻止黑心虎的只有再次七剑合壁，但此时的七剑，除了虹猫父亲，其他六剑已分散隐居，去向不明。一场血战，虹猫父亲终因寡不敌众，英勇牺牲。少侠虹猫谨遵父亲遗命，肩负起拯救森林环境的重任，含愤下山去寻找其他六剑传人……,https://img3.doubanio.com/view/photo/m_ratio_poster/public/p2307667150.jpg,https://movie.douban.com/subject/3204594/,2026-10-01T17:20:09+08:00,,,,,,,,,,
34892096,我的三体之章北海传,,我的三体·章北海传 / 我的三体第三季 / 我的三体3 / My Three Body Season 3 / The Three-body Problem in MC Season 3,剧集/番剧,是,2020,2020 年代,2020-01-21(中国大陆),2020,9.6,9.0 分以上,5.0,63356,5-10 万,剧情,科幻,动画,3,剧情 科幻 动画,中国大陆,是,中国大陆,汉语普通话,20,15-30 分钟,9,李圳宜,巫蛊悠悠 / 芥末 / 音匣老鬼 / 贺文潇 / 赵岩涛,15,20811,125,故事发生在从近未来到两百年后的历史跨度上，地球文明被三体用一种叫做智子的超级科技锁死，基础研究因而停滞不前。但人类仍然需要在此基础上不断前进来抵御即将到来的三体人的进攻，守卫自己的家园和人类文明。在更广大的基础上，三体文明和人类文明都是黑暗森林下的猎手，小心翼翼的保护好自己并且清理别人，为文明的存续而挣扎。,https://img9.doubanio.com/view/photo/m_ratio_poster/public/p2590648365.jpg,https://movie.douban.com/subject/34892096/,2026-10-01T17:20:10+08:00,,,,,,,,,,
37156504,凡人修仙传：重返天南,,凡人修仙传 第153-176集 / 凡人修仙传 年番3之重返天南 / 凡人修仙传 第四季之重返天南 / A Mortal's Journey：Return to Tiannan / A Mortal's Journey 7,剧集/番剧,是,2025,2020 年代,2025-07-26(中国大陆),2025,9.6,9.0 分以上,5.0,46907,1-5 万,动画,奇幻,古装,3,动画 奇幻 古装,中国大陆,是,中国大陆,汉语普通话,20,15-30 分钟,24,王裕仁 / 林宇昂,钱文青 / 青泯邑 / 乔苏 / 木青禾 / 胡亚捷,16,13421,144,韩立得知云梦三派即将举办试剑大会，优胜者可进入灵眼之树，决定参与，以获取更多机缘。试剑大会中，韩立通过使用大量符箓一路“侥幸”取胜，最终进入排行榜前十，得以进入灵眼之树。而在灵眼之树内，三派高层联合做局，魔道势力也上演套中套，韩立身处其中步步谨慎，智取机缘，以全力冲击元婴……,https://img9.doubanio.com/view/photo/m_ratio_poster/public/p2924351735.jpg,https://movie.douban.com/subject/37156504/,2026-10-01T17:20:12+08:00,,,,,,,,,,
6126501,超兽武装之仁者无敌,,超兽武装第一部 / Ultra Beast Force / RevEvolution,剧集/番剧,是,2011,2010 年代,2011-04-14(中国大陆),2011,9.6,9.0 分以上,5.0,24615,1-5 万,动作,科幻,动画,3,动作 科幻 动画,中国大陆,是,中国大陆,汉语普通话,22,15-30 分钟,33,王巍,祖晴 / 陆双 / 赵然 / 邓红 / 鞠月斌,10,4352,30,该剧以一场波澜壮阔、跨越时空的战役，描述了神奇的宇宙轮回。 精彩刺激的打斗场面，拥有崇高信念和无限潜能的超兽战士英雄，演绎了一场拯救宇宙的圣战。,https://img3.doubanio.com/view/photo/m_ratio_poster/public/p2918542412.jpg,https://movie.douban.com/subject/6126501/,2026-10-01T17:20:18+08:00,,,,,,,,,,
10477598,罗小黑战记,,The Legend of LUOXIAOHEI,剧集/番剧,是,2011,2010 年代,2011-03-18(中国大陆),2011,9.5,9.0 分以上,5.0,151739,10-50 万,剧情,喜剧,动作,3,剧情 喜剧 动作,中国大陆,是,中国大陆,汉语普通话,5,15 分钟以内,40,木头,山新 / 皇贞季 / 琪琪 / 桃宝 / 叮当,12,41457,118,雨夜，一只流落街头的小黑猫，被少女罗小白（山新 配音）带回家，起名罗小黑。罗小黑不是一只普通的猫咪，它极通人性，会上厕所，不吃猫粮，长长的尾巴甚至会分裂成一个个名为“嘿咻”的不明生物体。另一方面，名为“谛听”（皇贞季 配音）的神秘人物，发动手下三匹会幻化成鸟的狼，搜寻着罗小黑的下落。不久，罗小白带着小黑到乡下探望堂哥阿根和爷爷，由此发生了种种离奇玄幻事件。 《罗小黑战记》是中国大陆独立动画制作人MTJJ及其工作室于2011年03月出品的一部动画片。,https://img9.doubanio.com/view/photo/m_ratio_poster/public/p2496903956.jpg,https://movie.douban.com/subject/10477598/,2026-10-01T17:20:19+08:00,,,,,,,,,,
4117005,洛洛历险记,,百变机兽之洛洛历险记 / RoboWarriors,剧集/番剧,是,2008,2000 年代,2008-01-01(中国大陆),2008,9.5,9.0 分以上,5.0,40116,1-5 万,动画,,,1,动画,中国大陆,是,中国大陆,汉语普通话,22,15-30 分钟,52,王巍,郑世健 / 黎盛炜 / 祖晴 / 李晶,4,7126,54,夜晚，洛洛在家里玩电脑游戏，突然落雷击中大厦，洛洛被传送到一个陌生的世界里。醒来之后，洛洛发现自己竟呆在一个以他最喜欢的机战游戏作为背景的虚拟世界。过不多久，茫然的洛洛就遭到猛兽族黑铁兽的袭击，差点小命不保，幸好时光之城的大将霹雳火及时出现将他救下，才避过猛兽族的追杀。洛洛与霹雳火结识成为朋友了，命运滚轮的转动无法避免，机战世界开始书写新的章程。,https://img3.doubanio.com/view/photo/m_ratio_poster/public/p2412771229.jpg,https://movie.douban.com/subject/4117005/,2026-10-01T17:20:21+08:00,,,,,,,,,,
1418019,大闹天宫,,大闹天宫 上下集 / The Monkey King / Havoc in Heaven / Uproar in Heaven,电影,是,1961,1990 前,1961(中国大陆),1961,9.4,9.0 分以上,4.5,518922,50 万+,剧情,动画,奇幻,3,剧情 动画 奇幻,中国大陆,是,中国大陆,汉语普通话,113,100 分钟以上,,万籁鸣,邱岳峰 / 富润生 / 毕克 / 尚华 / 于鼎,7,69655,329,话说在东土傲来国有一座花果山，山上有一尊石猴吸收日精月华化身为一只神猴（邱岳峰 音），统领着山中的猴子猴孙。为求得一件称心的宝贝，神猴孙大圣潜入龙宫，强硬求来大禹治水时的定海神针如意金箍棒。东海龙王（毕克 音）心有不甘，于是上天将此事诉诸玉帝（富润生 音）。玉皇大帝命令太白金星（尚华 音）下界招安，许以爵位。不知有诈的孙大圣欣然前往，却发现只是负责养马的弼马温。得知受骗的猴王反下天庭，与天兵天将在花果山展开大战…… 本片根据古典名著《西游记》中的故事改编，前后历时4年创作，并荣获1962年捷克斯洛伐克卡罗维发利国际电影节短片特别奖、1978年英国伦敦国际电影节年度杰出电影奖、1982年厄瓜多尔第四届国际儿童电影节三等奖、第二届中国电影“百花奖”最佳美术片奖。,https://img3.doubanio.com/view/photo/m_ratio_poster/public/p2184505167.jpg,https://movie.douban.com/subject/1418019/,2026-10-01T17:20:23+08:00,,,,,,,,,,
35801116,画江湖之不良人6,,画江湖之不良人VI / 画江湖之不良人 第六季,剧集/番剧,是,2023,2020 年代,2023-03-02(中国大陆),2023,9.4,9.0 分以上,4.5,84428,5-10 万,动作,动画,武侠,3,动作 动画 武侠,中国大陆,是,中国大陆,汉语普通话,28,15-30 分钟,12,李帅帅,边江 / 申秋香 / 赵毅 / 阎萌萌 / 赵述仁,11,27869,250,监国独揽朝政，漠北大军来势汹汹，岐国独木难支，且看李星云如何带领不良人绝地反击！,https://img3.doubanio.com/view/photo/m_ratio_poster/public/p2888920309.jpg,https://movie.douban.com/subject/35801116/,2026-10-01T17:20:25+08:00,,,,,,,,,,
36139980,凡人修仙传：星海飞驰,,凡人修仙传 第73-124集 / 凡人修仙传年番2 / 凡人修仙传 第三季 / 凡人修仙传 新年番 / 凡人修仙传：星海飞驰篇 / 凡人修仙传：星海飞驰序章+星海飞驰篇 / 凡人修仙传之虚天战纪 / A Mortal's Journey / A Record of Mortal's Journey to Immortality,剧集/番剧,是,2023,2020 年代,2023-07-30(中国大陆),2023,9.4,9.0 分以上,4.5,47658,1-5 万,动画,奇幻,,2,动画 奇幻,中国大陆,是,中国大陆,汉语普通话,20,15-30 分钟,52,王裕仁 / 林宇昂,钱文青 / 杨天翔 / 佟心竹 / 张福正 / 谷江山,8,11263,76,看机智的凡人小子韩立如何稳健发展、步步为营，战魔道、夺至宝、驰骋星海、快意恩仇，成为纵横三界的强者。他日仙界重相逢，一声道友尽沧桑。,https://img3.doubanio.com/view/photo/m_ratio_poster/public/p2896185169.jpg,https://movie.douban.com/subject/36139980/,2026-10-01T17:20:27+08:00,,,,,,,,,,
36923479,凡人修仙传：外海风云‎,,凡人修仙传 第125-152集 / 凡人修仙传 年番3之外海风云 / 凡人修仙传 年番三之外海风云 / 凡人修仙传 第四季之外海风云 / 凡人修仙传之外海风云 / A Mortal's Journey Season 4,剧集/番剧,是,2025,2020 年代,2025-01-18(中国大陆),2025,9.4,9.0 分以上,4.5,38890,1-5 万,动画,奇幻,,2,动画 奇幻,中国大陆,是,中国大陆,汉语普通话,20,15-30 分钟,28,王裕仁 / 林宇昂,钱文青 / 王敏纳 / 刘思岑 / 赵铭洲 / 王秋明,12,9053,50,韩立于外海洞府闭关，公孙杏等人为寻灵药误闯其洞府，危急时刻被韩立所救。韩立得知外海形势大变，出关再寻突破机缘。探寻外海过程中，韩立再遇故人、潜入妖兽巢穴、智夺风雷翅、激战温天仁。在韩立反制温天仁之时，众人遭遇鬼雾，被吸入阴冥之地。韩立循着村内长老给出的线索，寻找离开的路径。在暴风山顶，韩立寻得机会脱离阴冥之地，离开后韩立意外地发现自己重返故土，决定寻找合适的地方修炼冲击元婴，却在无意间卷入天南各派的斗争之中。,https://img3.doubanio.com/view/photo/m_ratio_poster/public/p2918922518.jpg,https://movie.douban.com/subject/36923479/,2026-10-01T17:20:29+08:00,,,,,,,,,,
3783963,三国演义,,三国演义(动画) / 最強武将伝 三国演義(日) / 三國演義(台) / Romance of the Three Kingdoms,剧集/番剧,是,2009,2000 年代,2009-08-01(中国大陆),2009,9.4,9.0 分以上,4.5,19145,1-5 万,动作,动画,历史,3,动作 动画 历史,中国大陆 / 日本,是,中国大陆,汉语普通话 / 日语,25,15-30 分钟,52,朱敏 / 大贺俊二 / 沈寿林,张震 / 李立宏 / 张杰 / 藤新 / 徐涛,8,4310,32,中日两国合作制作的的52集动画大片《三国演义》于2009年3月17日完成制作工作，于2009年8月1日在央视强势推出。 动画版《三国演义》与来自美、英、法、意、俄等13个国家、30多个电视机构商议播放事项，在日本、欧美等西方主流动画频道开播。在日本，该片的第一版漫画图书首次印刷出版预计100万册。 三国时期三股最强的政治势力曹操、孙权、刘备之间错综复杂而充满张力的斗争，集中体现了那个时代层出不穷的杰出人物，以及他们的英勇行为和高强战略。,https://img3.doubanio.com/view/photo/m_ratio_poster/public/p2903709382.jpg,https://movie.douban.com/subject/3783963/,2026-10-01T17:20:31+08:00,,,,,,,,,,
4246437,秦时明月之诸子百家,,秦时明月3,剧集/番剧,是,2010,2010 年代,2010-05-11(中国大陆),2010,9.4,9.0 分以上,4.5,40822,1-5 万,剧情,动作,动画,3,剧情 动作 动画,中国大陆,是,中国大陆,汉语普通话,20,15-30 分钟,34,沈乐平,沈磊 / 蒋可,2,7870,80,故事发生在二千多年前的战国时期，秦始皇统一六国损兵达百万计，项燕兵败阵亡，少羽被困，高渐离、雪女、大铁锤赶来相救。兵败后，盖聂、墨家、项氏一族踏上逃亡之路。李斯进入儒家后，拜访先师荀子，荀子避而不见。同入儒家的少羽尊从法理少年老成，端木蓉由于被白凤所伤终日不醒，张良授计让天明与其对弈救木蓉。星魂对清秀的月儿产生浓厚兴趣反遭冷眼警告，月神把月儿带到东皇太一面前，东皇向她公布了自已的真实身世。少羽与天明观海时得知秦始皇要登临东海尽头的那座城市，暮色归途中又遇见流泪的石兰，交谈中少羽知道杀父仇人蒙恬来了，他该怎么办......,https://img2.doubanio.com/view/photo/m_ratio_poster/public/p2285176341.jpg,https://movie.douban.com/subject/4246437/,2026-10-01T17:20:33+08:00,,,,,,,,,,
1899125,大盗贼,,Der Räuber Hotzenplotz,剧集/番剧,是,1989,1990 前,1989,1989,9.3,9.0 分以上,4.5,36730,1-5 万,剧情,喜剧,动画,3,剧情 喜剧 动画,中国大陆,是,中国大陆,汉语普通话,27,15-30 分钟,8,方润南 / 刘蕙仪 / 夏秉钧 / 程中岳 / 胡兆洪,翁振新 / 戴欣 / 范婕 / 尚华 / 舒蓉,5,8439,71,"“我是个大盗贼,什么也不怕，生活多自在，整天乐哈哈。” 大盗贼霍真普洛兹老爷，是小镇上鼎鼎有名的大坏蛋，藏身在神秘的大森林中，警察一直都拿他没办法。 有一天，大盗贼抢走了老奶奶会唱歌的咖啡磨，孙子卡斯佩尔和小伙伴佐培尔决心抓住大盗贼，找回奶奶的咖啡磨。不料计谋被精明的大盗贼识破，两人反被大盗贼抓住，卡斯帕尔被卖给邪恶的大魔法师，佐培尔被关在大盗贼家做苦工。两个机灵的孩子面对险境，勇敢地与大盗贼周旋，还解救了被囚禁的巫女，上演了一幕幕惊心动魄的斗智斗勇情节。 《大盗贼》改编自德国的奥得弗雷德•普鲁士勒的文学名著，1989年由上海美术制片厂摄制动画片完成，一直是深受孩子们的喜爱木偶动画。",https://img3.doubanio.com/view/photo/m_ratio_poster/public/p2609151949.jpg,https://movie.douban.com/subject/1899125/,2026-10-01T17:20:35+08:00,,,,,,,,,,
1933857,成龙历险记 第一季,Jackie Chan Adventures Season 1,,剧集/番剧,是,2000,2000 年代,2000-09-09(美国),2000,9.3,9.0 分以上,4.5,70775,5-10 万,喜剧,动作,动画,3,喜剧 动作 动画,美国 / 中国香港,否,美国,英语,22,15-30 分钟,13,Frank Squillace / Phil Weinstein / Bryan Andrews,成龙 / 詹姆士·谢 / 夏野萨博,3,10693,22,本剧描写成龙和他11岁的侄女小玉历险于世界各地的故事。在片中，成龙的职责是赶在黑帮之前找到12个魔力符咒。在寻找符咒的过程中，成龙意外发现每个符咒都代表着中国的十二生肖之一，每个符咒又都能赋予持有者一种独特且神秘的力量，它们一旦被黑帮联合起来，就会释放出“终极黑暗”，成为淆乱整个社会的元凶。,https://img3.doubanio.com/view/photo/m_ratio_poster/public/p2530298328.jpg,https://movie.douban.com/subject/1933857/,2026-10-01T17:20:37+08:00,,,,,,,,,,
2156775,西游记,,Monkey King / Journey to the West: Legends of the Monkey King,剧集/番剧,是,1999,1990 年代,1999-07-23(中国大陆),1999,9.3,9.0 分以上,4.5,89908,5-10 万,动画,奇幻,古装,3,动画 奇幻 古装,中国大陆,是,中国大陆,汉语普通话,25,15-30 分钟,52,方润南 / 潘积耀 / 周凤英,沈晓谦 / 张涵予 / 乔榛 / 程玉珠 / 刘风,31,15790,68,本部52集大型国产动画片根据经典名著《西游记》改编制作而成。唐僧带领徒弟孙悟空、猪八戒、沙和尚和白龙马，一行五人西天取经。路遇九九八十一难，终取得真经修成正果。动画片在大家耳熟能详的原型上，加入了诸多当代元素，与以往各种版本相比，更具时代特色。不仅保留了古典名著的精髓，更塑造出了家喻户晓的动画版师徒形象。 《西游记》是中央电视台动画部和中国国际电视总公司火炬动画分公司联合投资、制作的，耗资巨大历时6年才大功告成。目前，动画版《西游记》已被翻译成英语、法语、西班牙语等多种外文版本。,https://img2.doubanio.com/view/photo/m_ratio_poster/public/p2927747451.jpg,https://movie.douban.com/subject/2156775/,2026-10-01T17:20:39+08:00,,,,,,,,,,
25711819,大耳朵图图 第三季,,大耳朵图图 第三部,剧集/番剧,是,2010,2010 年代,2010-11(中国大陆),2010,9.3,9.0 分以上,4.5,13518,1-5 万,动画,,,1,动画,中国大陆,是,中国大陆,汉语普通话,12,15 分钟以内,26,速达,豆豆 / 范楚绒 / 胡谦,3,2601,5,53.满天都是小星星(上) 54.满天都是小星星(下) 55.儿童节的礼物 56.早餐吃什么? 57.超级妈妈好爸爸(上) 58.超级妈妈好爸爸(下) 59.朋友与宠物(上) 60.朋友与宠物(下) 61.没有电的日子 62.健康哥哥的周末 63.听爸爸讲故事(上) 64.听爸爸讲故事(下) 65.音乐是什么? 66.妈妈的吸引力 67.新同学老朋友 68.霸王龙在行动(上) 69.霸王龙在行动(下) 70.赚钱不容易(上) 71.赚钱不容易(下) 72.给牛爷爷一个惊喜 73.离家出走 74.鹦鹉学舌 75.帮妈妈打工 76.游戏的诱惑 77.欢乐国庆节(上) 78.欢乐国庆节(下),https://img9.doubanio.com/view/photo/m_ratio_poster/public/p2904162034.jpg,https://movie.douban.com/subject/25711819/,2026-10-01T17:20:41+08:00,,,,,,,,,,
26303368,大风车,,Big Pinwheel,剧集/番剧,是,1995,1990 年代,1995-06-01(中国大陆),1995,9.3,9.0 分以上,4.5,15182,1-5 万,儿童,真人秀,,2,儿童 真人秀,中国大陆,是,中国大陆,汉语普通话,40,30-60 分钟,,动画城,鞠萍 / 董浩 / 刘纯燕 / 何炅,4,3252,3,《大风车（Big Pinwheel） 》栏目是中央电视台青少年中心的重点栏目，该栏目不仅在播出上一直保持较高的收视率，而且在社会上也一直具有良好的知名度。该栏目由原有的六个栏目《七巧板》、《天地之间》、《蒲公英剧场》、《同一片蓝天》、《聪明屋》、《和爸爸妈妈一起看》整合而成，于1995年6月1日正式开播，数经改版发展至今，已成为我国最具影响力的儿童电视栏目。该栏目在2002年中央电视台整体栏目总排名中位居第7位，在全台的栏目评选中也多次获得优秀栏目一等奖。,https://img3.doubanio.com/view/photo/m_ratio_poster/public/p2229194028.jpg,https://movie.douban.com/subject/26303368/,2026-10-01T17:20:44+08:00,,,,,,,,,,
27097683,阿凡提的故事,,阿凡提 / 阿凡提和孩子们,剧集/番剧,是,1981,1990 前,1981(中国大陆),1981,9.3,9.0 分以上,4.5,23254,1-5 万,动画,,,1,动画,中国大陆,是,中国大陆,汉语普通话,25,15-30 分钟,14,靳夕 / 刘惠仪 / 曲建方,毕克 / 邱岳峰 / 程之,3,4139,22,1．卖树荫 2．兔送信 3．神医 4．比智慧 5．偷东西的驴 6．吝啬鬼 7．巧断案 8．驴说话 9．狩猎记 10．寻开心 11．宝驴 12．奇婚记 13．真假阿凡提 14．种金子,https://img9.doubanio.com/view/photo/m_ratio_poster/public/p2626959455.jpg,https://movie.douban.com/subject/27097683/,2026-10-01T17:20:47+08:00,,,,,,,,,,
3025311,神厨小福贵,,,剧集/番剧,是,2007,2000 年代,2007-08(中国大陆),2007,9.3,9.0 分以上,4.5,60984,5-10 万,剧情,动画,,2,剧情 动画,中国大陆,是,中国大陆,汉语普通话,20,15-30 分钟,132,王宏,袁文君 / 晏婷 / 刘娟 / 刘洁 / 张怀武,9,14040,97,故事发生在清朝末年，小福贵的爷爷是慈禧的御用厨师，深受其重用，小福贵从小就跟在爷爷身旁学习做菜的手艺，对爷爷十分敬仰。然而，爷爷却意外的被卷入了一出阴谋之中，被误当成下毒的罪魁祸首投入大牢秋后问斩。 为了还爷爷一个清白，查清事件的真相，小福贵毅然踏上了旅途，他要凭借自己的力量获得十八把金厨具，将洪家菜的风格发扬光大。斗志昂扬的小福贵自然吸引了幕后黑手老K的注意，亦成为了他想要除掉的对手。在冒险的途中，小福贵结识了想要刺杀慈禧太后为父母报仇的侠女小飞蝶，两人相互帮助相互扶持。最终，小福贵能否达成自己的心愿呢？,https://img3.doubanio.com/view/photo/m_ratio_poster/public/p2319328117.jpg,https://movie.douban.com/subject/3025311/,2026-10-01T17:20:48+08:00,,,,,,,,,,
3069864,葫芦小金刚,,葫芦兄弟第二部 / 葫芦娃第二部 / 金刚葫芦娃,剧集/番剧,是,1989,1990 前,1989-11-10(中国大陆),1989,9.3,9.0 分以上,4.5,70124,5-10 万,动画,儿童,,2,动画 儿童,中国大陆,是,中国大陆,汉语普通话,19,15-30 分钟,6,胡进庆 / 葛桂云 / 周克勤,于鼎 / 范捷 / 戴欣 / 朱莎 / 谈鹏飞,5,10626,50,经过一番激烈的搏斗，葫芦七兄弟团结一心，终于把蛇精和蝎子精打败，七兄弟化作七色奇峰，将妖精镇压山下。葫芦兄弟和妖精的战争惊动了住在山中另一边的青蛇精。青蛇精是蛇精夫人的妹妹，她比姐姐更加狡猾。得知葫芦山争斗的始末，青蛇精决定将葫芦娃们抓来炼成长生不老的七心丹，替姐姐报仇。 葫芦七兄弟虽然勇猛非常，却不敌妖怪的狡猾。青蛇精采取各个击破的战术，利用锦囊中的宝物将七兄弟一一降伏。一番斗智斗勇过后，葫芦兄弟全部成为青蛇精的俘虏。原本想炼成七心丹的青蛇精，却没留神炼出综合了七兄弟本领的葫芦小金刚。葫芦小金刚和妖精的战争更加激烈…… 本片荣获1991年广播电影电视部优秀影片奖第二届全国影视动画展播荣誉奖。,https://img3.doubanio.com/view/photo/m_ratio_poster/public/p2180839589.jpg,https://movie.douban.com/subject/3069864/,2026-10-01T17:20:51+08:00,,,,,,,,,,
3151809,秦时明月之夜尽天明,,秦时明月2,剧集/番剧,是,2008,2000 年代,2008-07-17(中国大陆),2008,9.3,9.0 分以上,4.5,34189,1-5 万,动画,武侠,,2,动画 武侠,中国大陆,是,中国大陆,汉语普通话,22,15-30 分钟,18,沈乐平,冯骏骅 / 黄怡晴 / 沈达威 / 刘钦 / 吴磊,15,5145,44,这一部长达百集的系列动漫连续剧。故事取材于秦始皇灭六国到西楚霸王项羽攻陷咸阳这一英雄辈出的历史时期，此后数年间，各种历史传说纷呈迭起，诸子百家也伴随着历史风云横空出世，筑就了一部气势恢宏的故国群英图。少年荆天明如旷野杂草顽强地生长在时代变革的乱世之秋，剑客高渐离、盖聂，隐士墨家及众多豪杰仰天长啸于古华夏天宇。秦始皇、项羽，这些纵横捭阖的旷世英雄和历史人物在一出场时，就给了观众更具时代感的张力表现和视觉冲击。随之而来的诸子百家文化悉数登场：墨家、儒家、法家、道家、兵家、农家、纵横家等等......,https://img9.doubanio.com/view/photo/m_ratio_poster/public/p2285160046.jpg,https://movie.douban.com/subject/3151809/,2026-10-01T17:20:54+08:00,,,,,,,,,,
10491640,甜心格格,,,剧集/番剧,是,2011,2010 年代,2011-10(中国大陆),2011,9.2,9.0 分以上,4.5,17383,1-5 万,动画,儿童,,2,动画 儿童,中国大陆,是,中国大陆,汉语普通话,22,15-30 分钟,52,彭雪梅,廖琦 / 史旭杰 / 田欣伟 / 王睿祥 / 陈萃,10,4325,11,中国某朝代的皇太子一次民间出巡，邂逅了一位民间女子，并生下一个女儿，但却适逢盗贼作乱，皇太子与母女俩失散多年。数年后皇太子已登基为皇帝，与女儿重逢后发觉女儿在民间流落多年，沾染了民间市井之气。皇帝决定将女儿重新教导成一个高贵的格格。但格格早已习惯自由自在的生活，她那顽皮捣蛋的可爱性格却为严肃乏味的皇宫带来了新气象，故事由此而起。,https://img3.doubanio.com/view/photo/m_ratio_poster/public/p2258145822.jpg,https://movie.douban.com/subject/10491640/,2026-10-01T17:20:55+08:00,,,,,,,,,,
1307315,哪吒闹海,,Prince Nezha's Triumph Against Dragon King / Nezha Conquers the Dragon King,电影,是,1979,1990 前,1979-05-19(中国大陆),1979,9.2,9.0 分以上,4.5,315046,10-50 万,动画,奇幻,冒险,3,动画 奇幻 冒险,中国大陆,是,中国大陆,汉语普通话,62,60-100 分钟,,王树忱 / 严定宪 / 徐景达,梁正晖 / 邱岳峰 / 毕克 / 富润生 / 尚华,6,48692,329,商末时期，陈塘关总兵李靖的夫人怀胎3年6个月，最终生下一个肉球，肉球中跳出一个伶俐可爱的男孩。李靖原当他是妖孽欲杀之而后快，幸太乙真人前来收之为徒，赐名哪吒，并赐以乾坤圈和混天绫两件宝贝。某年，天下大旱，甘露未降。哪吒和家将到东海洗澡玩耍。他用混天绫搅动海水，撼动龙宫，惹出巡海夜叉李艮和龙王三太子敖丙。几番言语不和，哪吒杀此二人，由此闯下通天大祸。四海龙王齐聚陈塘关索命，为救一方百姓，哪吒决定交出生命…… 本片根据《封神演义》故事改编，并荣获1980年电影百花奖最佳美术片奖；文化部1979年优秀影片奖、青年优秀创作奖；1983年菲律宾马尼拉国际电影节特别奖；1988年法国布尔波拉斯文化俱乐部青年国际动画电影节评委奖和宽银幕长动画片奖。,https://img9.doubanio.com/view/photo/m_ratio_poster/public/p2532803206.jpg,https://movie.douban.com/subject/1307315/,2026-10-01T17:20:57+08:00,,,,,,,,,,
1428576,葫芦兄弟,,葫芦娃 / The Gourd Brother,剧集/番剧,是,1986,1990 前,1986-01(中国大陆),1986,9.2,9.0 分以上,4.5,152020,10-50 万,动画,儿童,,2,动画 儿童,中国大陆,是,中国大陆,汉语普通话,10,15 分钟以内,13,胡进庆 / 葛桂云 / 周克勤,戴欣 / 朱艺 / 倪以临 / 战车,4,23748,135,一个善良的老爷爷种了一棵葫芦树，在他的悉心照顾下，葫芦藤很快结出了七颗大葫芦。葫芦们都很有灵性，老爷爷来了他们争先恐后的叫爷爷，老爷爷十分开心。然而一天，山里的蛇精将老爷爷捉走了，葫芦们看着十分着急，却也无能为力。随后，葫芦们一个个开始成熟了，一天，最大的那个葫芦掉在地上，一个葫芦娃从里面蹦了出来。他向兄弟们挥挥手，决定单枪匹马闯蛇洞去救出爷爷。他能成功吗？,https://img3.doubanio.com/view/photo/m_ratio_poster/public/p2561717360.jpg,https://movie.douban.com/subject/1428576/,2026-10-01T17:21:00+08:00,,,,,,,,,,
1428581,天书奇谭,,天书奇谭4K纪念版 / The Legend of Sealed Book / Secrets of the Heavenly Book,电影,是,1983,1990 前,1983(中国大陆),1983,9.2,9.0 分以上,4.5,344737,10-50 万,动画,奇幻,,2,动画 奇幻,中国大陆,是,中国大陆,汉语普通话,89,60-100 分钟,,王树忱 / 钱运达,丁建华 / 毕克 / 苏秀 / 程晓桦 / 施融,26,65830,449,天庭有珍奇书籍“天书”，被锁在石龛门里三千年。看守天书的袁公对天书的内容好奇不已，他乘无人之际，偷偷拿出观看。原来，天书上记录了一百〇八条法术，袁公偷偷下凡，把天书上的内容刻在石壁上。但本意造福人类的袁公此举却触犯了天条，遭到了玉帝的惩罚。 炼丹炉里的仙丹不慎被三条狐狸偷吃了，她们变成精下凡骗人钱财，还假扮仙姑和官府勾结，欺压百姓，祸害人间。袁公便指引天赋异禀的蛋生——一个从蛋里跳出来的孩子修习天书上的法术，和狐狸精斗智斗勇，为民除害。,https://img9.doubanio.com/view/photo/m_ratio_poster/public/p2700138245.jpg,https://movie.douban.com/subject/1428581/,2026-10-01T17:21:02+08:00,,,,,,,,,,
1780256,金猴降妖,,孙悟空三打白骨精 / The Monkey King Conquers the Demon,电影,是,1985,1990 前,1985(中国大陆),1985,9.2,9.0 分以上,4.5,18395,1-5 万,剧情,动画,奇幻,3,剧情 动画 奇幻,中国大陆,是,中国大陆,汉语普通话,90,60-100 分钟,,特伟 / 严定宪 / 林文肖,李扬 / 谈鹏飞 / 洪融 / 吴鲁生 / 战车,8,4915,26,话说齐天大圣孙悟空、天篷元帅猪八戒以及卷帘大将沙和尚保护唐僧西天取经，一路上历经千辛万苦，降服妖魔鬼怪无数。这一日，师徒四人来在一片荒山野岭之中。这时一年轻村姑上前求助，孙悟空火眼金睛认出是妖怪白骨精所化，上前将其打跑。然唐三藏肉眼凡胎，嗔怪悟空伤害性命，加上猪八戒煽风点火，紧箍咒念得齐天大圣疼痛难忍。在此之后，白骨精又化作小孩和老头前来诱骗，皆备悟空识破打跑。唐僧恼怒不已，一气之下赶走悟空，由此中了妖怪的奸计…… 本片根据古典名著《西游记》中的故事改编，并荣获1986年中国电影金鸡奖最佳美术片奖；广播电影电视部1985年优秀影片奖；1987年法国布尔波拉斯文化俱乐部青年动画电影节长片奖和大众奖；1989年芝加哥国际儿童电影节动画故事片一等奖。,https://img3.doubanio.com/view/photo/m_ratio_poster/public/p2529053160.jpg,https://movie.douban.com/subject/1780256/,2026-10-01T17:21:04+08:00,,,,,,,,,,
2156771,哪吒传奇,,The Legend of Nezha,剧集/番剧,是,2003,2000 年代,2003-06-01(中国大陆),2003,9.2,9.0 分以上,4.5,79387,5-10 万,动画,儿童,奇幻,3,动画 儿童 奇幻,中国大陆,是,中国大陆,汉语普通话,21,15-30 分钟,52,蔡志军 / 陈家奇,郝幽玥 / 高枫 / 张云龙,3,15120,51,哪吒（郝幽玥配音）尚未出生，就不断遭遇邪恶女魔头石矶（马小灵配音）的暗害。石矶潜伏千年，她帮助残暴的纣王作乱天下，伺机打垮正义力量。哪吒自出生后便力大无穷，生来就拥有神奇的力量。女娲因此选他为与邪恶力量抗衡的正义化身，拯救世人。于是哪吒在女娲、太乙真人和小龙女、小猪熊、雷震子等伙伴们的帮助下，与石矶一方的恶势力展开了惊心动魄的斗争。哪吒在一道道艰险难关中，慢慢磨练成长为一位勇敢坚强的小英雄。 52集优秀国产动画片《哪吒传奇》由中国国际电视总公司制作。本部动画片集神话、童话、传奇于一身，综合了神话传说以及《西游记》、《封神演义》的故事元素而加以改造，并注入了全新的时尚元素，成为近几年来最受儿童喜欢的国产动画片之一。,https://img3.doubanio.com/view/photo/m_ratio_poster/public/p2913958760.jpg,https://movie.douban.com/subject/2156771/,2026-10-01T17:21:06+08:00,,,,,,,,,,
26274367,神兵小将1 下部,,神兵小英雄 / 神兵小将1 第二部分,剧集/番剧,是,2008,2000 年代,2008-02(中国大陆),2008,9.2,9.0 分以上,4.5,16022,1-5 万,动画,儿童,奇幻,3,动画 儿童 奇幻,中国大陆,是,中国大陆,汉语普通话,20,15-30 分钟,26,黄玉郎 / 乔彧,马小冀 / 吴晓蕾 / 刘旭莹,3,1930,2,收复玉龙国、打败天地盟主之后，神兵小将们继续过着和平的生活。 可好景不长，黑暗的势力一刻都没有停止他们的野心，元始天魔把琉璃国的国王变成了黑暗的傀儡（玄天邪帝），并且开始了对玉岛国（玉龙国的姊妹国）进行了侵略。玉岛国元首玉燕的首席侍卫宗主的女儿灵剑双子奉命驾驶女娲星船到玉龙国接南宫逸去支援，没想到南宫逸不在家，反而把问天、问雅、小龙和天晶兽接了过来，玉龙国元首知道了这件事，马上用水晶球通知其他的神兵小将到玉岛国帮助问天，一场正邪大战又开始了......,https://img3.doubanio.com/view/photo/m_ratio_poster/public/p2219780089.jpg,https://movie.douban.com/subject/26274367/,2026-10-01T17:21:07+08:00,,,,,,,,,,
26584425,米老鼠和唐老鸭,,米老鼠和唐老鸭 中国配音版 / 米老鼠与唐老鸭 / Mickey Mouse and Donald Duck / Walt Disneys' Mickey and Donald,剧集/番剧,是,1986,1990 前,1986-10-26(中国大陆),1986,9.2,9.0 分以上,4.5,16149,1-5 万,喜剧,动画,,2,喜剧 动画,美国 / 中国大陆,是,美国,汉语普通话,10,15 分钟以内,104,华特·迪士尼,董浩 / 李扬,2,3079,8,1984年，迪士尼与央视达成协议播放《米老鼠和唐老鸭》，这项合作受到了双方的隆重礼遇。当时迪士尼公司刚刚上任的CEOMichael Eisner （迈克尔·艾斯纳）亲自来北京，和当时国家广电部副部长一起出席了在长城饭店举行的发布会。艾斯纳当时曾说“《米老鼠和唐老鸭》进入 中国具有标志性意义。” 迪士尼国际配音公司在中国进行了大量的配音甄选工作，最后由董浩担任米老鼠配音，李扬担任唐老鸭配音。 该版《米老鼠和唐老鸭》自1986年起，在当时的中央电视台1套播出，每天15分钟。其中节目汇集了迪士尼1930年代的很多米老鼠卡通。该节目仅仅播出了1年。但是深深的影响了一代（甚至几代）中国人，并且为迪士尼公司在中国的发展奠定了基础。,https://img9.doubanio.com/view/photo/m_ratio_poster/public/p2260414786.jpg,https://movie.douban.com/subject/26584425/,2026-10-01T17:21:09+08:00,,,,,,,,,,
26946612,狐妖小红娘剧场版：王权富贵,,王权富贵 总集篇,电影,是,2016,2010 年代,2016-05-20(中国大陆),2016,9.2,9.0 分以上,4.5,19790,1-5 万,剧情,喜剧,爱情,3,剧情 喜剧 爱情,中国大陆,是,中国大陆,汉语普通话,160,100 分钟以上,,王昕,杨天翔 / 刘校妤 / 乔诗语 / 魏超 / 阎萌萌,7,4353,21,"《狐妖小红娘》王权富贵总集篇,160分钟超长篇,520倾情巨献——万水千山,你愿意和我一起看吗?",https://img3.doubanio.com/view/photo/m_ratio_poster/public/p2409467410.jpg,https://movie.douban.com/subject/26946612/,2026-10-01T17:21:11+08:00,,,,,,,,,,
26972694,狐妖小红娘剧场版：月红篇,,狐妖小红娘3 月红篇,电影,是,2016,2010 年代,2016-06-24(中国大陆),2016,9.2,9.0 分以上,4.5,19699,1-5 万,爱情,动画,奇幻,3,爱情 动画 奇幻,中国大陆,是,中国大陆,汉语普通话,227,100 分钟以上,,王昕 / 董易,杨天翔 / 刘校妤 / 张杰 / 张予佟 / 张凯,8,3942,19,根据古典小说记载，世上有人有妖，妖会与人相恋，妖寿命千万年，人的寿命有限，人死了，妖活着。人会投胎转世，但投胎以后，不记得上辈子的爱。妖如果痴情的话，就去找狐妖“购买”一项服务，让投胎转世的人，回忆起前世的爱。,https://img3.doubanio.com/view/photo/m_ratio_poster/public/p2913292868.jpg,https://movie.douban.com/subject/26972694/,2026-10-01T17:21:13+08:00,,,,,,,,,,
3278993,围棋少年,,,剧集/番剧,是,2005,2000 年代,2005-07-28(中国大陆),2005,9.2,9.0 分以上,4.5,41620,1-5 万,剧情,动画,儿童,3,剧情 动画 儿童,中国大陆,是,中国大陆,汉语普通话,22,15-30 分钟,26,马风清,徐刚 / 沈达威 / 李晔 / 童自荣,4,8524,48,故事发生在明朝末年，倭寇入侵，围棋界也遭受了前所未有的撼动和打击，代表着正义的围棋精神和代表着邪恶的围棋精神激烈交锋，平静的表象之下弥漫着浓烈的硝烟。江流儿（徐刚 配音）被父亲寄养在凌云寺，在那里，江流儿展现出了杰出的围棋天赋，受到了老和尚圆德（王肖兵 配音）的赏识。 江流儿的父亲江灵运身为朝廷官员，在调查妖刀王（袁国庆 配音）通寇一案时发现了其中的蹊跷，随后被暗杀，江流儿成为了孤儿。在圆德和尚的鼓励之下，江流儿正式走入了围棋界，决心参加界内最权威的比赛——围棋国手大赛。然而，单纯善良的江流儿不谙世事，遭到了西金棋院的利用，他就像棋坛中的一颗炸弹，散发出了无穷的破坏力。,https://img3.doubanio.com/view/photo/m_ratio_poster/public/p2412707593.jpg,https://movie.douban.com/subject/3278993/,2026-10-01T17:21:15+08:00,,,,,,,,,,
3418557,三毛流浪记,,,剧集/番剧,是,2006,2000 年代,2006-01-26(中国大陆),2006,9.2,9.0 分以上,4.5,30987,1-5 万,动画,儿童,,2,动画 儿童,中国大陆,是,中国大陆,汉语普通话,25,15-30 分钟,26,朱敏 / 王柏荣,张凯 / 腾腾 / 白雪岑 / 王凯 / 鲍大志,9,5364,13,三毛自幼失去了父母成为了无家可归的流浪儿，他日日风餐露宿孤苦伶仃，靠着捡烟头的零星收入维持生计。某日，三毛遇见了善良的面粉大王吴子福，吴子福慷慨的资助了三毛，使三毛的日子稍微好过了起来。然而，这种状况没有维持多久，吴子福便跳楼身亡。 吴子福的死亡引起了报社记者侯逸文的注意，他觉得这起事件绝非表面所看到的那么简单，他决定调查事件的真相。与此同时，三毛找来了一套擦鞋的工具，开始了他的擦鞋匠生涯，在此过程中，三毛饱受欺凌和侮辱，但他仍然凭借着自己的智慧和正义感戳穿了修车人的阴谋，不想却遭到了后者的报复。,https://img2.doubanio.com/view/photo/m_ratio_poster/public/p2547566801.jpg,https://movie.douban.com/subject/3418557/,2026-10-01T17:21:16+08:00,,,,,,,,,,
35178776,雾山五行·犀川幻紫林,,雾山五行2 / 雾山五行 第二篇 / 雾山五行之犀川幻紫林篇 / Fog Hill of Five Elements Chapter 2,剧集/番剧,是,2023,2020 年代,2023-07-26(中国大陆),2023,9.2,9.0 分以上,4.5,54884,5-10 万,动作,动画,奇幻,3,动作 动画 奇幻,中国大陆,是,中国大陆,汉语普通话,35,30-60 分钟,4,林魂,郭盛 / 姜英俊 / 林魂 / 阎么么 / 李兰陵,13,16065,76,上古时期妖兽纵横，一位神秘道人分别授予了阴阳五行的特殊能力给金木水火土五个家族来抵抗妖兽。他们将妖兽驱赶到神隐雾山之中，设立结界。雾山之中另有强大灵力的麒麟兽常常吸引来那些想要提升妖力突破结界的妖兽们，因此自愿被封印于巨阙神盾之中。火行使者闻人翊悬为救其母私自打开了巨阙神盾，小麒麟趁机偷溜出来，妖兽界将掀起一股腥风血雨……,https://img3.doubanio.com/view/photo/m_ratio_poster/public/p2893658260.jpg,https://movie.douban.com/subject/35178776/,2026-10-01T17:21:18+08:00,,,,,,,,,,
35639345,枕刀歌 第二季,,枕刀歌之将军卸印 / Song of the Bladesman Ⅱ,剧集/番剧,是,2023,2020 年代,2023-12-05(中国大陆),2023,9.2,9.0 分以上,4.5,12986,1-5 万,剧情,动作,动画,3,剧情 动作 动画,中国大陆,是,中国大陆,汉语普通话,20,15-30 分钟,14,薛锦胜,叶清 / 沈磊 / 周扬 / 陈奕雯 / 林强,29,5105,36,何方知与阿牙循着线索一路探寻，终于找到了借刀杀人除掉林大人的幕后之人。此后，上凤鸣山，受凤阁主所托，前去西北救一人……在这一路上，何方知又遇到了形形色色的人，他们或居庙堂之上，或处江湖之中，每个人都有自己的选择，都在用自己的方式，坚持自己相信的东西……,https://img2.doubanio.com/view/photo/m_ratio_poster/public/p2925055881.jpg,https://movie.douban.com/subject/35639345/,2026-10-01T17:21:20+08:00,,,,,,,,,,
21348822,生肖传奇之十二生肖闯江湖,,Kung Fu Masters of the Zodiac: Origins of the Twelve,剧集/番剧,是,2012,2010 年代,2012(中国大陆),2012,9.1,9.0 分以上,4.5,14249,1-5 万,动画,儿童,奇幻,3,动画 儿童 奇幻,中国大陆,是,中国大陆,汉语普通话,12,15 分钟以内,52,丁亮,万丹青 / 张秉君 / 王雨暄 / 谭笑 / 胡婷 Ting Hu,5,2125,4,《生肖传奇之十二生肖闯江湖》共52集， 每集12分钟。全剧以玉帝委命灶王爷到凡 间寻找大地守护神开篇，精彩演绎了十二 生肖克服千难万险，经受重重考验，通 过泰山选圣，晋升为十二圣兽的传奇。 玉帝任命灶王爷前往凡间寻找十二位大地 守护神，这让身居仙班末位的灶王爷诚惶 诚恐。他奉旨而行，却因为与老鼠小贼多 来米的误打误撞，将选圣一事昭告天下。 于是，故事的主角——十二生肖悉数登 场，他们怀着各自的向往和理想，奔赴选 圣赛场：泰山。 风尘仆仆的十二生肖，历经风光迥异的地 方，领略风俗各异的民情，从一路的奇闻 趣事与艰难险阻中不断学习与领悟，成长 为品德高尚的典范。 在泰山的选圣比武大会上，他们以各自独 特的方式打败了对手，赢得了所有人的尊 重和认可，最终成为当之无愧的“十二圣 兽”。,https://img9.doubanio.com/view/photo/m_ratio_poster/public/p2571180855.jpg,https://movie.douban.com/subject/21348822/,2026-10-01T17:21:21+08:00,,,,,,,,,,
22735528,神兵小将1 上部,,神兵小英雄 / 神兵小将 第一部,剧集/番剧,是,2007,2000 年代,2007-10-04(中国大陆),2007,9.1,9.0 分以上,4.5,41543,1-5 万,动作,动画,儿童,3,动作 动画 儿童,中国大陆 / 中国香港,是,中国大陆,汉语普通话,22,15-30 分钟,26,黄玉郎 / 方锦历 / 刘彦婷,马小冀 / 刘旭莹 / 杨莹 / 吴晓蕾 / 王凯,5,7058,11,女娲娘娘为了造福人间，创造出了能够帮助人类的神兽，哪知道邪恶而又贪婪的元始天魔利用了善良的神兽，将它们污染变为了残暴的魔兽，驱使它们祸害人间，企图就此成为统治世界的霸主。 问天（马小冀 配音）是南宫城城主的儿子，一次偶然之中，他得到了神兽天晶兽（王凯 配音），让问天没有想到的是，天晶兽竟然幻化成为了神兵，拥有着足以打败魔兽的强大力量。与此同时，问天的妹妹问雅（刘旭莹 配音）从母亲的血脉里遗传了净化之力，能够净化遭到黑暗力量侵蚀的神兽，在兄妹两人无间的配合之下，正义的势力逐渐的壮大起来。元始天魔眼看阴谋无法得逞，于是召唤出了更加强大的敌人玄天邪帝。,https://img3.doubanio.com/view/photo/m_ratio_poster/public/p2603922030.jpg,https://movie.douban.com/subject/22735528/,2026-10-01T17:21:23+08:00,,,,,,,,,,
30371751,伍六七之最强发型师,,刺客伍六七 第二季 / 刺客伍六七 第2季 / 伍六七 第二季 / Scissor Seven / Killer Seven Ⅱ,剧集/番剧,是,2019,2010 年代,2019-10-23(中国大陆),2019,9.1,9.0 分以上,4.5,96713,5-10 万,剧情,喜剧,动作,3,剧情 喜剧 动作,中国大陆,是,中国大陆,汉语普通话,15,15 分钟以内,10,何小疯,何小疯 / 姜广涛 / 段艺璇 / 宝木中阳 / 刘小倩,5,18509,65,全片以主人公伍六七寻找失去的记忆为故事主线，配合角色与角色之间的爱恨情仇组成的支线贯穿始终。通过讲述主人公在帮助别人和寻找自我的过程中，认识不同的人，与不同角色之间发生的有趣的，最终用爱化解仇恨与偏见的故事，想带给观众欢乐的同时表达对生活的热爱，爱与包容可以化解一切。,https://img9.doubanio.com/view/photo/m_ratio_poster/public/p2571634144.jpg,https://movie.douban.com/subject/30371751/,2026-10-01T17:21:24+08:00,,,,,,,,,,
34896010,画江湖之不良人4,,画江湖之不良人Ⅳ / 画江湖之不良人 第四季 / 画江湖之不良人 第4季,剧集/番剧,是,2021,2020 年代,2021-04-29(中国大陆),2021,9.1,9.0 分以上,4.5,59848,5-10 万,动作,动画,武侠,3,动作 动画 武侠,中国大陆,是,中国大陆,汉语普通话,27,15-30 分钟,13,舒奕橙,边江 / 申秋香 / 赵毅 / 阎萌萌 / 赵梦娇,7,18703,151,《画江湖之不良人 第4季》热血回归，十万大山危机四伏，苗疆之行艰难险阻。 神秘的十二峒有着怎样不为人知的秘密？面对强大的各方势力，李星云等人能否全身而退？此段神秘莫测的苗疆之旅，即将启程...,https://img3.doubanio.com/view/photo/m_ratio_poster/public/p2619010287.jpg,https://movie.douban.com/subject/34896010/,2026-10-01T17:21:26+08:00,,,,,,,,,,
1291561,千与千寻,千と千尋の神隠し,神隐少女(台) / 千与千寻的神隐 / Spirited Away / A Voyage of Chihiro / Sen to Chihiro no kamikakushi,电影,是,2001,2000 年代,2019-06-21(中国大陆),2019,9.4,9.0 分以上,4.5,2573025,50 万+,剧情,动画,奇幻,3,剧情 动画 奇幻,日本,否,日本,日语,125,100 分钟以上,,宫崎骏,柊瑠美 / 入野自由 / 夏木真理 / 菅原文太 / 中村彰男,14,480488,7681,千寻和爸爸妈妈一同驱车前往新家，在郊外的小路上不慎进入了神秘的隧道——他们去到了另外一个诡异世界—一个中世纪的小镇。远处飘来食物的香味，爸爸妈妈大快朵颐，孰料之后变成了猪！这时小镇上渐渐来了许多样子古怪、半透明的人。 千寻仓皇逃出，一个叫小白的人救了他，喂了她阻止身体消 失的药，并且告诉她怎样去找锅炉爷爷以及汤婆婆，而且必须获得一份工作才能不被魔法变成别的东西。 千寻在小白的帮助下幸运地获得了一份在浴池打杂的工作。渐渐她不再被那些怪模怪样的人吓倒，并从小玲那儿知道了小白是凶恶的汤婆婆的弟子。 一次，千寻发现小白被一群白色飞舞的纸人打伤，为了救受伤的小白，她用河神送给她的药丸驱出了小白身体内的封印以及守封印的小妖精，但小白还是没有醒过来。 为了救小白，千寻又踏上了她的冒险之旅。,https://img3.doubanio.com/view/photo/m_ratio_poster/public/p2557573348.jpg,https://movie.douban.com/subject/1291561/,2026-10-01T17:32:24+08:00,,,,,,,,,,
2131459,机器人总动员,WALL·E,太空奇兵·威E(港) / 瓦力(台) / 星际总动员 / 地球废品分装员 / 机器人瓦力 / walle,电影,是,2008,2000 年代,2026-08-19(中国大陆),2026,9.3,9.0 分以上,4.5,1526141,50 万+,科幻,动画,冒险,3,科幻 动画 冒险,美国,否,美国,英语,98,60-100 分钟,,安德鲁·斯坦顿,本·贝尔特 / 艾丽莎·奈特 / 杰夫·格尔林 / 佛莱德·威拉特 / 西格妮·韦弗,25,283068,3676,公元2805年，人类文明高度发展，却因污染和生活垃圾大量增加使得地球不再适于人类居住。地球人被迫乘坐飞船离开故乡，进行一次漫长无边的宇宙之旅。临行前他们委托Buynlarge的公司对地球垃圾进行清理，该公司开发了名为WALL·E（Waste Allocation Load Lifters – Earth 地球废品分装员）的机器人担当此重任。 这些机器人按照程序日复一日、年复一年辛勤工作，但随着时间的流逝和恶劣环境的侵蚀，WALL·E们接连损坏、停止运动。最后只有一个仍在进行这项似乎永无止境的工作。经历了漫长的岁月，它开始拥有了自己的意识。它喜欢将收集来的宝贝小心翼翼藏起，喜欢收工后看看几百年前的歌舞片，此外还有一只蟑螂朋友作伴。直到有一天，一艘来自宇宙的飞船打破了它一成不变的生活…… 本片荣获2009年第81届奥斯卡最佳动画长片奖。,https://img3.doubanio.com/view/photo/m_ratio_poster/public/p2934742160.jpg,https://movie.douban.com/subject/2131459/,2026-10-01T17:32:25+08:00,2026-10-01,396.4万,<0.1%,<0.1%,6.6%,4.9,16,36,上映44天,"科幻,动画,冒险"
25662329,疯狂动物城,Zootopia,优兽大都会(港) / 动物方城市(台) / 动物乌托邦 / 动物大都会 / Zootropolis,电影,是,2016,2010 年代,2016-03-04(中国大陆),2016,9.3,9.0 分以上,4.5,2360110,50 万+,喜剧,动画,冒险,3,喜剧 动画 冒险,美国,否,美国,英语 / 挪威语,109,100 分钟以上,,拜伦·霍华德 / 瑞奇·摩尔 / 杰拉德·布什,金妮弗·古德温 / 杰森·贝特曼 / 伊德瑞斯·艾尔巴 / 珍妮·斯蕾特 / 内特·托伦斯,33,480517,4820,故事发生在一个所有哺乳类动物和谐共存的美好世界中，兔子朱迪（金妮弗·古德温 Ginnifer Goodwin 配音）从小就梦想着能够成为一名惩恶扬善的刑警，凭借着智慧和努力，朱迪成功的从警校中毕业进入了疯狂动物城警察局，殊不知这里是大型肉食类动物的领地，作为第一只，也是唯一的小型食草类动物，朱迪会遇到怎样的故事呢？ 近日里，城中接连发生动物失踪案件，就在全部警员都致力于调查案件真相之时，朱迪却被局长（伊德瑞斯·艾尔巴 Idris Elba 配音）发配成为了一名无足轻重的交警。某日，正在执勤的兔子遇见了名为尼克（杰森·贝特曼 Jason Bateman 配音）的狐狸，两人不打不相识，之后又误打误撞的接受了寻找失踪的水獭先生的任务，如果不能在两天之内找到水獭先生，朱迪就必须自愿离开警局。朱迪找到了尼克，两人联手揭露了一个隐藏在疯狂动物城之中的惊天秘密。,https://img9.doubanio.com/view/photo/m_ratio_poster/public/p2924128964.jpg,https://movie.douban.com/subject/25662329/,2026-10-01T17:32:27+08:00,,,,,,,,,,
1291560,龙猫,となりのトトロ,邻居托托罗 / 邻家的豆豆龙 / 隔壁的特特罗 / Tonari no Totoro / My Neighbor Totoro,电影,是,1988,1990 前,2018-12-14(中国大陆),2018,9.2,9.0 分以上,4.5,1429053,50 万+,动画,奇幻,冒险,3,动画 奇幻 冒险,日本,否,日本,日语,86,60-100 分钟,,宫崎骏,日高范子 / 坂本千夏 / 糸井重里 / 岛本须美 / 北林谷荣,21,266912,2869,小月的母亲生病住院了，父亲带着她与四岁的妹妹小梅到乡间的居住。她们对那里的环境都感到十分新奇，也发现了很多有趣的事情。她们遇到了很多小精灵，她们来到属于她们的环境中，看到了她们世界中很多的奇怪事物，更与一只大大胖胖的龙猫成为了朋友。龙猫与小精灵们利用他们的神奇力量，为小月与妹妹带来了很多神奇的景观，令她们大开眼界。 妹妹小梅常常挂念生病中的母亲，嚷着要姐姐带着她去看母亲，但小月拒绝了。小梅竟然自己前往，不料途中迷路了，小月只好寻找她的龙猫及小精灵朋友们帮助。,https://img9.doubanio.com/view/photo/m_ratio_poster/public/p2540924496.jpg,https://movie.douban.com/subject/1291560/,2026-10-01T17:32:29+08:00,,,,,,,,,,
1291583,天空之城,天空の城ラピュタ,天空之城拉普他 / 空中城堡拉普他 / Tenkû no shiro Rapyuta / Laputa: Castle in the Sky,电影,是,1986,1990 前,1992-05-01(中国大陆),1992,9.2,9.0 分以上,4.5,1023072,50 万+,动画,奇幻,冒险,3,动画 奇幻 冒险,日本,否,日本,日语,125,100 分钟以上,,宫崎骏,田中真弓 / 横泽启子 / 初井言荣 / 寺田农 / 常田富士男,12,176299,1918,古老帝国拉普达是一座漂浮在空中的巨大的机器岛，传说那里已经无人居住，蕴藏着巨大的财富。因此，无论军方还是海盗，都在找寻着这座传说中的飞行岛。 矿工巴鲁这天偶遇拉普达继承人希达，两人一见如故。因为希达身上有找寻拉普达帝国的重要物件飞行石，军方和海盗两帮人马都在追杀希达。巴鲁带着希达一起逃亡，最终都没有逃出军方的手中，希达被军队掳走了。 为救朋友，只能选择与海盗合作。巴鲁与海盗成功救出了希达，同时，他们也发现了军方的邪恶计划。为了阻止军方邪恶计划的实施，他们和海盗一起踏上了寻找拉普达之旅。,https://img2.doubanio.com/view/photo/m_ratio_poster/public/p2892409201.jpg,https://movie.douban.com/subject/1291583/,2026-10-01T17:32:31+08:00,,,,,,,,,,
1301753,狮子王,The Lion King,狮子王3D,电影,是,1994,1990 年代,1995-07-15(中国大陆),1995,9.1,9.0 分以上,4.5,975571,50 万+,动画,歌舞,冒险,3,动画 歌舞 冒险,美国,否,美国,英语 / 斯瓦希里语 / 科萨语 / 祖鲁语,89,60-100 分钟,,罗杰·阿勒斯 / 罗伯·明可夫,乔纳森·泰勒·托马斯 / 马修·布罗德里克 / 杰瑞米·艾恩斯 / 詹姆斯·厄尔·琼斯 / 莫伊拉·凯利,10,129447,749,辛巴是狮子王国的小王子，他的父亲穆法沙是一个威严的国王。然而叔叔刀疤却对穆法沙的王位觊觎已久。 要想坐上王位宝座，刀疤必须除去小王子。于是，刀疤利用种种借口让辛巴外出，然后伺机大开杀戒，无奈被穆法沙即时来救。在反复的算计下，穆法沙惨死在刀疤手下，刀疤别有用心的劝辛巴离开，一方面派人将他赶尽杀绝。 辛巴逃亡中遇到了机智的丁满和善良的彭彭，他们抚养辛巴长成雄壮的大狮子，鼓励他回去森林复国。在接下来一场复国救民的斗争中，辛巴真正长成一个坚强的男子汉，领会了责任的真谛。,https://img3.doubanio.com/view/photo/m_ratio_poster/public/p726659067.jpg,https://movie.douban.com/subject/1301753/,2026-10-01T17:32:34+08:00,,,,,,,,,,
1308807,哈尔的移动城堡,ハウルの動く城,哈尔移动城堡(港) / 霍尔的移动城堡(台) / 呼啸山城 / 豪尔的机动城堡 / Howl's Moving Castle / Hauru no ugoku shiro,电影,是,2004,2000 年代,2024-04-30(中国大陆),2024,9.1,9.0 分以上,4.5,1315629,50 万+,爱情,动画,奇幻,3,爱情 动画 奇幻,日本,否,日本,日语,119,100 分钟以上,,宫崎骏,倍赏千惠子 / 木村拓哉 / 美轮明宏 / 我修院达也 / 神木隆之介,11,262028,2589,继母因无力负担生活，将苏菲和她的两个妹妹都送到了制帽店去当学徒。两个妹妹很快先后就离开了制帽店去追寻各自的梦想，只有苏菲坚持了下来。一天，小镇旁边来了一座移动堡垒，传说堡垒的主人哈尔专吸取年青姑娘的灵魂，所以小镇的姑娘都不敢靠近。 一个恶毒的巫婆为了报复苏菲与哈尔见面，用巫术把她变成了一个80岁的老太婆，而且苏菲还不能对别人说出自己身中的巫术。无奈，苏菲决定独自一人逃离小镇。天黑了，虚弱的苏菲没走多远，来到了移动城堡。心想自己已经是老太婆了，苏菲壮着胆子走进了城堡。不想，遇到了和她遭遇相同的火焰魔。两人约定彼此帮助对方打破各自的咒语……,https://img9.doubanio.com/view/photo/m_ratio_poster/public/p2907583906.jpg,https://movie.douban.com/subject/1308807/,2026-10-01T17:32:36+08:00,,,,,,,,,,
20495023,寻梦环游记,Coco,玩转极乐园(港) / 可可夜总会(台) / 亡灵总动员(豆友译名) / 冥冥之中(豆友译名) / 墨西哥亡灵节 / 可可,电影,是,2017,2010 年代,2017-11-24(中国大陆),2017,9.1,9.0 分以上,4.5,2028990,50 万+,喜剧,动画,音乐,3,喜剧 动画 音乐,美国,否,美国,英语 / 西班牙语,105,100 分钟以上,,李·昂克里奇 / 阿德里安·莫利纳,安东尼·冈萨雷斯 / 盖尔·加西亚·贝纳尔 / 本杰明·布拉特 / 阿兰娜·乌巴赫 / 芮妮·维克托,23,508905,7968,热爱音乐的米格尔（安东尼·冈萨雷兹 Anthony Gonzalez 配音）不幸地出生在一个视音乐为洪水猛兽的大家庭之中，一家人只盼着米格尔快快长大，好继承家里传承了数代的制鞋产业。一年一度的亡灵节即将来临，每逢这一天，去世的亲人们的魂魄便可凭借着摆在祭坛上的照片返回现世和生者团圆。 在一场意外中，米格尔竟然穿越到了亡灵国度之中，在太阳升起之前，他必须得到一位亲人的祝福，否则就将会永远地留在这个世界里。米格尔决定去寻找已故的歌神德拉库斯（本杰明·布拉特 Benjamin Bratt 配音），因为他很有可能就是自己的祖父。途中，米格尔邂逅了落魄乐手埃克托（盖尔·加西亚·贝纳尔 Gael García Bernal 配音），也渐渐发现了德拉库斯隐藏已久的秘密。,https://img2.doubanio.com/view/photo/m_ratio_poster/public/p2505426431.jpg,https://movie.douban.com/subject/20495023/,2026-10-01T17:32:38+08:00,,,,,,,,,,
2129039,飞屋环游记,Up,冲天救兵(港) / 天外奇迹(台) / 飞屋历险记,电影,是,2009,2000 年代,2009-08-04(中国大陆),2009,9.1,9.0 分以上,4.5,1523161,50 万+,剧情,喜剧,动画,3,剧情 喜剧 动画,美国,否,美国,英语,96,60-100 分钟,,彼特·道格特 / 鲍勃·彼德森,爱德华·阿斯纳 / 克里斯托弗·普卢默 / 乔丹·长井 / 鲍勃·彼德森 / 德尔罗伊·林多,16,251134,3372,小男孩卡尔（Carl Fredricksen）怀揣着对于冒险的热爱偶遇假小子艾丽（Ellie），而艾丽把整个屋子当成一艘大飞船游戏居然使他对这个女孩子有些着迷，相同的爱好最终使两个人成为了一生的爱侣。 他们有一个梦想，那就是有朝一日要去南美洲的“仙境瀑布”探险，但直到艾丽去世，这个梦想也未能实现。终于有一天，曾经专卖气球的老人卡尔居然用五颜六色的气球拽着他的房子飞上了天空，他决定要去实现他们未曾实现的梦想。令卡尔始料不及的是，门廊居然搭上了一个自称是“荒野开拓者”的小男孩小罗（Russell），小罗的喋喋不休让卡尔对这个小胖墩格外讨厌。 一老一少在飞行中经过了千难万险终于看到了传说中的“仙境瀑布”，在相处过程中卡尔发现小罗其实是个惹人怜爱的孩子。在步行穿越一座森林时，他们遇到了不会飞的大鸟凯文（Kevin）和一只会说话的狗狗逗逗（Dug），让老人惊讶的是他们还遇到了他少年的崇拜偶像——探险家查尔斯·蒙兹（Charles Muntz），而且他发现蒙兹居然是一个为达目的不择手段的坏人。这时，老人离自己的梦想之地只有一步之遥…… 本片荣获第82届奥斯卡最佳动画长片、最佳配乐2项大奖。,https://img9.doubanio.com/view/photo/m_ratio_poster/public/p485887754.jpg,https://movie.douban.com/subject/2129039/,2026-10-01T17:32:40+08:00,,,,,,,,,,
35426925,机器人之梦,Robot Dreams,再见机器人(台) / 汪汪梦里人(港) / Mon ami robot,电影,是,2023,2020 年代,2024-06-08(中国大陆),2024,9.1,9.0 分以上,4.5,467424,10-50 万,剧情,动画,音乐,3,剧情 动画 音乐,西班牙 / 法国,否,西班牙,无对白,102,100 分钟以上,,巴勃罗·贝格尔,伊万·拉班达,1,188890,2107,一只孤独的小狗遇到了一个机器人，偌大的城市中，他们互相依靠，温暖彼此。然而一次意外让小狗和机器人遗憾错过，从此他们只能把对彼此的想念藏进梦中。只是，反复梦见的人，还会重逢吗？ 影片改编自Sara Varon的漫画。,https://img3.doubanio.com/view/photo/m_ratio_poster/public/p2928203369.jpg,https://movie.douban.com/subject/35426925/,2026-10-01T17:32:42+08:00,,,,,,,,,,
36017435,凡人修仙传：初入星海,,凡人修仙传 第61-72集 / 凡人修仙传年番1初入星海 / 凡人修仙传 第二季之初入星海 / 凡人修仙传之乱星海篇 / 凡人修仙传：乱星海 / A Mortal's Journey,剧集/番剧,是,2022,2020 年代,2022-07-31(中国大陆),2022,9.1,9.0 分以上,4.5,39089,1-5 万,动作,动画,奇幻,3,动作 动画 奇幻,中国大陆,是,中国大陆,汉语普通话,20,15-30 分钟,12,王裕仁 / 赵侠,钱文青 / 李诗萌 / 郭浩然 / 徐佳琦 / 刘三木,5,6825,32,看机智的凡人小子韩立如何稳健发展、步步为营，战魔道、夺至宝、驰骋星海、快意恩仇，成为纵横三界的强者。他日仙界重相逢，一声道友尽沧桑。,https://img3.doubanio.com/view/photo/m_ratio_poster/public/p2881861577.jpg,https://movie.douban.com/subject/36017435/,2026-10-01T17:32:45+08:00,,,,,,,,,,
1428577,九色鹿,,The Nine-Colored Deer / 鹿王本生,电影,是,1981,1990 前,1981,1981,9.0,9.0 分以上,4.5,105450,10-50 万,剧情,动画,短片,3,剧情 动画 短片,中国大陆,是,中国大陆,汉语普通话,25,15-30 分钟,,钱家骏 / 戴铁郎,丁建华 / 杨成纯 / 程晓桦 / 于鼎,4,13834,78,在敦煌莫高窟，保存着古代无数不知姓氏艺术家的手绘珍品，本动画片所讲述的，是其中一个古老而优美的故事画赞。 看到波斯商人在荒无人烟的戈壁滩上迷路时，九色鹿为他们指点了方向，花喜鹊得知此事后，埋怨九色鹿做事草率，它担心手拿刀枪的波斯商人会把九色鹿的故事说出去。不久，九色鹿救下落水的弄蛇人，告诉他不要将看到自己的事情说出去，弄蛇人对天发誓会保守秘密。波斯商人拜见国王时，果然如花喜鹊所担心的，讲了他们在荒漠中的奇遇，王后听到，执意要用九色鹿的鹿皮做衣裳，其后，国王张贴布告，说捕到九色鹿者封官重赏。弄蛇人犹豫一番，见利忘义向国王高密，在遍地寻不着九色鹿的情况下他假装落水，九色鹿闻声赶来。,https://img3.doubanio.com/view/photo/m_ratio_poster/public/p2331868079.jpg,https://movie.douban.com/subject/1428577/,2026-10-01T17:32:46+08:00,,,,,,,,,,
1431947,雪孩子,,雪孩子——小兔淘淘的故事,电影,是,1980,1990 前,1980(中国大陆),1980,9.0,9.0 分以上,4.5,87960,5-10 万,动画,短片,,2,动画 短片,中国大陆,是,中国大陆,汉语普通话,20,15-30 分钟,,林文肖,丁建华,1,14927,94,窗外冰天雪地，小白兔的家却因有火非常温暖。兔妈妈发现吃的萝卜只剩很小的一个时，准备出门去找，小白兔吵嚷着也要去，兔妈妈担心它受冷感冒，要它安心呆在屋里烤火，小白兔觉得一个人在家很没有意思，兔妈妈想出堆个雪孩子陪它玩的办法。 雪孩子堆好后，母子两个又精心将它装扮了一番，小白兔有了漂亮的玩伴，不再喊着要跟妈妈一块去找萝卜。小白兔和雪孩子玩耍了好大一会，发现雪孩子很冷，便邀请它进屋烤火，雪孩子忙摆手，小白兔恍然大悟它是不怕冷的。后来，火烧着了小白兔的房子，雪孩子为救小白兔，奋不顾身地冲进了房子里。,https://img9.doubanio.com/view/photo/m_ratio_poster/public/p2928176565.jpg,https://movie.douban.com/subject/1431947/,2026-10-01T17:32:48+08:00,,,,,,,,,,
21359690,熊出没之过年,,Boonie Bears: Homeward Journey,电影,是,2013,2010 年代,2013-02-08(中国大陆),2013,9.0,9.0 分以上,4.5,86555,5-10 万,剧情,喜剧,动画,3,剧情 喜剧 动画,中国大陆,是,中国大陆,汉语普通话,68,60-100 分钟,,丁亮,张秉君 / 张伟 / 辛媛 / 万丹青 / 谭笑,7,25097,133,春节将至，外出工作的人都归心似箭，匆匆赶回家中和亲人团聚。光头强（谭笑 配音）因为没钱买回家的车票，只能替李老板（张伟 配音）砍树来赚取路费。熊大（张伟 配音）和熊二（张秉君 配音）得知他们赖以生存的家园又要遭到光头强的破坏，于是组织了一干动物们，在光头强砍树的机器上做 了手脚，机器坏了，光头强砍树的计划自然泡了汤。 无法砍树，拿不到工钱，这也就意味着光头强可能今年没办法回家过年了。得知此事，熊大和熊二动了恻隐之心，尽管光头强和他们平日里斗智斗勇，是一对冤家，但两头熊还是决定在这个节骨眼上帮助他。它们将坏掉的伐木机改装成为了汽车，打晕了光头强想要送他回家，由此引发了一连串的笑话。,https://img9.doubanio.com/view/photo/m_ratio_poster/public/p2236922385.jpg,https://movie.douban.com/subject/21359690/,2026-10-01T17:32:49+08:00,,,,,,,,,,
26184588,天行九歌,,天行九歌第一篇之心之逆鳞,剧集/番剧,是,2016,2010 年代,2016-03-10(中国大陆),2016,9.0,9.0 分以上,4.5,35432,1-5 万,剧情,动画,历史,3,剧情 动画 历史,中国大陆,是,中国大陆,汉语普通话,20,15-30 分钟,90,金蕾,赵路 / 吴磊 / 翟巍 / 黄莺 / 孟祥龙,10,10125,156,战国末年，内忧外患的韩国，发生了一件离奇诡谲的案件，军饷神秘消失，鬼影重重，涉案之人先后死于非命。 韩非、张良、卫庄，这三个拥有绝世之才的人，命运交织在了一起，面对重重迷雾，他们赫然发现韩国的未来危如累卵。 那紫雾背后的冷峻眼神，已看出这棋局的胜负了吗？,https://img3.doubanio.com/view/photo/m_ratio_poster/public/p2563882358.jpg,https://movie.douban.com/subject/26184588/,2026-10-01T17:32:51+08:00,,,,,,,,,,
3062897,葫芦兄弟,,葫芦兄弟电影版 / Calabash Brothers,电影,是,2008,2000 年代,2008-05-27,2008,9.0,9.0 分以上,4.5,85600,5-10 万,动画,,,1,动画,中国大陆,是,中国大陆,汉语普通话,83,60-100 分钟,,胡进庆 / 周克勤 / 葛桂云,,0,18456,116,在很久以前，某座山中蛇精和蝎子精为害人间，它们的恶行引起天神震怒。天神用雷电化成的葫芦把两个妖精收了进去。葫芦化作葫芦山镇守两只妖精，只要满一万年，它们就会被葫芦化去。然而天运使然，就在九千九百九十九年之际，一只穿山甲无意钻破葫芦山，放出两只妖精。穿山甲带着老爷爷找到葫芦种子，只要种出七颗葫芦，便可将妖精重新收伏。 重新获得自由的蛇精和蝎子精无所顾忌，大肆残害生命。它们偶然得知老爷爷种出神葫芦，于是接连派出爪牙企图斩草除根。接连遭遇挫折的妖精转而绑架老爷爷，各具异能葫芦七兄弟相继出世，他们打向葫芦山，与狡猾的妖精展开正邪大战……,https://img9.doubanio.com/view/photo/m_ratio_poster/public/p1228139585.jpg,https://movie.douban.com/subject/3062897/,2026-10-01T17:32:53+08:00,,,,,,,,,,
35161255,伍六七之玄武国篇,,刺客伍六七 第三季 / 刺客伍六七 第3季 / 伍六七 第三季 / Scissor Seven 3,剧集/番剧,是,2021,2020 年代,2021-01-27(中国大陆),2021,9.0,9.0 分以上,4.5,81749,5-10 万,剧情,喜剧,动作,3,剧情 喜剧 动作,中国大陆,是,中国大陆,汉语普通话,15,15 分钟以内,10,何小疯,何小疯 / 姜广涛 / 段艺璇 / 宝木中阳 / 马正阳,7,16917,76,为了保护小鸡岛居民和这里平静的生活，伍六七和他的伙伴大保和小飞开启了去往玄武国的冒险旅程，去寻找身世的真相和解救小岛的办法，等待他们的又将是更多的未知与奇遇。,https://img3.doubanio.com/view/photo/m_ratio_poster/public/p2631154727.jpg,https://movie.douban.com/subject/35161255/,2026-10-01T17:32:56+08:00,,,,,,,,,,
36467256,灵笼 第二季,,灵笼Ⅱ / 灵笼2 / Ling Cage Ⅱ,剧集/番剧,是,2025,2020 年代,2025-05-23(中国大陆),2025,9.0,9.0 分以上,4.5,61269,5-10 万,动作,科幻,动画,3,动作 科幻 动画,中国大陆,是,中国大陆,汉语普通话,45,30-60 分钟,12,董相博,夏一可 / 图特哈蒙 / 藤新 / 季冠霖 / 谷江山,7,23278,308,数百年前，欲望催生了几乎灭绝人类的玛娜生态。人类瞬间沦为猎物，文明毁灭殆尽，末日中猜忌和恐惧拉开了人与人之间的距离。灾难当前，人们逐渐意识到：情感——这个被灯塔视为禁忌的存在，如今成为突破一切障碍、构建命运共同体的最强纽带。已被逼至绝境的幸存者们能否重夺未来?,https://img9.doubanio.com/view/photo/m_ratio_poster/public/p2921805655.jpg,https://movie.douban.com/subject/36467256/,2026-10-01T17:32:58+08:00,,,,,,,,,,
10533913,头脑特工队,Inside Out,玩转脑朋友(港) / 脑筋急转弯(台) / 头脑大作战 / 大脑环游记 / 脑中小小人 / 大脑内外 / 由内而外 / 头脑总动员,电影,是,2015,2010 年代,2015-10-06(中国大陆),2015,8.9,8.0-8.9,4.5,826796,50 万+,喜剧,动画,冒险,3,喜剧 动画 冒险,美国,否,美国,英语,95,60-100 分钟,,彼特·道格特 / 罗纳尔多·德尔·卡门,艾米·波勒 / 菲利丝·史密斯 / 理查德·坎德 / 比尔·哈德尔 / 刘易斯·布莱克,25,195986,1756,可爱的小女孩莱莉（凯特林·迪亚斯 Kaitlyn Dias 配音）出生在明尼苏达州一个平凡的家庭中，从小她在父母的呵护下长大，脑海中保存着无数美好甜蜜的回忆。当然这些记忆还与几个莱莉未曾谋面的伙伴息息相关，他们就是人类的五种主要情绪：乐乐（艾米·波勒 Amy Poehl er 配音）、忧忧（菲利丝·史密斯 Phyllis Smith 配音）、怕怕（比尔·哈德尔 Bill Hader 配音）、厌厌（敏迪·卡灵 Mindy Kaling 配音）和怒怒（刘易斯·布莱克 Lewis Black 配音）。乐乐作为团队的领导，她协同其他伙伴致力于为小主人营造更多美好的珍贵回忆。某天，莱莉随同父母搬到了旧金山，肮脏逼仄的公寓、陌生的校园环境、逐渐失落的友情都让莱莉无所适从，她的负面情绪逐渐累积，内心美好的世界渐次崩塌。 为了保护这一切，乐乐只有行动起来……,https://img3.doubanio.com/view/photo/m_ratio_poster/public/p2874927470.jpg,https://movie.douban.com/subject/10533913/,2026-10-01T17:33:00+08:00,,,,,,,,,,
1297359,幽灵公主,もののけ姫,魔法公主 / 幽灵少女 / 物之怪姬 / Princess Mononoke,电影,是,1997,1990 年代,2025-05-01(中国大陆),2025,8.9,8.0-8.9,4.5,682042,50 万+,动画,奇幻,冒险,3,动画 奇幻 冒险,日本,否,日本,日语,134,100 分钟以上,,宫崎骏,松田洋治 / 石田百合子 / 田中裕子 / 小林薰 / 西村雅彦,13,132979,1703,少年阿席达卡为解开诅咒之谜，意外卷入一场人类与森林的战争漩涡。由白狼养大的幽灵公主小桑，挥舞利刃守护森林圣地；而炼铁场的首领黑帽，为百姓生存不断掠夺森林，正策划着一场“弑神行动”......随着森林山兽神的现身，各方势力蠢蠢欲动，在这场跨越种族的生死博弈中，一个关于人类命运的终极秘密，即将揭晓……,https://img3.doubanio.com/view/photo/m_ratio_poster/public/p2920895053.jpg,https://movie.douban.com/subject/1297359/,2026-10-01T17:33:02+08:00,,,,,,,,,,
1431699,三个和尚,,Three Monks,电影,是,1980,1990 前,1980(中国大陆),1980,8.9,8.0-8.9,4.5,122358,10-50 万,动画,短片,,2,动画 短片,中国大陆,是,中国大陆,无对白,20,15-30 分钟,,徐景达,,0,12145,43,三个和尚没水喝的民间故事家喻户晓，本动画片在故事上有一定的新编，形式也异常鲜活好玩。 红衣小和尚不远千里来到一座高高耸立在山顶上的寺庙，立刻做起快乐勤劳的小主持，虽然挑水只能到山下很是辛苦，他仍做得乐此不疲。不久，来了一个蓝衣瘦高和尚，下山挑水的重任于是落在他的身上，很快，瘦高和尚因为该问题同小和尚发生冲突，两人开始抬水喝。后来，他们又迎来一个黄衣胖和尚，胖和尚刚入寺庙，就把水缸里的水喝了个光，小和尚和瘦高和尚一下不乐意了，三个和尚为如何抬水吃水问题大打出手。老鼠咬断香烛引发的一场大火，让三个和尚明白了一个道理。,https://img3.doubanio.com/view/photo/m_ratio_poster/public/p1463972087.jpg,https://movie.douban.com/subject/1431699/,2026-10-01T17:33:04+08:00,,,,,,,,,,
1858711,玩具总动员3,Toy Story 3,反斗奇兵3(港) / 玩具的故事3 / 玩具总动员3,电影,是,2010,2010 年代,2010-06-16(中国大陆),2010,8.9,8.0-8.9,4.5,612959,50 万+,喜剧,动画,奇幻,3,喜剧 动画 奇幻,美国,否,美国,英语 / 西班牙语,103,100 分钟以上,,李·昂克里奇,汤姆·汉克斯 / 蒂姆·艾伦 / 琼·库萨克 / 尼德·巴蒂 / 唐·里克斯,6,108353,1216,距上一次的冒险已经过去11个年头，转眼间安迪（约翰·莫里斯 John Morris 配音）变成了17岁的阳光男孩。这年夏天，安迪即将开始大学生活，他必须将自己的房间收拾整齐留给妹妹。此前，伍迪（汤姆·汉克斯 Tom Hanks 配音）与巴斯光年（蒂姆·艾伦 Tim Allen 配音）等玩具一直期待安迪再和他们玩耍，但是随着岁月的流逝，他们被冷落在箱子里很久了。安迪十分珍惜这些童年的玩伴，于是准备将他们收在阁楼。谁曾想，妈妈却把玩具们当作废物扔到街道上。玩具们误解了安迪，于是愤然出走，宁可被捐赠到阳光之家幼儿园。 伍迪尽力劝解大家，却收效甚微，只得独自黯然离开。巴斯光年他们原本以为将重新回到往昔的快乐时光，不料却陷入一场阴谋之中……,https://img3.doubanio.com/view/photo/m_ratio_poster/public/p1283675359.jpg,https://movie.douban.com/subject/1858711/,2026-10-01T17:33:05+08:00,,,,,,,,,,
1860377,黑猫警长,,Inspector Black Cat,剧集/番剧,是,1984,1990 前,,1984,8.9,8.0-8.9,4.5,118628,10-50 万,动画,悬疑,,2,动画 悬疑,中国大陆,是,中国大陆,汉语普通话,20,15-30 分钟,5,戴铁郎 / 范马迪 / 熊南清,史东敏 / 王卫 / 张泉灵 / 杨文元 / 杨玉天,9,18963,99,在该动画片中，机智、勇敢、帅气的黑猫警长率领警士侦破了一个又一个危害森林安全的案件，令森林中的各种动物得以过上安枕无忧的日子。 《痛歼搬仓鼠》一集，它用现代化武器歼灭了一群深夜袭击粮仓的老鼠；《空中擒敌》一集，它用直升机逼巨大的怪兽现出原形；《吃红土的小偷》一集，它处罚了偷吃红土的大象、河马和野猪；《吃丈夫的螳螂》一集，它帮螳螂姑娘洗清了冤屈；《一网打尽》一集，它戴上防毒面具将吃猫鼠一伙及第一集中侥幸逃脱的一只耳一网打尽。,https://img3.doubanio.com/view/photo/m_ratio_poster/public/p2528877467.jpg,https://movie.douban.com/subject/1860377/,2026-10-01T17:33:07+08:00,,,,,,,,,,
25857295,果宝特攻3,,果宝特攻之三果演义,剧集/番剧,是,2014,2010 年代,2014-03-21(中国大陆),2014,8.9,8.0-8.9,4.5,8950,1000-1 万,动画,,,1,动画,中国大陆,是,中国大陆,汉语普通话,23,15-30 分钟,52,陈奋,祖晴 / 陆双 / 邓红 / 王巍 / 李团,5,1276,6,《果宝特攻3》讲述了 菠萝吹雪 偶然间穿越到了 古代 的水果世界。古代水果尚未经过培植改良，都是野果， 菠萝吹雪 从他们身上学习到中华兵法及古代书画，立志成为为民除害的 英雄 。 菠萝吹雪 开始修复时光机的 旅程 ，竟然遇到了水果伙伴们的 祖先 ，最后帮助他们打败了 火龙果 ，并顺利回到 现代 。,https://img3.doubanio.com/view/photo/m_ratio_poster/public/p2302440327.jpg,https://movie.douban.com/subject/25857295/,2026-10-01T17:33:09+08:00,,,,,,,,,,
26435736,狐妖小红娘,,狐妖小红娘 第1-10季 / 下沙篇+王权篇+月红篇+千颜篇+南国篇+竹业篇+尾生篇+金晨曦篇+沐天城篇+两生花篇 / 下沙篇 / 王权富贵篇 / 月红篇+北国篇(北山妖帝篇) / 千颜篇 / 南国篇 / 竹业篇 / 尾生篇 / 金晨曦篇 / 沐天城篇 / 两生花篇 / Fox Spirit Matchmaker,剧集/番剧,是,2015,2010 年代,2015-06-26(中国大陆),2015,8.9,8.0-8.9,4.5,85260,5-10 万,喜剧,爱情,动画,3,喜剧 爱情 动画,中国大陆,是,中国大陆,汉语普通话,10,15 分钟以内,145,王昕,杨天翔 / 张杰 / 刘校妤 / 张凯 / 乔诗语,37,26500,429,《狐妖小红娘》的故事围绕人与妖之间的爱情展开。根据古典小说记载，世上有人有妖，妖会与人相恋，妖寿命千万年，人的寿命有限，人死了，妖活着。人会投胎转世，但投胎以后，不记得上辈子的爱。妖如果痴情的话，就去找狐妖“购买”一项服务，让投胎转世的人，回忆起前世的爱。狐妖红娘这一个角色就这样诞生，作品主要讲述了以红娘为职业的狐妖在为前世恋人牵红线过程当中发生的一系列有趣、神秘的故事。,https://img9.doubanio.com/view/photo/m_ratio_poster/public/p2501006016.jpg,https://movie.douban.com/subject/26435736/,2026-10-01T17:33:12+08:00,,,,,,,,,,
27034748,一人之下 第二季,,异人 第二季 / 一人之下 罗天大醮篇 / 一人之下2 / The Outcast 2,剧集/番剧,是,2017,2010 年代,2017-10-27(中国大陆),2017,8.9,8.0-8.9,4.5,111563,10-50 万,喜剧,动作,动画,3,喜剧 动作 动画,中国大陆,是,中国大陆,汉语普通话,26,15-30 分钟,24,陈烨 / 王昕,曹云图 / 小连杀 / 彭尧 / 宝木中阳 / 张杰,13,24802,144,这个世界是存在异人的。刚刚接触异人世界的张楚岚，加入了管理异人的组织“哪都通”。为了解开爷爷和自身的秘密，张楚岚和冯宝宝一起前往龙虎山天师府参加异人界的盛会——罗天大醮，并与众多异人高手对战。,https://img3.doubanio.com/view/photo/m_ratio_poster/public/p2500537730.jpg,https://movie.douban.com/subject/27034748/,2026-10-01T17:33:13+08:00,,,,,,,,,,
27602201,罗小黑战记番外篇：好心分手,,罗小黑战记番外篇2：好心分手 / 恶搞第八集续·好心分手 / 我们就在这里分手吧 / 再见了，比丢,电影,是,2013,2010 年代,2013-09-12(中国大陆),2013,8.9,8.0-8.9,4.5,5461,1000-1 万,动画,短片,音乐,3,动画 短片 音乐,中国大陆,是,中国大陆,汉语普通话,1,15 分钟以内,,木头,,0,1122,0,恶搞第八集续·好心分手：小白与比丢的分别。,https://img3.doubanio.com/view/photo/m_ratio_poster/public/p2510696138.jpg,https://movie.douban.com/subject/27602201/,2026-10-01T17:33:15+08:00,,,,,,,,,,
27620007,非人哉,,Non-Human,剧集/番剧,是,2018,2010 年代,2018-03-29(中国大陆),2018,8.9,8.0-8.9,4.5,49708,1-5 万,喜剧,动画,奇幻,3,喜剧 动画 奇幻,中国大陆,是,中国大陆,汉语普通话,5,15 分钟以内,96,钟鸣,杨凝 / 山新 / 姜广涛 / 苏尚卿 / 佟心竹,15,14110,44,中国古典神话传说中的“著名”精怪是如何在现代社会生存下去，他们成为了我们身边有着神仙特色的宅女、暖男、上班族、犬系男友，他们上演着生活中搞笑而怪诞的小故事，关乎快乐、关乎友情，在我们平凡、忙碌的日常构建了不可思议的二次元神仙幻境。,https://img9.doubanio.com/view/photo/m_ratio_poster/public/p2533984745.jpg,https://movie.douban.com/subject/27620007/,2026-10-01T17:33:17+08:00,,,,,,,,,,
3012377,神兵小将,,,电影,否,2009,2000 年代,,2009,8.9,8.0-8.9,4.5,,未知,动画,奇幻,,2,动画 奇幻,中国大陆,是,中国大陆,,95,60-100 分钟,,黄玉郎 / 乔彧,杨青倩 / 谢楠 / 常索妮 / 胡静 / 杨莹,5,,,,,https://movie.douban.com/subject/3012377/,2026-10-01T17:33:21+08:00,,,,,,,,,,
30259908,请吃红小豆吧！第一季,,红小豆的工作日常 / Beanie’s Daily! Season 1 / Please Eat Red Little Bean / ミニ豆ちせん / ミニまめちせん,剧集/番剧,是,2018,2010 年代,2018-07-05(中国大陆),2018,8.9,8.0-8.9,4.5,47289,1-5 万,喜剧,动画,短片,3,喜剧 动画 短片,中国大陆,是,中国大陆,汉语普通话,3,15 分钟以内,12,林春柳,朱芷仪 / 林佩妍 / 林春柳,3,15727,57,《请吃红小豆吧！》的主角是一颗梦想着被吃掉的红豆，它每天的工作就是在各种红豆冰沙抹茶红豆蛋糕红豆珍珠奶茶豆沙包……里“混吃等死”，“上班”的时候认识了非常多特别的小伙伴，例如珍珠，例如枸杞等等……动画情节脑洞有趣，角色治愈可爱，场景异常精美，动作流畅，向观众展示一颗红豆的悲喜豆生，食物们的平行世界~,https://img3.doubanio.com/view/photo/m_ratio_poster/public/p2580782378.jpg,https://movie.douban.com/subject/30259908/,2026-10-01T17:33:22+08:00,,,,,,,,,,
2210001,大明王朝1566,,大明王朝1566：嘉靖与海瑞 / 嘉靖与海瑞,剧集/番剧,是,2007,2000 年代,2007-01-08(中国大陆),2007,9.8,9.0 分以上,5.0,377454,10-50 万,剧情,历史,古装,3,剧情 历史 古装,中国大陆,是,中国大陆,汉语普通话,42,30-60 分钟,46,张黎,陈宝国 / 黄志忠 / 王庆祥 / 倪大红 / 祝希娟,35,111940,1870,本剧讲述的是嘉靖与海瑞的故事。嘉靖三十九年，贪墨横行、民不聊生。奸臣严嵩（倪大红 饰）党羽密布、权倾朝野，清官海瑞（黄志忠 饰）不惧强权，敢于向腐朽封建的皇权发起挑战。皇帝朱厚熜（陈宝国 饰）练道修玄二十载，始终把控着大明朝的军政、经济大权。当时的中国经济发达，市井文化也算繁荣，但社会各阶层矛盾突出，国家大面积实施的土地兼并使千百万农民一夜之间失去了赖以生存的土地。严嵩的专权引起了地方各级官员的不满，“倒严”之声甚嚣尘上，从上至下、从里到外，从朝廷到地方官府，到处充斥着尔虞我诈、勾心斗角的血雨腥风。忠臣良将与乱臣贼子纷纷登上了当时的历史舞台......,https://img3.doubanio.com/view/photo/m_ratio_poster/public/p2444453078.jpg,https://movie.douban.com/subject/2210001/,2026-10-01T17:40:18+08:00,,,,,,,,,,
1864810,红楼梦,,87版红楼梦 / 央视版红楼梦 / A Dream in Red Mansions / Dream of the Red Chamber,剧集/番剧,是,1987,1990 前,1987-05-02(中国大陆),1987,9.7,9.0 分以上,5.0,331795,10-50 万,剧情,爱情,古装,3,剧情 爱情 古装,中国大陆,是,中国大陆,汉语普通话,45,30-60 分钟,36,王扶林,欧阳奋强 / 陈晓旭 / 邓婕 / 张莉 / 李婷,50,98775,1373,青埂峰下女娲补天剩下的顽石在一僧一道的指引下下尘世去经历一番那富贵温柔乡了。一天，与甄士隐深交的贫困书生贾雨村向他借盘缠上京赴考，断定此子日后必定飞黄腾达的甄士隐慷慨解囊，于是雨村上京赴考了。不料甄士隐的爱女甄英莲却遭拐子拐了去，随后甄家在一场火灾后败落。贾雨村不负众望 果然中了进士，随后当州官时遇到了被薛蟠强买的英莲，为了自己的利益，不得罪四大家族，雨村胡乱判了案。 林黛玉（陈晓旭 饰）母亲早逝，自幼多病，父亲林如海托上京的贾雨村将她带到外祖母家。贾母见了黛玉后喜不自胜，从此黛玉就在贾家安顿了下来。这日王夫人的姐妹薛姨妈一家也到了京城，从此贾宝玉（欧阳奋强 饰）、林黛玉和薛宝钗（张莉 饰）和袭人等一众少年少女一同见证了四大家族的兴盛衰败……,https://img9.doubanio.com/view/photo/m_ratio_poster/public/p2554030915.jpg,https://movie.douban.com/subject/1864810/,2026-10-01T17:40:20+08:00,,,,,,,,,,
2156663,西游记,,老版西游记 / 央视版西游记 / Journey to the West,剧集/番剧,是,1986,1990 前,1986-02(中国大陆),1986,9.7,9.0 分以上,5.0,415701,10-50 万,剧情,动作,奇幻,3,剧情 动作 奇幻,中国大陆,是,中国大陆,汉语普通话,45,30-60 分钟,25,杨洁,六小龄童 / 迟重瑞 / 马德华 / 汪粤 / 徐少华,12,96157,812,东胜神州的傲来国花果山的一块巨石孕育出了一只明灵石猴（六小龄童 饰），石猴后来拜须菩提为师后习得了七十二变，具有了通天本领，于是占山为王，自称齐天大圣。玉帝派太白金星下凡招安大圣上了天庭，后来大圣因为嫌玉帝赐封的官职太低，大闹天宫，被太上老君困于炼丹炉内四十九天后，大圣踢翻炼丹炉，炼成了金睛火眼。如来佛祖见局势不可收拾，于是将大圣镇压于五指山下。一晃眼五百年过去了，唐僧被观世音菩萨选为西去取经普渡众生的人，大圣受观音指引，拜唐僧为师，师徒踏上了取经的路途。,https://img3.doubanio.com/view/photo/m_ratio_poster/public/p2265959269.jpg,https://movie.douban.com/subject/2156663/,2026-10-01T17:40:22+08:00,,,,,,,,,,
1291546,霸王别姬,,再见，我的妾 / Farewell My Concubine / Adieu Ma Concubine,电影,是,1993,1990 年代,1993-07-26(中国大陆),1993,9.6,9.0 分以上,5.0,2456732,50 万+,剧情,爱情,同性,3,剧情 爱情 同性,中国大陆 / 中国香港,是,中国大陆,汉语普通话,171,100 分钟以上,,陈凯歌,张国荣 / 张丰毅 / 巩俐 / 葛优 / 英达,20,520349,10781,段小楼（张丰毅）与程蝶衣（张国荣）是一对打小一起长大的师兄弟，两人一个演生，一个饰旦，一向配合天衣无缝，尤其一出《霸王别姬》，更是誉满京城，为此，两人约定合演一辈子《霸王别姬》。但两人对戏剧与人生关系的理解有本质不同，段小楼深知戏非人生，程蝶衣则是人戏不分。 段小楼在认为该成家立业之时迎娶了名妓菊仙（巩俐），致使程蝶衣认定菊仙是可耻的第三者，使段小楼做了叛徒，自此，三人围绕一出《霸王别姬》生出的爱恨情仇战开始随着时代风云的变迁不断升级，终酿成悲剧。,https://img3.doubanio.com/view/photo/m_ratio_poster/public/p2911205318.jpg,https://movie.douban.com/subject/1291546/,2026-10-01T17:40:24+08:00,,,,,,,,,,
35496807,山花烂漫时,,大山里的女校,剧集/番剧,是,2024,2020 年代,2024-09-10(中国大陆),2024,9.6,9.0 分以上,5.0,262094,10-50 万,剧情,,,1,剧情,中国大陆,是,中国大陆,汉语普通话,45,30-60 分钟,23,费振翔,宋佳 / 兰西雅 / 都兰 / 合诗雨 / 杨颜嘉,27,106728,810,该剧根据“七一勋章”获得者张桂梅事迹改编。 张桂梅（宋佳 饰）是中国西部山区的一名普通中学女教师，多年间她不断目睹自己的女学生因家庭贫穷而辍学，在15、16岁的年纪或嫁人生子、或外出打工，这让张桂梅无比痛心和惋惜。她立志要办一所全免费的女子高中，让这些大山里的女孩获得受教育的机会、能够考上大学、走出大山，彻底改变 命运。2008年，全中国唯一一所全免费的女子高中成立，在没老师、没学生、没经费、没经验的重重困境下，张桂梅带领女高师生们完成了不可能的任务：让学习基础极度落后的女高学生们，全部考上了大学。这所女子高中让一批批女孩走出了大山，改变了命运。然而随着学校的发展，越来越多大山里贫困女生前来报考，新的问题和困难也随之而来……,https://img9.doubanio.com/view/photo/m_ratio_poster/public/p2912813745.jpg,https://movie.douban.com/subject/35496807/,2026-10-01T17:40:27+08:00,,,,,,,,,,
3882715,武林外传,,My Own Swordsman,剧集/番剧,是,2006,2000 年代,2006-01-02(中国大陆),2006,9.6,9.0 分以上,5.0,676361,50 万+,喜剧,武侠,古装,3,喜剧 武侠 古装,中国大陆,是,中国大陆,汉语普通话 / 英语 / 粤语 / 上海话 / 陕西话 / 南京话,48,30-60 分钟,80,尚敬,闫妮 / 姚晨 / 沙溢 / 喻恩泰 / 姜超,106,172811,1262,这是一个系列的戏说江湖的轻松喜剧。关中一个普通的小镇——七俠镇，这里有一家同福客栈。就是这间不起眼的江湖客栈，因缘巧合之下汇聚了一群性格各异又活泼搞怪的年轻人：武功高强但初入江湖的郭芙蓉（姚晨 饰）、客栈老板娘佟湘玉（闫妮 饰）、金盘洗手的神偷白展堂（沙溢 饰）、满腹经纶的吕秀才（喻恩泰 饰）、客栈厨师李大嘴（姜超 饰）等等。这群年轻人在同一屋檐下演绎了一幕幕经典的搞笑场面，在欢笑与眼泪中陪伴观众们一起渐渐成长。,https://img2.doubanio.com/view/photo/m_ratio_poster/public/p2529669661.jpg,https://movie.douban.com/subject/3882715/,2026-10-01T17:40:29+08:00,,,,,,,,,,
1422283,高山下的花环,,卫国军魂(港) / Wreaths at the Foot of the Mountain,电影,是,1984,1990 前,1984(中国大陆),1984,9.5,9.0 分以上,5.0,170644,10-50 万,剧情,战争,,2,剧情 战争,中国大陆,是,中国大陆,汉语普通话,146,100 分钟以上,,谢晋,吕晓禾 / 唐国强 / 何伟 / 童超 / 盖克,17,46575,467,驻扎在四川广元的九连长梁三喜（吕晓禾 饰）为了从军政治部调来的指导员赵蒙生（唐国强 饰）推迟了探亲假，可出身高干家庭吃不了苦的蒙生打算只干几个月就走。1979年，赵母吴爽（刘燕生 饰）得知蒙生部队将要赴越作战，加紧督办调动之事。耿直的炮排长靳开来（何伟 饰）听说后火冒三丈，扬言要自费上北京告状。部队开赴云南边境，吴爽孤注一掷请求军长雷震（童超 饰）将蒙生调回后方……,https://img3.doubanio.com/view/photo/m_ratio_poster/public/p2319879389.jpg,https://movie.douban.com/subject/1422283/,2026-10-01T17:40:31+08:00,,,,,,,,,,
1461403,茶馆,,The Teahouse,电影,是,1982,1990 前,1982(中国大陆),1982,9.5,9.0 分以上,5.0,218596,10-50 万,剧情,历史,,2,剧情 历史,中国大陆,是,中国大陆,汉语普通话,118,100 分钟以上,,谢添,于是之 / 郑榕 / 蓝天野 / 英若诚 / 黄宗洛,37,57723,527,世纪之交，古老的中国正迎来前所未有的巨大变革。老态龙钟的大清王朝摇摇欲坠，六君子的鲜血无法阻止历史车轮的滚动，老北京城的上空风云变幻，波谲云诡。王利发（于是之 饰），北京城内裕泰茶馆的年轻掌柜。他谨记父亲的教诲，体面周全地迎送四方宾客。小小的茶馆内，三教九流各色人等穿梭于此：提笼架鸟哀叹时运的松二爷（黄宗洛 饰）；慨叹国之将亡的刚毅满人常四爷（郑榕 饰）；一心谋求实业救国的秦仲义（蓝天野 饰）；丧尽天良买卖人口的刘麻子（英若诚 饰）；打算娶老婆的庞太监（童超 饰）……你方唱罢我登场，小小茶馆之内演尽世间的沧桑与凄凉…… 本片根据老舍同名原著改编，并1983年第3届中国电影金鸡奖特别奖、文化部1982年优秀影片奖特别奖。,https://img9.doubanio.com/view/photo/m_ratio_poster/public/p2528965424.jpg,https://movie.douban.com/subject/1461403/,2026-10-01T17:40:33+08:00,,,,,,,,,,
2154096,士兵突击,,Soldiers Sortie,剧集/番剧,是,2006,2000 年代,2006-12-24(中国大陆),2006,9.5,9.0 分以上,5.0,312078,10-50 万,剧情,,,1,剧情,中国大陆,是,中国大陆,普通话,45,30-60 分钟,30,康洪雷,王宝强 / 陈思诚 / 段奕宏 / 张译 / 邢佳栋,9,83268,1784,木讷的许三多（王宝强）没进军营，就因看见坦克时“举手投降”招来以“不抛弃、不放弃”精神闻名全团的“钢七连”连长高城（张国强）的反感，入营后，班长史今（张译）成为他的依靠，副班长也是老乡的伍六一（邢家栋）却因他的笨拙将其视为肉中刺。新兵训练结束后，许三多被分到偏远艰苦的后 勤管道维护班五班，一同来部队的老乡成才（陈思成）则去了钢七连。 被现实打垮的五班班长老马（范雷）随随便便的一句话被许三多当作命令接收，凭借憨厚的执拗劲，他用六个月时间完成了一件所有人都认为不可能完成的任务，令五班整体感动，精神面貌焕然一新，自己也因此来到钢七连，重见班长史今。喜悦过后，一个个看似不可能跨过去的槛在他脚下一字排开。而在这一过程中，他从史今、伍六一、高城、老A袁朗（段奕宏）及吴哲（李晨）等人身上学到了很多很多，从一个“孬兵”变成了一个“好兵”。,https://img9.doubanio.com/view/photo/m_ratio_poster/public/p2240922426.jpg,https://movie.douban.com/subject/2154096/,2026-10-01T17:40:35+08:00,,,,,,,,,,
3314870,潜伏,,,剧集/番剧,是,2008,2000 年代,2008-12-20(中国大陆),2008,9.5,9.0 分以上,5.0,416347,10-50 万,剧情,,,1,剧情,中国大陆,是,中国大陆,汉语普通话,40,30-60 分钟,30,姜伟 / 付玮,孙红雷 / 姚晨 / 沈傲君 / 祖峰 / 冯恩鹤,10,114290,1605,1945年，正是抗日战争接近尾声之际，国、共、日三方的角力日趋激烈，平静的海面下暗流涌动。由于军统特务李海丰投靠南京汪伪政权，军统情报处成员余则成（孙红雷 饰）受命前往南京刺杀叛徒，却意外走上了另一条道路。经中共策反，余则成以地下党的身份重返军统，成为扎入国民党心脏的一颗铆钉。为了协助余的工作，党组织派出脾气火爆、口无遮拦的女孩翠平（姚晨 饰）担任余的冒牌夫人。随着时间的推移，国共的斗争愈加强烈，这对夫妇也面临着人生重大的考验…… 本片根据天津作家龙一（本名李鹏）的同名短篇小说改编，并荣获第15届上海电视节“白玉兰奖”电视剧最佳男演员奖（孙红雷）、第27届飞天奖优秀男演员奖、2010年第25届中国电视金鹰奖观众喜爱的女演员奖（姚晨）。,https://img9.doubanio.com/view/photo/m_ratio_poster/public/p2189694504.jpg,https://movie.douban.com/subject/3314870/,2026-10-01T17:40:37+08:00,,,,,,,,,,
25754848,琅琊榜,,Nirvana in Fire / List of Langya,剧集/番剧,是,2015,2010 年代,2015-09-19(中国大陆),2015,9.4,9.0 分以上,4.5,944520,50 万+,剧情,古装,,2,剧情 古装,中国大陆,是,中国大陆,汉语普通话,45,30-60 分钟,54,孔笙 / 李雪,胡歌 / 刘涛 / 王凯 / 陈龙 / 黄维德,120,295589,3932,十二年前七万赤焰军被奸人所害导致全军覆没，冤死梅岭，只剩少帅林殊侥幸生还。十二年后林殊改头换面化身“麒麟才子”梅长苏（胡歌 饰），建立江左盟，以“琅琊榜”第一才子的身份重返帝都。梅长苏背负血海深仇，暗中帮助昔日挚友靖王（王凯 饰）周旋于太子（高鑫 饰）与誉 王（黄维德 饰）的斗争之中，同时又遇到了昔日未婚妻——云南王郡主穆霓凰（刘涛 饰）却不能相见。梅长苏以病弱之躯为昭雪冤案、为振兴河山，踏上了一条黑暗又惊心动魄的夺嫡之路。,https://img3.doubanio.com/view/photo/m_ratio_poster/public/p2271982968.jpg,https://movie.douban.com/subject/25754848/,2026-10-01T17:40:39+08:00,,,,,,,,,,
35588177,漫长的季节,,The Long Season / 凛冬之刃,剧集/番剧,是,2023,2020 年代,2023-04-22(中国大陆),2023,9.4,9.0 分以上,4.5,1199414,50 万+,剧情,家庭,犯罪,3,剧情 家庭 犯罪,中国大陆,是,中国大陆,汉语普通话,60,30-60 分钟,12,辛爽,范伟 / 秦昊 / 陈明昊 / 李庚希 / 刘奕铁,41,411170,5021,20世纪90年代，东北小镇桦林，意外出现的碎尸块引起轰动。炼钢厂工人王响（范伟 饰）一辈子勤勤恳恳，坚守原则，却面临着首批下岗的残酷现实。为了能立功留在厂里，他积极配合警方的调查，与此同时则忽略了儿子王阳（刘奕铁 饰）的反常变化。高考落榜的王阳此前喜欢上了美丽清纯的女大学生沈墨（李庚希 饰），他的赤诚与才情慢慢开启女孩的心扉。沈墨来自一个畸形的原生家庭，为了生计她在某家歌舞厅弹琴打工，却无法抵抗命运的嘲弄和戕害。经警方初步推断，碎尸案受害者可能正与失踪的沈墨以及一名港商有关。 寒冷的北方，阴云密布。绝望的人心，也曾在某一时刻被温暖的光芒短暂照拂……,https://img9.doubanio.com/view/photo/m_ratio_poster/public/p2890906384.jpg,https://movie.douban.com/subject/35588177/,2026-10-01T17:40:41+08:00,,,,,,,,,,
4922787,后宫·甄嬛传,,甄嬛传 / Empresses in the Palace,剧集/番剧,是,2011,2010 年代,2011-11-17(中国大陆),2011,9.4,9.0 分以上,4.5,939257,50 万+,剧情,古装,,2,剧情 古装,中国大陆,是,中国大陆,汉语普通话,45,30-60 分钟,76,郑晓龙,孙俪 / 陈建斌 / 蔡少芬 / 李东学 / 蒋欣,37,294990,3540,时为满清雍正元年，结束了血腥的夺位之争，新的君主（陈建斌 饰）继位，国泰民安，政治清明，但在一片祥和的表象之下，一股暗流蠢蠢欲动。尤其后宫，华妃（蒋欣 饰）与皇后（蔡少芬 饰）分庭抗礼，各方势力裹挟其中，凶险异常。在太后（刘雪华 饰）的主持下，一场盛大的选秀拉开帷幕。以 此为机缘，美丽善良的女孩——大理寺少卿甄远道长女甄嬛（孙俪 饰）意外得到雍正的赏识，从此步入皇宫。在皇后和华妃两方势力的夹击下，甄嬛小心周旋，忍辱负重，命悬一线。她不得不用自己的智慧保护自己，又一次次被卷入残酷的宫闱斗争之中…… 本片根据流潋紫的同名小说原著改编。,https://img3.doubanio.com/view/photo/m_ratio_poster/public/p1480046723.jpg,https://movie.douban.com/subject/4922787/,2026-10-01T17:40:43+08:00,,,,,,,,,,
1291858,鬼子来了,,Devils on the Doorstep,电影,是,2000,2000 年代,2000-05-12(戛纳电影节),2000,9.3,9.0 分以上,4.5,727170,50 万+,剧情,喜剧,,2,剧情 喜剧,中国大陆,是,中国大陆,汉语普通话 / 日语 / 唐山话,139,100 分钟以上,,姜文,姜文 / 香川照之 / 袁丁 / 姜宏波 / 丛志军,19,138483,1930,第二次世界大战期间，中国河北挂甲台村的农民马大三（姜文饰）在日本人的统治下过着平静的生活。一个晚上，游击队绑架了日军陆军士兵花屋小三郎（香川照之饰）和翻译董汉臣，把他们捆绑塞入麻袋放在马大三家里，并吩咐马好好看管，几天后的大年三十来带人。马大三和村民战战兢兢地看守两人，花屋小三郎和董汉臣数次发出求救信号，皆被村民化解。半年过去了，村民们担心事情暴露，却又不敢把花屋等放了。 马大三最终被董汉臣说动，把花屋和董送到了日军宪兵队驻地，以换取粮食。日军宪兵军官酒冢猪吉是花屋的同乡。他表面上对马等人客气，但背后指责花屋让皇军蒙耻并殴打了他。宪兵队整队去马的村子里和村民联欢送粮，酒到酣时却乍露杀机。,https://img3.doubanio.com/view/photo/m_ratio_poster/public/p2930874010.jpg,https://movie.douban.com/subject/1291858/,2026-10-01T17:40:45+08:00,,,,,,,,,,
1292365,活着,,人生 / Lifetimes / To Live,电影,是,1994,1990 年代,1994-06-30(中国香港),1994,9.3,9.0 分以上,4.5,985839,50 万+,剧情,家庭,历史,3,剧情 家庭 历史,中国大陆 / 中国香港,是,中国大陆,汉语普通话,132,100 分钟以上,,张艺谋,葛优 / 巩俐 / 姜武 / 牛犇 / 郭涛,15,209186,3193,根据余华同名小说改编。 富少福贵（葛优）嗜赌成性，妻子家珍（巩俐）屡劝无果后带着女儿凤霞离开了他，当夜，福贵输光所有家产气死父亲，被迫靠变卖母亲首饰租间破屋过活。一年后，家珍手拉凤霞怀抱刚出世的儿子有庆回到家中，福贵痛改前非，开始靠演皮影戏过起安份守己的日子。 但好景不常，内战时期，福贵被国民党抓去当劳工，一番辗转终回到家乡与一家人团圆后，凤霞因病变成哑巴，而在后来的大跃进运动和文化大革命中，他虽获某些小福，逆境却也一直与他如影相随。,https://img3.doubanio.com/view/photo/m_ratio_poster/public/p2597919477.jpg,https://movie.douban.com/subject/1292365/,2026-10-01T17:40:47+08:00,,,,,,,,,,
1293172,末代皇帝,The Last Emperor,末代皇帝溥仪(港) / L'ultimo imperatore / Le dernier empereur,电影,是,1987,1990 前,1987-10-04(东京国际电影节),1987,9.3,9.0 分以上,4.5,1045444,50 万+,剧情,传记,历史,3,剧情 传记 历史,英国 / 意大利 / 中国大陆 / 法国,是,英国,英语 / 汉语普通话 / 日语,163,100 分钟以上,,贝纳尔多·贝托鲁奇,尊龙 / 陈冲 / 邬君梅 / 彼得·奥图尔 / 英若诚,32,214636,3369,溥仪（尊龙 饰）的一生在电影中娓娓道来。他从三岁起登基，年幼的眼光中只有大臣身上的一只蝈蝈，江山在他心中只是一个不明所以的名词。长大了，他以为可以变革，却被太监一把火烧了朝廷账本。他以为自己是大清江山的主人，却做了日本人的傀儡。 解放后，他坐上了从苏联回来的火车，身边是押送监视他的解放军。他猜测自己难逃一死，便躲在狭小的卫生间里，割脉自杀。然而他没有死在火车上，命运的嘲笑还在等着他。文革的风风雨雨，在他身上留下了斑斑伤痕。,https://img3.doubanio.com/view/photo/m_ratio_poster/public/p452089833.jpg,https://movie.douban.com/subject/1293172/,2026-10-01T17:40:50+08:00,,,,,,,,,,
19965220,父母爱情,,Romance of Our Parents / Parents Love,剧集/番剧,是,2014,2010 年代,2014-02-02(中国大陆),2014,9.3,9.0 分以上,4.5,460616,10-50 万,爱情,家庭,,2,爱情 家庭,中国大陆,是,中国大陆,汉语普通话,45,30-60 分钟,44,孔笙,郭涛 / 梅婷 / 刘琳 / 任帅 / 刘奕君,57,153597,1633,要放在解放前，江德福（郭涛 饰）和安杰（梅婷 饰）这对男女可真是八竿子够不上关系的两个人。他们一个是年轻有为、干练果敢的海军军官，一个是从小养尊处优、娇媚华贵的资本家小姐，但20世纪50年代的沧桑巨变让他们俩人走到了一起。江德福在舞会上结识美丽的安杰，虽然他冒冒失失，又 是个目不识丁的大老粗，经过一番周折他们终于组建了成分不相匹配的小家庭。问题是不相匹配的何止是出身，还有各自的阅历、学历以及人生态度，在之后的岁月里，他们打打闹闹，吵架拌嘴，俨然成了家庭常态，更有江德华（刘琳 饰）这类人物从中加油添醋。 这是父辈们平常而又有些特殊的典型案例，将他们紧紧锁在一起的不仅仅是爱情，更有……,https://img3.doubanio.com/view/photo/m_ratio_poster/public/p2892197648.jpg,https://movie.douban.com/subject/19965220/,2026-10-01T17:40:52+08:00,,,,,,,,,,
30468961,想见你,想見你,Someday or One Day,剧集/番剧,是,2019,2010 年代,2019-11-17(中国台湾),2019,9.3,9.0 分以上,4.5,907687,50 万+,爱情,悬疑,奇幻,3,爱情 悬疑 奇幻,中国台湾,否,中国台湾,汉语普通话,72,60-100 分钟,13,黄天仁,柯佳嬿 / 许光汉 / 施柏宇 / 颜毓麟 / 严艺文,23,302352,5102,"黄雨萱永远记得，当王诠胜第一次跟她告白，跟她说他喜欢她，要她当他女朋友的时候，黄雨萱反问了他一个问题，为什么他会喜欢她，那时的王诠胜，就只是带着一切该是如此的笃定微笑，回答她了一句“因为打从我第一眼看到你的时候，我就知道，我喜欢你…” 黄雨萱，记得很清楚那一天，是2011年的夏末，她升上大学二年级的第一天，那一年的她和他，都是十九岁。 陈韵如永远记得，当李子维第一次跟她开口说话的时候，她坐在唱片行的柜台后，一边顾店，一边准备明年的大学联考，随着旋律，一个人默默地读著书。那一天店内，正在播放的歌曲，是伍佰在1996年所出的专辑爱情的尽头里的第六首歌 ""LAST DANCE""。 陈韵如记得很清楚，那一天，是1998年的夏天，她的最后一个高中暑假，那一年的她和他，17岁。 2019年的现在，因为走不出王诠胜离开的思念，黄雨萱试图用一款可以找到世界上另一个自己的APP软件，找到另一个与王诠胜相似的男人，不料在照片中，却看到了另一个长得与自己非常相似的陈韵如… 1998年的过去，陈韵如从昏迷中醒来，在她昏迷的这几天，她做了一个好长好长的梦，梦里的她，名字叫做黄雨萱…",https://img2.doubanio.com/view/photo/m_ratio_poster/public/p2576977981.jpg,https://movie.douban.com/subject/30468961/,2026-10-01T17:40:54+08:00,,,,,,,,,,
37116446,给阿嬷的情书,,Dear You,电影,是,2026,2020 年代,2026-04-30(中国大陆),2026,9.3,9.0 分以上,4.5,989426,50 万+,剧情,家庭,,2,剧情 家庭,中国大陆,是,中国大陆,潮汕话 / 汉语普通话 / 泰语 / 英语,118,100 分钟以上,,蓝鸿春,李思潼 / 王彦桐 / 吴少卿 / 郑润奇 / 王晓慧,14,408682,9749,潮汕阿嬷叶淑柔一直守着平淡的日子，安享晚年。孙子晓伟因债务缠身，瞒着家人远赴泰国，寻找传闻中的亿万富豪阿公郑木生。然而，晓伟最后却带回了一个震惊整个家族的消息：阿公早已不在人世，那个与阿嬷一直在书信中谈情说爱的，竟是一个陌生人。随着晓伟的调查，一段隐藏了半世纪的感情赫然袭来，击中了阿嬷的心。,https://img3.doubanio.com/view/photo/m_ratio_poster/public/p2931851430.jpg,https://movie.douban.com/subject/37116446/,2026-10-01T17:40:55+08:00,,,,,,,,,,
1291818,饮食男女,飲食男女,Eat Drink Man Woman,电影,是,1994,1990 年代,1994-07-02(中国台湾),1994,9.2,9.0 分以上,4.5,740913,50 万+,剧情,家庭,,2,剧情 家庭,中国台湾 / 美国,否,中国台湾,汉语普通话 / 闽南语 / 湖南话,124,100 分钟以上,,李安,郎雄 / 杨贵媚 / 吴倩莲 / 王渝文 / 张艾嘉,20,188525,2814,台湾中国菜硕果仅存的大师老朱（郎雄）退休后，渐尝老年生活的诸多尴尬：每周日费心做出的一桌丰盛菜肴，并无将三个女儿（杨贵媚、吴倩莲、王渝文）齐齐拉到饭桌的吸引力，已经长大成人的她们，心里藏了许多比陪父亲吃饭更重要的事；多年老友的突然离世，令他在友情这块也有了缺口；而对厨师来讲最重要的味觉的丧失，则将其彻底推到人生的低谷。 三个女儿虽各忙各事，却也操心着老朱的晚年生活，计划着为其找个老伴，但她们没料到老朱早已悄无声息地谈起了“黄昏恋”。吃惊过后，老朱最看重的继承了他做菜天赋的二女儿家倩因为自身的生活经历，对父亲、她与父亲的关系有了新的认识，而对老朱来讲更大的惊喜，还在后面。,https://img2.doubanio.com/view/photo/m_ratio_poster/public/p1910899751.jpg,https://movie.douban.com/subject/1291818/,2026-10-01T17:40:57+08:00,,,,,,,,,,
1292213,大话西游之大圣娶亲 西遊記大結局之仙履奇緣,,,电影,否,1995,1990 年代,,1995,9.2,9.0 分以上,4.5,,未知,喜剧,爱情,奇幻,4,喜剧 爱情 奇幻 古装,中国香港,否,中国香港,,95,60-100 分钟,,刘镇伟,周星驰 / 吴孟达 / 朱茵 / 蔡少芬 / 蓝洁瑛,10,,,,,https://movie.douban.com/subject/1292213/,2026-10-01T17:41:01+08:00,,,,,,,,,,
1292434,一一,,Yi yi / Yi yi: A One and a Two,电影,是,2000,2000 年代,2017-07-28(中国台湾),2017,9.1,9.0 分以上,4.5,529938,50 万+,剧情,爱情,家庭,3,剧情 爱情 家庭,中国台湾 / 日本,否,中国台湾,汉语普通话 / 闽南语 / 英语 / 日语,173,100 分钟以上,,杨德昌,吴念真 / 李凯莉 / 金燕玲 / 张洋洋 / 萧淑慎,16,169538,4511,NJ（吴念真）是个很有原则的生意人，同妻子敏敏（金燕玲）、女儿婷婷（李凯莉）、儿子洋洋（张杨洋）以及外婆住在台北某所普通公寓里。小舅子的一场麻烦婚礼过后，因为外婆突然中风昏迷，他迎来更加混乱的日子。 敏敏公司、家里两头跑，时常感觉自己要被耗空；婷婷一直为外婆的中风内疚，恋爱谈到中途发现自己不过是替代品；NJ更是麻烦重重，公司面临破产，他又不愿放下别人眼里一文不值的自尊。一家人里，似乎只有洋洋没有烦恼，他平静地用照相机拍着各种人的背面，帮他们长出另一双眼睛，然而，洋洋简简单单的一句话，道出更深的悲凉。,https://img3.doubanio.com/view/photo/m_ratio_poster/public/p2923629857.jpg,https://movie.douban.com/subject/1292434/,2026-10-01T17:41:03+08:00,,,,,,,,,,
2210031,仙剑奇侠传,,Chinese Paladin / Sword and Fairy,剧集/番剧,是,2005,2000 年代,2005-01-24(中国大陆),2005,9.1,9.0 分以上,4.5,430280,10-50 万,爱情,奇幻,武侠,3,爱情 奇幻 武侠,中国大陆,是,中国大陆,汉语普通话,46,30-60 分钟,34,李国立 / 吴锦源 / 梁胜权 / 麦贯之,胡歌 / 刘亦菲 / 安以轩 / 刘品言 / 彭于晏,24,118116,984,《仙剑奇侠传》改编自PC游戏史上最为经典的游戏作品。 一心习武梦想名震江湖的李逍遥(胡歌 饰)，为求灵丹妙药救助忽患怪病相依为命的李大婶上了仙岛，在机缘巧合下结识神秘少女赵灵儿(刘亦菲 饰)。两人情投意合当日就成婚，并许诺永不相忘。遥带着金丹离岛救婶婶，却被骗服下“忘忧散”，把与灵儿的一切全部忘记！已身怀有孕的灵儿深受打击，又发现自己是“大地之母”女娲后人的真相，有着拯救苍生的使命只好忍痛放下私人感情！逍遥在行走江湖的途中结识了刘晋元及其外刚内柔的表妹妹林月如(安以轩 饰)，并渐渐和这个欢喜冤家产生了情愫。李逍遥的感情到底何去何从？作为女娲后人的赵灵儿又背负着怎样的命运？一路上的诡异事件又预示着如何的结局？,https://img9.doubanio.com/view/photo/m_ratio_poster/public/p2561931895.jpg,https://movie.douban.com/subject/2210031/,2026-10-01T17:41:05+08:00,,,,,,,,,,
3227335,仙剑奇侠传三,,仙剑奇侠传3 / Chinese Paladin 3 / Sword and Fairy 3,剧集/番剧,是,2009,2000 年代,2009-06-28(中国大陆),2009,9.1,9.0 分以上,4.5,480131,10-50 万,爱情,奇幻,武侠,3,爱情 奇幻 武侠,中国大陆,是,中国大陆,汉语普通话,45,30-60 分钟,37,李国立,胡歌 / 霍建华 / 杨幂 / 唐嫣 / 刘诗诗,22,118867,1002,渝州城永安当的小伙计景天是个怀有大大梦想的乐天派，一日在集市闲逛时他遇到了堂堂唐门大小姐雪见。受到两人随身玉佩的彼此吸引，他们二人“热闹而又尴尬”的相识了，成了一对欢喜冤家。其实雪见和景天正是彼此的有缘人，而他们都来历不凡，身藏几世的秘密。 随着雪见家族的剧变，二人阴差阳错的步入了江湖的血雨腥风之中，并结识了紫萱、龙葵和长卿等。虽然朋友相伴的日子非常快乐，但等待他们的却是更加惊险的前程和重大的责任。,https://img9.doubanio.com/view/photo/m_ratio_poster/public/p2561696294.jpg,https://movie.douban.com/subject/3227335/,2026-10-01T17:41:08+08:00,,,,,,,,,,
1292679,春光乍泄,春光乍洩,一起快乐 / Happy Together / Buenos Aires Affair,电影,是,1997,1990 年代,1997-05-30(中国香港),1997,9.0,9.0 分以上,4.5,719066,50 万+,剧情,爱情,同性,3,剧情 爱情 同性,中国香港 / 日本 / 韩国,否,中国香港,粤语 / 汉语普通话 / 西班牙语,96,60-100 分钟,,王家卫,张国荣 / 梁朝伟 / 张震 / 格利高里·戴顿,4,162226,3077,黎耀辉（梁朝伟）与何宝荣（张国荣）是一对同性恋人，为了有新的开始，他们怀着美丽的梦想（去看南美洲大瀑布）离开香港来到阿根廷，却在布宜诺斯艾利斯迷了路。黎耀辉想安下心来过日子，无奈何宝荣于夜夜笙歌中放纵着自己的生命，以期找寻更多的刺激，只当黎耀辉是他受伤后的港湾，两人分歧 、争吵越来越多，心的距离越来越远。 黎耀辉明白过去的日子不可能再复返时，决定离开何宝荣，而正是在他离开后，绝望的意味（对黎耀辉的爱）才在何宝荣的脑海中完整地浮现。,https://img2.doubanio.com/view/photo/m_ratio_poster/public/p465939041.jpg,https://movie.douban.com/subject/1292679/,2026-10-01T17:41:09+08:00,,,,,,,,,,
1294194,悲情城市,,A City of Sadness / A Cidade da Dor,电影,是,1989,1990 前,1989-10-21(中国台湾),1989,9.0,9.0 分以上,4.5,150578,10-50 万,剧情,历史,,2,剧情 历史,中国台湾,否,中国台湾,闽南语 / 汉语普通话 / 日语 / 上海话 / 粤语,157,100 分钟以上,,侯孝贤,梁朝伟 / 辛树芬 / 陈松勇 / 李天禄 / 高捷,12,51112,572,普通人的命运在轰轰烈烈的时代面前总是渺小到可以忽略不计。个人，如果勇敢地站出来想阻止时代洪流，多少像奋力扑向风车的唐吉坷德，往往只能当殉道者，而更多时候，个人甚至连选择当旁观者的权利也没有。可是普通人的悲剧，无疑能照出历史的荒谬与残忍。 1945年日本无条件投降后台湾光复，基隆一户林姓人家眼见也要过上好日子，但人算不如天算，林家大小波折从此不断。“二•二八”事件发生后，家中的四兄弟更是只剩下老老实实开有一家照相馆的聋哑人老四林文清（梁朝伟）。然而悲剧并没到此终止，因为和进步人士有联系，林文清也没能逃脱被逮捕的命运，到此，林家男子只剩林文清和吴宽美（辛树芬）的幼儿——他尚呆在襁褓中咿呀咿呀地学语。,https://img3.doubanio.com/view/photo/m_ratio_poster/public/p2885665343.jpg,https://movie.douban.com/subject/1294194/,2026-10-01T17:41:10+08:00,,,,,,,,,,
1299398,大话西游之月光宝盒,西遊記第壹佰零壹回之月光寶盒,西游记101回月光宝盒 / 齐天大圣东游记 / 大话东游之一 / A Chinese Odyssey Part One - Pandora's Box,电影,是,1995,1990 年代,2014-10-24(中国大陆),2014,9.0,9.0 分以上,4.5,1386033,50 万+,喜剧,爱情,奇幻,3,喜剧 爱情 奇幻,中国香港 / 中国大陆,是,中国香港,粤语 / 汉语普通话,88,60-100 分钟,,刘镇伟,周星驰 / 吴孟达 / 罗家英 / 蓝洁瑛 / 莫文蔚,11,164404,1265,孙悟空（周星驰）护送唐三藏（罗家英）去西天取经路上，与牛魔王合谋欲杀害唐三藏，并偷走了月光宝盒，此举使观音萌生将其铲除心思，经唐三藏请求，孙悟空被判五百年后重新投胎做人赎其罪孽。 五百年后孙悟空化身强盗头头至尊宝。当遇见预谋吃唐僧肉的妖怪姐妹蜘蛛精春三十娘（蓝洁瑛）和白骨精白晶晶（莫文蔚）时，因为五百年前孙悟空曾与白晶晶有过一段恋情，至尊宝与她一见钟情，但因菩提老祖将二人妖怪身份相告，至尊宝仍带领众强盗开始与二妖展开周旋，过程中，白晶晶为救至尊宝打伤春三十娘，自己也中毒受伤，为了救白晶晶，至尊宝去找春三十娘，遭白晶晶误会，绝望自杀，至尊宝开始用月光宝盒以期使时光倒流。,https://img3.doubanio.com/view/photo/m_ratio_poster/public/p2561721372.jpg,https://movie.douban.com/subject/1299398/,2026-10-01T17:41:13+08:00,,,,,,,,,,
1303037,喜宴,囍宴,The Wedding Banquet,电影,是,1993,1990 年代,1993-02(柏林电影节),1993,9.0,9.0 分以上,4.5,443680,10-50 万,剧情,喜剧,爱情,3,剧情 喜剧 爱情,中国台湾 / 美国,否,中国台湾,汉语普通话 / 英语,108,100 分钟以上,,李安,赵文瑄 / 归亚蕾 / 郎雄 / 金素梅 / 米切尔·利希藤斯坦,13,115460,1514,伟同（赵文瑄 饰）是事业有成的男同志，与男友赛门（米切尔·利希藤斯坦 饰）在美国过着幸福的同居日子，烦恼来自要用各种招数应对远在台北的父（郎雄 饰）母（归亚蕾 饰）的一次次逼婚。伟同被逼以“乖乖仔”形象修书一封声称会在美国结婚，没料父母想亲眼见证。无奈，他只得拉上来自上海的不得志的女艺术家葳葳（金素梅 饰）“假婚”，想逃过一劫。 父母对葳葳相当满意，却对伟同的草率态度不满，为让父母满意尽快返回台北，伟同犹如“拼命三郎”使出了浑身解数。但人算不如天算，不断的波折使得父母的返台日期一次次推迟，令他和赛门的感情亮起“红灯”，而葳葳又意外怀上了他的孩子。似乎，伟同在强大的父母（传统）面前，只能选择去做一个 “表面正常”的男人,https://img3.doubanio.com/view/photo/m_ratio_poster/public/p2249048907.jpg,https://movie.douban.com/subject/1303037/,2026-10-01T17:41:16+08:00,,,,,,,,,,
26752088,我不是药神,,中国药神 / 印度药神 / 印度药商 / 生命之路 / Dying to Survive / Drug Dealer,电影,是,2018,2010 年代,2018-07-05(中国大陆),2018,9.0,9.0 分以上,4.5,2383456,50 万+,剧情,喜剧,,2,剧情 喜剧,中国大陆,是,中国大陆,汉语普通话 / 英语 / 上海话 / 印地语,117,100 分钟以上,,文牧野,徐峥 / 王传君 / 周一围 / 谭卓 / 章宇,19,585528,17491,普通中年男子程勇（徐峥 饰）经营着一家保健品店，失意又失婚。不速之客吕受益（王传君 饰）的到来，让他开辟了一条去印度买药做“代购”的新事业，虽然困难重重，但他在这条“买药之路”上发现了商机，一发不可收拾地做起了治疗慢粒白血病的印度仿制药独家代理商。赚钱的同时，他也认识了几个病患及家属，为救女儿被迫做舞女的思慧（谭卓 饰）、说一口流利“神父腔”英语的刘牧师（杨新鸣 饰），以及脾气暴烈的“黄毛”（章宇 饰），几个人合伙做起了生意，利润倍增的同时也危机四伏。程勇昔日的小舅子曹警官（周一围 饰）奉命调查仿制药的源头，假药贩子张长林（王砚辉 饰）和瑞士正牌医药代表（李乃文 饰）也对其虎视眈眈，生意逐渐变成了一场关于救赎的拉锯战。 本片改编自慢粒白血病患者陆勇代购抗癌药的真实事迹。,https://img3.doubanio.com/view/photo/m_ratio_poster/public/p2527119568.jpg,https://movie.douban.com/subject/26752088/,2026-10-01T17:41:18+08:00,,,,,,,,,,
33447642,沉默的真相,,长夜难明 / The Long Night,剧集/番剧,是,2020,2020 年代,2020-09-16(中国大陆),2020,9.0,9.0 分以上,4.5,1059393,50 万+,剧情,悬疑,犯罪,3,剧情 悬疑 犯罪,中国大陆,是,中国大陆,汉语普通话,45,30-60 分钟,12,陈奕甫,廖凡 / 白宇 / 谭卓 / 宁理 / 黄尧,17,342011,3768,人头攒动、过往喧嚣的地铁站，一名衣衫褴褛的男子及其沉重的行李箱引起安检人员的警惕。经过一番追逐，男子声称行李箱内有炸弹，旋即引起莫大骚动。等到防暴警察赶来将其制服，却发现箱子内居然蜷缩着一具尸体。被捕男子名叫张超（宁理 饰），是江潭市小有名气的律师。他起先对罪行供认不讳，但随后拿出不在场证明当庭翻供。为此，经验丰富的刑警严良（廖凡 饰）火速加入专案组。未几，《江潭晚报》女记者张晓倩收到匿名信件，寄信人声称要玩一场关系本案的九宫格游戏。一时间，案情变得扑朔迷离，而随着调查的深入，严良也发现该案居然与多年前的一起案件息息相关…… 本片根据紫金陈的小说《长夜难明》改编。,https://img3.doubanio.com/view/photo/m_ratio_poster/public/p2620780603.jpg,https://movie.douban.com/subject/33447642/,2026-10-01T17:41:20+08:00,,,,,,,,,,
3742360,让子弹飞,,让子弹飞一会儿 / 火烧云 / Let The Bullets Fly,电影,是,2010,2010 年代,2010-12-16(中国大陆),2010,9.0,9.0 分以上,4.5,1944880,50 万+,剧情,喜剧,动作,3,剧情 喜剧 动作,中国大陆 / 中国香港,是,中国大陆,汉语普通话 / 四川话 / 山西话,132,100 分钟以上,,姜文,姜文 / 葛优 / 周润发 / 刘嘉玲 / 陈坤,22,365269,5785,民国年间，花钱捐得县长的马邦德（葛优 饰）携妻（刘嘉玲 饰）及随从走马上任。途经南国某地，遭劫匪张麻子（姜文 饰）一伙伏击，随从尽死，只夫妻二人侥幸活命。马为保命，谎称自己是县长的汤 师爷。为汤师爷许下的财富所动，张麻子摇身一变化身县长，带着手下赶赴鹅城上任。有道是天高皇帝远，鹅城地处偏僻，一方霸主黄四郎（周润发 饰）只手遮天，全然不将这个新来的县长放在眼里。张麻子痛打了黄的武教头（姜武 饰），黄则设计害死张的义子小六（张默 饰）。原本只想赚钱的马邦德，怎么也想不到竟会被卷入这场土匪和恶霸的角力之中。鹅城上空愁云密布，血雨腥风在所难免…… 本片根据马识途的小说《夜谭十记》中的《盗官记》一章改编。,https://img3.doubanio.com/view/photo/m_ratio_poster/public/p1512562287.jpg,https://movie.douban.com/subject/3742360/,2026-10-01T17:41:21+08:00,,,,,,,,,,
1291543,功夫,,功夫3D / Kung Fu Hustle,电影,是,2004,2000 年代,2004-12-23(中国大陆),2004,8.9,8.0-8.9,4.5,1367375,50 万+,喜剧,动作,犯罪,3,喜剧 动作 犯罪,中国大陆 / 中国香港,是,中国大陆,粤语 / 汉语普通话 / 手语,100,60-100 分钟,,周星驰,周星驰 / 元秋 / 元华 / 黄圣依 / 梁小龙,22,180471,1262,1940年代的上海，自小受尽欺辱的街头混混阿星（周星驰）为了能出人头地，可谓窥见机会的缝隙就往里钻，今次他盯上行动日益猖獗的黑道势力“斧头帮”，想借之大名成就大业。 阿星假冒“斧头帮”成员试图在一个叫“猪笼城寨”的地方对居民敲诈，不想引来真的“斧头帮”与“猪笼城寨”居民的恩怨。“猪笼城寨”原是藏龙卧虎之处，居民中有许多身怀绝技者（元华、梁小龙等），他们隐藏于此本是为远离江湖恩怨，不想麻烦自动上身，躲都躲不及。而在观战正邪两派的斗争中，阿星逐渐领悟功夫的真谛。,https://img3.doubanio.com/view/photo/m_ratio_poster/public/p2219011938.jpg,https://movie.douban.com/subject/1291543/,2026-10-01T17:41:22+08:00,,,,,,,,,,
1292329,牯岭街少年杀人事件,牯嶺街少年殺人事件,A Brighter Summer Day,电影,是,1991,1990 年代,1991-07-27(中国台湾),1991,8.9,8.0-8.9,4.5,381540,10-50 万,剧情,犯罪,,2,剧情 犯罪,中国台湾,否,中国台湾,汉语普通话 / 闽南语 / 上海话 / 粤语,237,100 分钟以上,,杨德昌,张震 / 杨静怡 / 张国柱 / 王启赞 / 林鸿铭,14,103026,2181,结识小明（杨静怡）前，小四（张震）是典型的乖仔，是父母的希望和兄妹的骄傲（一家人指望他考上名牌大学将来提升全家的社会地位），他有一个喜欢摇滚乐的自称“小猫王（王启赞）”的好友，两人虽会去树林看人幽会，但过的是与周围诸多在“小公园”混的少年人完全两样的生活。 喜欢上小明后 ，小四便像跌进一个无底深渊，开始被外界的各种力量牵着鼻子走。新识仰慕对象honey（林鸿铭）意外身亡，一向敬重的父亲的自尊与精神因为某次事件严重受损，加上将一次次“欺骗玩弄”他感情的小明“看透”，血气方刚又有很强道德感的小四终于走上犯罪的道路，期望用自己的刀结束事件的根源。但小四不知的是，他眼中的根源只是这条食物链中微不足道的一环。,https://img9.doubanio.com/view/photo/m_ratio_poster/public/p848381236.jpg,https://movie.douban.com/subject/1292329/,2026-10-01T17:41:24+08:00,,,,,,,,,,
26602244,最好的我们,,With You,剧集/番剧,是,2016,2010 年代,2016-04-08(中国大陆),2016,8.9,8.0-8.9,4.5,453307,10-50 万,剧情,爱情,,2,剧情 爱情,中国大陆,是,中国大陆,汉语普通话,45,30-60 分钟,24,刘畅,刘昊然 / 谭松韵 / 王栎鑫 / 董晴 / 李砚,42,135036,2152,因非典的缘故，当年中考难度降低，这让成绩并不突出的女孩耿耿（谭松韵 饰）尝到了甜头，从而意外考入了重点学校振华高中。肩负着父母的期望，她昂首阔步走入高中。但是这里毕竟是一个凭实力说话的名牌学府，四周围学霸云集，大神辈出，远离了父母加上遭受旁人异样的目光，让她如坐针毡。因为某个意外，她和同班的学霸余淮（刘昊然 饰）相识。余淮虽然学业优秀，但同时还是一个喜欢恶作剧的大男孩，他多次帮助耿耿，让女孩感到了久违的暖意。在此期间，耿耿还与简单（陈梦希 饰）、β蒋年年（董晴 饰）等成为好朋友。青涩美好的学生时代，留下多少难忘的记忆…… 本片根据八月长安的同名小说改编。,https://img3.doubanio.com/view/photo/m_ratio_poster/public/p2299407300.jpg,https://movie.douban.com/subject/26602244/,2026-10-01T17:41:26+08:00,,,,,,,,,,
27060077,绿皮书,Green Book,绿簿旅友(港) / 幸福绿皮书(台) / 绿书,电影,是,2018,2010 年代,2019-03-01(中国大陆),2019,8.9,8.0-8.9,4.5,1922220,50 万+,剧情,喜剧,音乐,3,剧情 喜剧 音乐,美国 / 中国大陆,是,美国,英语 / 意大利语 / 俄语 / 德语,130,100 分钟以上,,彼得·法雷里,维果·莫腾森 / 马赫沙拉·阿里 / 琳达·卡德里尼 / 塞巴斯蒂安·马尼斯科 / 迪米特·D·马里诺夫,32,443486,7912,托尼（维果·莫腾森 Viggo Mortensen 饰）是一个吊儿郎当游手好闲的混混，在一家夜总会做侍者。这间夜总会因故要停业几个月，可托尼所要支付的房租和生活费不会因此取消，所以他的当务之急是去寻找另一份工作来填补这几个月的空缺。在这个节骨眼上，一位名叫唐雪莉（马赫沙拉·阿里 Mahershala Ali 饰）的黑人钢琴家提出雇佣托尼。 唐雪莉即将开始为期八个星期的南下巡回演出，可是，那个时候南方对黑人的歧视非常的严重，于是托尼便成为了唐雪莉的司机兼保镖。一路上，两人迥异的性格使得他们之间产生了很多的矛盾，与此同时，唐雪莉在南方所遭受的种种不公平的对待也让托尼对种族歧视感到深恶痛绝。,https://img2.doubanio.com/view/photo/m_ratio_poster/public/p2531065411.jpg,https://movie.douban.com/subject/27060077/,2026-10-01T17:41:29+08:00,,,,,,,,,,
3111378,大耳朵图图,,大耳朵图图第一季,剧集/番剧,是,2004,2000 年代,2004-06-01(中国大陆),2004,8.9,8.0-8.9,4.5,55148,5-10 万,动画,儿童,,2,动画 儿童,中国大陆,是,中国大陆,汉语普通话,12,15 分钟以内,26,速达,豆豆 / 赵铭 / 范楚绒 / 何瑾 / 金炜,5,12580,39,《大耳朵图图》的主角灵感来自现实生活，曾获得第23届中国电视金鹰奖“最佳编导”和“优秀长篇美术片”两大奖项。 胡图图是一个机灵，淘气聪明的小孩三岁小孩，他天生快乐，心地善良，喜欢多管闲事，精力充沛，对周围的事物非常好奇，并且还有自己独特的见解和超强想象力，他的言行常常让人大跌眼镜。他爱胡思乱想，最大的特点就是好吃，每次一提到说到考试就能想到烤红薯和羊肉串，还会观察想象成一种好喝的茶，而且为了有零食吃可以做出违背自己原则的事情，他的可爱和自作聪明让每个人忍俊不禁。,https://img9.doubanio.com/view/photo/m_ratio_poster/public/p2674283905.jpg,https://movie.douban.com/subject/3111378/,2026-10-01T17:41:30+08:00,,,,,,,,,,
3335371,小蝌蚪找妈妈,,Baby Tadpoles Look for Their Mother,电影,是,1960,1990 前,1960,1960,8.9,8.0-8.9,4.5,108725,10-50 万,动画,短片,,2,动画 短片,中国大陆,是,中国大陆,汉语普通话,15,15 分钟以内,,特伟 / 钱家骏 / 唐澄,,0,13224,51,本美术片是中国第一部水墨动画片，集体编导，艺术指导为特伟，美术指导为钱家骏。影片拍竣后的十多年，在多个国际电影节上获得荣誉，并在1962年第一届中国电影百花奖上荣获最佳美术片奖。 青蛙妈妈产下的宝宝们慢慢长出尾巴变成一群小蝌蚪，它们在水塘里游啊游，遇到两只小鸡，虽然彼此不认识，可是也很快成了好朋友。小鸡和妈妈的亲密让小蝌蚪们羡慕不已，它们决定去找自己的妈妈，路上，它们从虾爷爷那里知道了妈妈的模样，以为能顺顺利利地把妈妈找到。可是找起来，还真不是一件简单事。,https://img9.doubanio.com/view/photo/m_ratio_poster/public/p2250602634.jpg,https://movie.douban.com/subject/3335371/,2026-10-01T17:41:32+08:00,,,,,,,,,,
34792351,魔道祖师 第三季,,魔道祖师 完结篇 / 魔道祖师动画版 第三季,剧集/番剧,是,2021,2020 年代,2021-08-07(中国大陆),2021,8.9,8.0-8.9,4.5,42726,1-5 万,剧情,动画,奇幻,3,剧情 动画 奇幻,中国大陆,是,中国大陆,汉语普通话,25,15-30 分钟,12,熊可,张杰 / 边江 / 杨天翔 / 金弦 / 郭浩然,11,12126,95,莫家庄里，金光善的私生子莫玄羽献舍成功，随着一句在此恭迎夷陵老祖魏无羡，魏无羡得以重生。重生后的魏无羡必须满足莫玄羽的三个愿望才能不被诅咒反噬，在机缘巧合下，凶尸将莫家庄少爷莫子渊、随仆阿童、莫夫人等先后杀死。但是凶尸力量强大，虽然魏无羡暗 地里帮助蓝愿与蓝景仪驱除凶尸 却依旧苦难重重，就在魏无羡要绝杀的时候，蓝湛赶到压制住了鬼手。 时隔13年，蓝湛和魏无羡再次见面了。魏无羡骑着小苹果慌慌张张地逃跑，不曾想却遇到金陵和江澄、以及鬼将军温宁。为了解除鬼将军带来的危机，魏无羡吹响竹笛将其制服。因为鬼将军只有夷陵老祖魏无羡才能控制，所以魏无羡的身份受到质疑，蓝忘机索性直接将其带回了云深不知处。,https://img3.doubanio.com/view/photo/m_ratio_poster/public/p2675022023.jpg,https://movie.douban.com/subject/34792351/,2026-10-01T17:41:34+08:00,,,,,,,,,,
35882624,凡人修仙传：再别天南,,凡人修仙传 第47-60集 / 凡人修仙传年番1之再别天南篇 / 凡人修仙传 第二季之再别天南篇 / 凡人修仙传之再别天南篇 / A Mortal's Journey / A Record of A Mortal's Journey to Immortality,剧集/番剧,是,2022,2020 年代,2022-04-24(中国大陆),2022,8.9,8.0-8.9,4.5,34555,1-5 万,动作,动画,奇幻,3,动作 动画 奇幻,中国大陆,是,中国大陆,汉语普通话,20,15-30 分钟,14,王裕仁,钱文青 / 刘三木 / 唐小喜 / 徐佳琦 / 聂曦映,26,5375,22,看机智的凡人小子韩立如何稳健发展、步步为营，战魔道、夺至宝、驰骋星海、快意恩仇，成为纵横三界的强者。他日仙界重相逢，一声道友尽沧桑。,https://img2.doubanio.com/view/photo/m_ratio_poster/public/p2873416851.jpg,https://movie.douban.com/subject/35882624/,2026-10-01T17:41:36+08:00,,,,,,,,,,
36154853,好东西,,爱情神话平行篇：好东西 / 爱情神话·平行篇 / 爱情神话2 / Herstory / Her Story,电影,是,2024,2020 年代,2024-11-22(中国大陆),2024,8.9,8.0-8.9,4.5,1246949,50 万+,剧情,爱情,,2,剧情 爱情,中国大陆,是,中国大陆,汉语普通话,123,100 分钟以上,,邵艺辉,宋佳 / 钟楚曦 / 曾慕梅 / 章宇 / 赵又廷,14,489745,8035,爱逞强的单亲妈妈王铁梅（宋佳 饰）带小孩王茉莉（曾慕梅 饰）搬到新家，结识了所谓清醒恋爱脑的邻居小叶（钟楚曦 饰）。两位性格迥异的女性，一个坚强，一个柔软，一个擅长给人当妈，一个擅长随时撒谎。面对旧创伤和新挑战，她们彼此温暖互相慰藉。 而围绕王铁梅的两个男人，前夫（赵又廷 饰）不时“添乱”，女儿的鼓手老师（章宇 饰）似乎充满新的可能。作为已经觉醒的女人们和学习过性别议题的男人们，会遇到什么新问题？会如何看待自己和世界？,https://img2.doubanio.com/view/photo/m_ratio_poster/public/p2915454411.jpg,https://movie.douban.com/subject/36154853/,2026-10-01T17:41:38+08:00,,,,,,,,,,
36245596,我的阿勒泰,,To the Wonder,剧集/番剧,是,2024,2020 年代,2024-05-07(中国大陆),2024,8.9,8.0-8.9,4.5,386005,10-50 万,剧情,,,1,剧情,中国大陆,是,中国大陆,汉语普通话 / 哈萨克语,45,30-60 分钟,8,滕丛丛,马伊琍 / 周依然 / 于适 / 蒋奇明 / 闫佩伦,50,151894,1050,该剧改编自作家李娟同名散文集。生长在阿勒泰的汉族少女李文秀（周依然 饰）一心在大城市中追求文学梦想，却屡屡碰壁被迫回到老家与开小卖部的母亲张凤侠（马伊琍 饰）相依为命。在结识哈萨克少年巴太（于适 饰）之后，文秀渐渐发现了当地之美。,https://img9.doubanio.com/view/photo/m_ratio_poster/public/p2905618615.jpg,https://movie.douban.com/subject/36245596/,2026-10-01T17:41:40+08:00,,,,,,,,,,
36779574,仙逆 年番1,,仙逆 第25-76集 / 仙逆 第二季 / 仙逆 年番一 / Renegade Immortal,剧集/番剧,是,2024,2020 年代,2024-02-26(中国大陆),2024,8.9,8.0-8.9,4.5,42849,1-5 万,动画,奇幻,古装,3,动画 奇幻 古装,中国大陆,是,中国大陆,汉语普通话,20,15-30 分钟,52,石头熊 / 冯毅 / 李振锋 / 王建鑫 / 刘莹 / 杜文凯 / 崔玮 / 高佳 / 王栋,史泽鲲 / 周健 / 苗壮 / 黄玮 / 王敏纳,12,17853,135,改编自耳根同名小说《仙逆》，讲述了乡村平凡少年王林以心中之感动，逆仙而修，求的不仅是长生，更多的是摆脱那背后的蝼蚁之身。他坚信道在人为，以平庸的资质踏入修真仙途，历经坎坷风雨，凭着其聪睿的心智，一步一步走向巅峰，凭一己之力，扬名修真界。 2月26日不断更年番继续。,https://img9.doubanio.com/view/photo/m_ratio_poster/public/p2920749956.jpg,https://movie.douban.com/subject/36779574/,2026-10-01T17:41:44+08:00,,,,,,,,,,
11026735,超能陆战队 Big Hero 6,,,电影,否,2014,2010 年代,,2014,8.8,8.0-8.9,4.5,,未知,喜剧,动作,科幻,5,喜剧 动作 科幻 动画 冒险,美国,否,美国,,102,100 分钟以上,,唐·霍尔 / 克里斯·威廉姆斯,斯科特·安第斯 / 瑞恩·波特 / 丹尼尔·海尼 / T·J·米勒 / 郑智麟,10,,,,,https://movie.douban.com/subject/11026735/,2026-10-01T17:41:47+08:00,,,,,,,,,,
1291557,花样年华 花樣年華,,,电影,否,2000,2000 年代,,2000,8.8,8.0-8.9,4.5,,未知,剧情,爱情,,2,剧情 爱情,中国香港,否,中国香港,,103,100 分钟以上,,王家卫,张曼玉 / 梁朝伟 / 潘迪华 / 雷震 / 萧炳林,10,,,,,https://movie.douban.com/subject/1291557/,2026-10-01T17:41:51+08:00,,,,,,,,,,
1291579,"怪兽电力公司 Monsters, Inc.",,,电影,否,2001,2000 年代,,2001,8.8,8.0-8.9,4.5,,未知,儿童,喜剧,动画,5,儿童 喜剧 动画 奇幻 冒险,美国,否,美国,,92,60-100 分钟,,彼特·道格特 / 大卫·西尔弗曼 / 李·昂克里奇,约翰·古德曼 / 比利·克里斯托 / 玛丽·吉布斯 / 史蒂夫·布西密 / 詹姆斯·柯本,10,,,,,https://movie.douban.com/subject/1291579/,2026-10-01T17:41:56+08:00,,,,,,,,,,
1291875,阳光灿烂的日子,,,电影,否,1994,1990 年代,,1994,8.8,8.0-8.9,4.5,,未知,剧情,爱情,,2,剧情 爱情,中国大陆,是,中国大陆,,134,100 分钟以上,,姜文,夏雨 / 宁静 / 陶虹 / 耿乐 / 斯琴高娃,10,,,,,https://movie.douban.com/subject/1291875/,2026-10-01T17:42:00+08:00,,,,,,,,,,
1291999,重庆森林,重慶森林,Chungking Express,电影,是,1994,1990 年代,1994-07-14(中国香港),1994,8.8,8.0-8.9,4.5,937732,50 万+,剧情,爱情,,2,剧情 爱情,中国香港,否,中国香港,粤语 / 汉语普通话 / 英语 / 印地语 / 日语,102,100 分钟以上,,王家卫,林青霞 / 金城武 / 梁朝伟 / 王菲 / 周嘉玲,5,213635,3096,编号为223的警察（金城武）失恋后患上失恋综合症，在与金发女杀手（林青霞）擦肩而过又离奇相遇并有了一晚温情后，原本以为包括“爱情”在内的所有东西都有保质期的他意外地迎来心灵的短暂温暖。可是，他们的爱情还是结束了。 快餐店新来的女招待阿菲（王菲）爱上了时常光顾快餐店的编号 为663的警察（梁朝伟），因拆了他的女友（周嘉玲）留在快餐店给他的“分手” 信，阿菲知晓了他的心情，偷拿到他的钥匙趁他不在时常潜入他家，一边梦游一边悄悄地改变他的生活，终在被他撞见时令其感受到情感的回归。然而，这才是他们爱情的开始。,https://img2.doubanio.com/view/photo/m_ratio_poster/public/p792381411.jpg,https://movie.douban.com/subject/1291999/,2026-10-01T17:42:02+08:00,,,,,,,,,,
1293323,大红灯笼高高挂,,Raise The Red Lantern / Épouses et concubines,电影,是,1991,1990 年代,1991-09-10(威尼斯电影节),1991,8.8,8.0-8.9,4.5,388847,10-50 万,剧情,,,1,剧情,中国大陆 / 中国香港 / 中国台湾,是,中国大陆,汉语普通话,125,100 分钟以上,,张艺谋,巩俐 / 马精武 / 何赛飞 / 曹翠芬 / 周琦,9,85659,1486,大学刚读半年的颂莲（巩俐）被贪钱的母亲逼迫着嫁进陈家大院，成了老爷的第四房姨太。陈府有老规矩，姨太太们傍晚时分要站在自已的屋子前，等待下人送来的意味被老爷“临幸”的大红灯笼。 起初因为“新人”身份，颂莲得到老爷最多宠幸，但也因此被其它三位姨太太尤其笑里藏刀的二姨太（曹翠芬）挤兑得叫苦不迭。因为涉世不深，生性反叛好强的颂莲急欲争一口气，使计又成老爷身边红人，不想计被看穿，终败于二姨太手下酿成悲剧。而三姨太（何赛飞）的经历虽与颂莲迥异，却也殊途同归逃不出宿命。,https://img3.doubanio.com/view/photo/m_ratio_poster/public/p1254404823.jpg,https://movie.douban.com/subject/1293323/,2026-10-01T17:42:04+08:00,,,,,,,,,,
1295409,纵横四海,縱橫四海,Once a Thief,电影,是,1991,1990 年代,2026-05-03(中国大陆),2026,8.8,8.0-8.9,4.5,497338,10-50 万,剧情,喜剧,动作,3,剧情 喜剧 动作,中国香港,否,中国香港,粤语 / 汉语普通话 / 客家话 / 英语 / 法语,109,100 分钟以上,,吴宇森,周润发 / 张国荣 / 钟楚红 / 朱江 / 曾江,8,100082,594,砵仔糕（周润发 饰）、阿占（张国荣 饰）和红豆（钟楚红 饰）均是孤儿，在养父（曾江 饰）栽培下成为国际大盗。长大后成了帮他赚钱的艺术品大盗，而三人同时又认了警察（朱江 饰）为干爹。 法国巴黎博物馆内，名画《赫林之女仆》被人盗走。与此同时，阿海、阿占和红豆三人以敏捷身手盗得另一幅名画，在与法国大哥交易时得知名画《赫林之女仆》在妖气重重的古堡内，他们在曾江安排下成功地盗取此画之后，反被集团原凶曾江与法国大哥合谋设下陷阱，派人追杀灭口。阿海驾车与杀手快艇相撞…… 三人失散，数年后，他们在香港重聚，阿海“瘫痪”住在朱江家里，阿占和红豆已经结婚了。曾江又逼他们去偷画……,https://img3.doubanio.com/view/photo/m_ratio_poster/public/p2931740648.jpg,https://movie.douban.com/subject/1295409/,2026-10-01T17:42:07+08:00,,,,,,,,,,
1297518,九品芝麻官,,九品芝麻官之白面包青天 / Hail the Judge,电影,是,1994,1990 年代,1994-03-31(中国香港),1994,8.8,8.0-8.9,4.5,813464,50 万+,剧情,喜剧,古装,3,剧情 喜剧 古装,中国香港,否,中国香港,粤语,108,100 分钟以上,,王晶,周星驰 / 吴孟达 / 张敏 / 徐锦江 / 钟丽缇,13,87488,356,包龙星（周星驰 饰）用钱买来了一个候补知县的职位，可是为人贪婪，县上的人都对他痛恨之极。在他代替正式知县的时候，戚家媳妇戚秦氏（张敏 饰）遭到了常威( 邹兆龙 饰 )的强暴，后来常威动了杀机把戚家上下都杀害了，更嫁祸于戚秦氏。常威是水师提督大人的儿子，请来大状方唐镜（吴启华 饰），收买了所有证人以便洗脱罪名。包龙星虽然极力寻找证据，也被迫害至落难他乡。他决定要上京告御状，后来他因没钱不得不在妓院打工，向老板娘学习了一身斗嘴的好功夫。他在妓院里误打误撞认识了皇上，帮助皇上有功他被封了大官，重审戚家被害的案件。他凭着聪慧与口才，全力为戚秦氏讨回公道。,https://img3.doubanio.com/view/photo/m_ratio_poster/public/p648370300.jpg,https://movie.douban.com/subject/1297518/,2026-10-01T17:42:09+08:00,,,,,,,,,,
1302425,喜剧之王 喜劇之王,,,电影,否,1999,1990 年代,,1999,8.8,8.0-8.9,4.5,,未知,喜剧,剧情,爱情,3,喜剧 剧情 爱情,中国香港,否,中国香港,,89,60-100 分钟,,周星驰 / 李力持,周星驰 / 张柏芝 / 莫文蔚 / 吴孟达 / 林子善,10,,,,,https://movie.douban.com/subject/1302425/,2026-10-01T17:42:14+08:00,,,,,,,,,,
1306249,唐伯虎点秋香 唐伯虎點秋香,,,电影,否,1993,1990 年代,,1993,8.8,8.0-8.9,4.5,,未知,喜剧,爱情,古装,3,喜剧 爱情 古装,中国香港,否,中国香港,,102,100 分钟以上,,李力持,周星驰 / 巩俐 / 陈百祥 / 郑佩佩 / 朱咪咪,10,,,,,https://movie.douban.com/subject/1306249/,2026-10-01T17:42:17+08:00,,,,,,,,,,
1307106,无间道2 無間道II,,,电影,否,2003,2000 年代,,2003,8.8,8.0-8.9,4.5,,未知,剧情,犯罪,惊悚,3,剧情 犯罪 惊悚,中国香港,否,中国香港,,119,100 分钟以上,,刘伟强 / 麦兆辉,陈冠希 / 余文乐 / 曾志伟 / 黄秋生 / 吴镇宇,10,,,,,https://movie.douban.com/subject/1307106/,2026-10-01T17:42:20+08:00,,,,,,,,,,
1428578,没头脑和不高兴,,,电影,否,1962,1990 前,,1962,8.8,8.0-8.9,4.5,,未知,喜剧,动画,短片,3,喜剧 动画 短片,中国大陆,是,中国大陆,,20,15-30 分钟,,张松林,邱岳峰 / 姚培华,2,,,,,https://movie.douban.com/subject/1428578/,2026-10-01T17:42:23+08:00,,,,,,,,,,
1870436,舒克和贝塔,,舒克与贝塔 / Shuke and Beita,剧集/番剧,是,1989,1990 前,1989-10-13(中国大陆),1989,8.8,8.0-8.9,4.5,94597,5-10 万,动画,儿童,,2,动画 儿童,中国大陆,是,中国大陆,汉语普通话,20,15-30 分钟,13,严定宪 / 林文肖 / 胡依红 / 王加世 / 阎善春 / 姚光华 / 沈寿林 / 薛梅君 / 彭戈,范捷 / 翟巍 / 范蕾颕 / 余大金 / 洪海天,7,12272,48,贝塔是一只宠物鼠，他经常会驾着小主人的小坦克对付老是欺负他的大花猫，好不神气；而舒克则是一只生活在丛林里的小老鼠，一次偶然，他得到了一架小小的直升飞机，有了直升机后，舒克经常开着它在丛林中飞来飞去，帮助朋友们。终于，贝塔厌倦了整天呆在家里的生活，决定开着他的坦克出外闯荡世界。 某天早上，贝塔出发了。当他的坦克来到了丛林后，发现舒克的直升机。两人由此交上了手。一番大战后，两人终于握手言和，而且成了好朋友。这对海空作战的好拍档开始了他们的冒险之旅！,https://img3.doubanio.com/view/photo/m_ratio_poster/public/p2627283939.jpg,https://movie.douban.com/subject/1870436/,2026-10-01T17:42:27+08:00,,,,,,,,,,
2156754,魔方大厦,,A Building of Cube,剧集/番剧,是,1990,1990 年代,1990(中国大陆),1990,8.8,8.0-8.9,4.5,47582,1-5 万,动画,儿童,奇幻,3,动画 儿童 奇幻,中国大陆,是,中国大陆,汉语普通话,18,15-30 分钟,10,查侃,黄澄澄 / 韩青 / 沈明举 / 孙敬季 / 孙薇薇,6,10448,64,六年级小学生莱克面临严峻的考试，加上父母一向管教甚严，所以他只能窝在家中学习，没法和小朋友们去往广阔的天地玩耍。这一天，莱克受到母亲惩罚，他气得那玩具魔方撒气。谁知，受到撞击的魔方竟然放出光芒，越变越大，最后变成一座高耸挺拔的摩天大楼。阴差阳错之下莱克闯入魔方大厦，见识了脆弱美丽的玻璃城、小孩子统治的儿童王国，也在昆虫王国经历了激烈的战争。他的探险上天入地，惊现不断，但是该如何找到回家的路呢？ 本片根据郑渊洁的同名童话改编，曾荣获第二届中国影视动画展播二等奖、1993年广播电影电视部优秀影片奖。原计划拍摄26集，但因人才流失等问题最终拍摄10集后无限期中止。,https://img3.doubanio.com/view/photo/m_ratio_poster/public/p2607628829.jpg,https://movie.douban.com/subject/2156754/,2026-10-01T17:42:31+08:00,,,,,,,,,,
2210236,济公,,,剧集/番剧,是,1985,1990 前,1985-09-03(中国大陆),1985,8.8,8.0-8.9,4.5,66344,5-10 万,喜剧,奇幻,古装,3,喜剧 奇幻 古装,中国大陆,是,中国大陆,汉语普通话,45,30-60 分钟,8,张戈,游本昌 / 吕凉 / 廖有梁 / 宦柳眉 / 战士强,10,11662,50,南宋时期，杭州灵隐寺住这一位疯癫和尚，人称济公，传说为罗汉转世。他本姓李，祖上乃宋太宗驸马。济公二十七岁出家，不戒酒肉，破衣拉撒，不知情者皆道其疯癫，却不知其实为得到高僧。济公济困扶危，惩治强梁，经常用一些诙谐的小法术教训那些欺压百姓、鱼肉乡民的奸佞恶霸。恶人提起他又恨又怕，百姓们则对济公师父爱戴有佳。 1988年，电视连续剧《济公》红遍大江南北，主题歌“鞋儿破、帽儿破，身上的袈裟破……”更被广为传唱。1998年由北京本昌文化艺术传播中心、格力电器股份公司、浙江有线电视台、北京国安广告总公司联合制作的２０集电视连续剧《济公游记》摄制完成，与观众阔别10年的济公师父再次归来。,https://img9.doubanio.com/view/photo/m_ratio_poster/public/p2635001084.jpg,https://movie.douban.com/subject/2210236/,2026-10-01T17:42:36+08:00,,,,,,,,,,
2353023,驯龙高手 How to Train Your Dragon,,,电影,否,2010,2010 年代,,2010,8.8,8.0-8.9,4.5,,未知,动画,奇幻,冒险,3,动画 奇幻 冒险,美国,否,美国,,98,60-100 分钟,,迪恩·戴布洛伊 / 克里斯·桑德斯,杰伊·巴鲁切尔 / 杰拉德·巴特勒 / 克雷格·费格森 / 亚美莉卡·费雷拉 / 乔纳·希尔,10,,,,,https://movie.douban.com/subject/2353023/,2026-10-01T17:42:40+08:00,,,,,,,,,,
25788012,东方神娃,,东方神娃第1部,剧集/番剧,是,2005,2000 年代,2005-12-30(中国大陆),2005,8.8,8.0-8.9,4.5,26925,1-5 万,动画,儿童,奇幻,3,动画 儿童 奇幻,中国大陆,是,中国大陆,汉语普通话,11,15 分钟以内,52,殷晓东,罗玉婷 / 吴磊 / 范楚绒,3,5106,13,女娲使用光明之土造出了率真善良，豪爽正义的龙娃。又用光明之水造出了英姿飒爽，温柔可爱的凤娃，龙娃和凤娃视女娲为他们的母亲。天空中出现了巨大的黑洞，整个人界即将面临灭顶之灾，女娲煮化了五色石，试图填补漏洞，却将龙娃和凤娃也封印在了天上，从此母子被迫分离。伤心的女娲日日思念自己的孩子们，流出的眼泪汇聚在大地之上成为了黄河。 一晃眼百年过去，人间遭到了邪恶势力的侵犯，而女娲亦被困在绝世界中，对一切都无能为力。就在这个节骨眼上，龙娃和凤娃在天界习得了一身好本领后踏上了寻找母亲的旅途，一路上，等待着他们的是强大而又邪恶的敌人们。,https://img3.doubanio.com/view/photo/m_ratio_poster/public/p2876830410.jpg,https://movie.douban.com/subject/25788012/,2026-10-01T17:42:43+08:00,,,,,,,,,,
25861610,熊出没之年货,,,电影,否,2014,2010 年代,,2014,8.8,8.0-8.9,4.5,,未知,动画,,,1,动画,中国大陆,是,中国大陆,,55,30-60 分钟,,丁亮 / 刘富源 / 林永长,张秉君 / 万丹青 / 张伟 / 谭笑 / 孙尧东,6,,,,,https://movie.douban.com/subject/25861610/,2026-10-01T17:42:47+08:00,,,,,,,,,,
26815153,一人之下 第一季,,异人 / The Outcast,剧集/番剧,是,2016,2010 年代,2016-07-08(中国大陆),2016,8.8,8.0-8.9,4.5,131510,10-50 万,喜剧,动作,动画,3,喜剧 动作 动画,中国大陆 / 日本,是,中国大陆,日语 / 汉语普通话,21,15-30 分钟,12,李豪凌 / 王昕,田丸笃志 / 饭田友子 / 早见沙织 / 野岛健儿 / 立花慎之介,11,31115,123,这个世界是存在异人的。 张楚岚就是一个隐藏在普通人中的异人。在生命的前19年中，他一直小心隐藏着自己和别人的不同。直到有一天，神秘少女冯宝宝找上了他。从此他被活尸追，被怪人砍，被卷入了前所未见的麻烦之中……,https://img3.doubanio.com/view/photo/m_ratio_poster/public/p2370126919.jpg,https://movie.douban.com/subject/26815153/,2026-10-01T17:42:50+08:00,,,,,,,,,,
27015848,魔道祖师 第一季,,魔道祖师 前尘篇 / 魔道祖师动画版 / The Founder of Diabolism,剧集/番剧,是,2018,2010 年代,2018-07-09(中国大陆),2018,8.8,8.0-8.9,4.5,151962,10-50 万,剧情,动画,古装,3,剧情 动画 古装,中国大陆,是,中国大陆,汉语普通话,24,15-30 分钟,15,熊可,张杰 / 边江 / 郭浩然 / 金弦 / 刘三木,17,46678,518,温氏横行，生灵涂炭。江湖仙门义士发动“射日之征”，合力讨伐温氏。“夷陵老祖”魏无羡虽在推翻温氏中立下了汗马功劳，却因修非常道且太过强大而遭人忌惮坑害，致万人唾骂，被情同手足的师弟带人端了老巢，身陨形灭…… 十三年后，魏无羡被人献舍，并再度与姑苏蓝氏蓝忘机、云梦江氏江澄等旧人相遇，前尘谜团未消，江湖疑云再起。 而这一切恩怨情仇，都要从他们少年时说起……,https://img3.doubanio.com/view/photo/m_ratio_poster/public/p2523153760.jpg,https://movie.douban.com/subject/27015848/,2026-10-01T17:42:54+08:00,,,,,,,,,,
27624762,伍六七,,刺客伍六七 / Killer Seven / Scissor Seven,剧集/番剧,是,2018,2010 年代,2018-04-25(中国大陆),2018,8.8,8.0-8.9,4.5,130935,10-50 万,剧情,喜剧,动作,3,剧情 喜剧 动作,中国大陆,是,中国大陆,汉语普通话,14,15 分钟以内,13,何小疯,何小疯 / 姜广涛 / 段艺璇 / 赵寒 / 侯俊杰,10,30039,212,在某个小岛上，有一个可以伪装成任何东西的廉价刺客，名叫伍六七。伍六七平时看上去是个理发师，其实背地里却做着刺客生意。他热爱理发事业，喜欢给人剪头发，善用剪刀——剪刀也是他的刺杀武器。由于初入刺客行当，行情十分廉价，因此接到的都是些奇葩的刺杀任务。在完成刺杀任务的过程中，他常与刺杀对象发生一系列有趣的意外事件，每次任务都被搞得乱七八糟。 伍六七其实是他的经纪人鸡大保从海边“捡”回来的，当时他重伤昏迷失去了记忆，没有人知道他的过去。鸡大保根据理发店门牌号给他取了个名字——伍六七，同时作为他的经纪人，以理发店为据点，替伍六七承接各种奇葩的刺杀任务。伍六七从来没有成功完成过刺杀任务，但却每次都能意外的化解雇主的仇恨。然而，由于从来没有成功刺杀过一个人，他的行情低落，只能混迹于刺客行业的底层，生活穷困潦倒。 在伍六七这个弱鸡刺客执行那些奇葩任务的过程中，他看到了很多人，经历了很多事。他开始渐渐的认清自我，身世之谜也渐渐浮出水面。慢慢地，也许有一天，他终将寻回自己失去的记忆。,https://img3.doubanio.com/view/photo/m_ratio_poster/public/p2707610653.jpg,https://movie.douban.com/subject/27624762/,2026-10-01T17:42:58+08:00,,,,,,,,,,
30345939,魔道祖师 第二季,,魔道祖师 羡云篇 / 魔道祖师动画版 第二季,剧集/番剧,是,2019,2010 年代,2019-08-03(中国大陆),2019,8.8,8.0-8.9,4.5,98872,5-10 万,动画,同性,奇幻,3,动画 同性 奇幻,中国大陆,是,中国大陆,汉语普通话,24,15-30 分钟,8,熊可,张杰 / 边江 / 郭浩然 / 苏尚卿 / 金弦,14,24551,229,莫家庄里，金光善的私生子莫玄羽献舍成功，随着一句在此恭迎夷陵老祖魏无羡，魏无羡得以重生。重生后的魏无羡必须满足莫玄羽的三个愿望才能不被诅咒反噬，在机缘巧合下，凶尸将莫家庄少爷莫子渊、随仆阿童、莫夫人等先后杀死。但是凶尸力量强大，虽然魏无羡暗 地里帮助蓝愿与蓝景仪驱除凶尸 却依旧苦难重重，就在魏无羡要绝杀的时候，蓝湛赶到压制住了鬼手。 时隔13年，蓝湛和魏无羡再次见面了。魏无羡骑着小苹果慌慌张张地逃跑，不曾想却遇到金陵和江澄、以及鬼将军温宁。为了解除鬼将军带来的危机，魏无羡吹响竹笛将其制服。因为鬼将军只有夷陵老祖魏无羡才能控制，所以魏无羡的身份受到质疑，蓝忘机索性直接将其带回了云深不知处。,https://img3.doubanio.com/view/photo/m_ratio_poster/public/p2564646167.jpg,https://movie.douban.com/subject/30345939/,2026-10-01T17:43:01+08:00,,,,,,,,,,
33404425,隐秘的角落,,坏小孩 / The Bad Kids / Cat's Cradle / Bad Kids 隠秘之罪,剧集/番剧,是,2020,2020 年代,2020-06-16(中国大陆),2020,8.8,8.0-8.9,4.5,1284773,50 万+,剧情,悬疑,犯罪,3,剧情 悬疑 犯罪,中国大陆,是,中国大陆,汉语普通话,50,30-60 分钟,12,辛爽,秦昊 / 王景春 / 荣梓杉 / 史彭元 / 王圣迪,18,361565,4704,该剧改编自紫金陈推理小说《坏小孩》 ，讲述了沿海小城的三个孩子在景区游玩时无意拍摄记录了一次谋杀，他们的冒险也由此展开。扑朔迷离的案情，将几个家庭裹挟其中，带向不可预知的未来......,https://img3.doubanio.com/view/photo/m_ratio_poster/public/p2609064048.jpg,https://movie.douban.com/subject/33404425/,2026-10-01T17:43:05+08:00,,,,,,,,,,
35460732,无职转生Ⅲ 到了异世界就拿出真本事,無職転生Ⅲ ～異世界行ったら本気だす～,无职转生：到了异世界就拿出真本事 第三季 / Mushoku Tensei III: Jobless Reincarnation / Mushoku Tensei Season 3,剧集/番剧,是,2026,2020 年代,2026-07-04(日本),2026,8.8,8.0-8.9,4.5,4232,1000-1 万,动画,,,1,动画,日本,否,日本,日语,24,15-30 分钟,14,涩谷亮介,内山夕实 / 杉田智和 / 小原好美 / 茅野爱衣 / 金元寿子,16,1070,20,「俺は、この異世界で本気だす！」 34歳・童貞・無職の引きこもりニート男。 両親の葬儀の日に家を追い出された瞬間、トラックに轢かれ命を落としてしまう。 目覚めると、なんと剣と魔法の異世界で赤ん坊に生まれ変わっていた！ ゴミクズのように生きてきた男は、少年・ルーデウスとして異世界で本気をだして生きていく事を誓うー！ ルーデウスを待ち受けるのは、ロリっ子魔術師、エルフ耳のボクっ子幼馴染、凶暴ツンデレお嬢様、 そのほかの様々な人間との出会い。そして過酷な冒険と戦い。 新しい人生が動き出す！ 「人生やり直し」ファンタジー、開幕！,https://img9.doubanio.com/view/photo/m_ratio_poster/public/p2932543896.jpg,https://movie.douban.com/subject/35460732/,2026-10-01T17:43:09+08:00,,,,,,,,,,
35662223,去有风的地方,,,剧集/番剧,是,2023,2020 年代,2023-01-03(中国大陆),2023,8.8,8.0-8.9,4.5,445963,10-50 万,剧情,爱情,,2,剧情 爱情,中国大陆,是,中国大陆,汉语普通话,45,30-60 分钟,40,丁梓光,刘亦菲 / 李现 / 胡冰卿 / 牛骏峰 / 吴彦姝,37,177163,1957,许红豆（刘亦菲 饰）因为闺蜜去世，生活和工作陷入低谷，她独自前往大理云苗村的“有风小院”休息调整。在那里，她认识了辞去高薪工作回乡创业的当地人谢之遥（李现 饰），还有一群从大城市过去的同龄人。在日常相处中，谢之遥感受到了许红豆的善良和认真，便邀请许红豆用她多年的酒店从业经验，帮助当地提升员工服务 意识，为发展云苗村的文化旅游事业助力。同时，许红豆也被谢之遥想要建设家乡，让乡亲们可以壮有所用老有所依的理想打动，两人互生情愫，最终走到了一起。在大理，许红豆和小院里的其他人被当地村民的勤劳与韧性和他们苦辣酸甜的人生感动了，她们重新审视过往，互相帮助、互相启示，在有风的地方整理好心情，获得力量重新出发。,https://img3.doubanio.com/view/photo/m_ratio_poster/public/p2885759819.jpg,https://movie.douban.com/subject/35662223/,2026-10-01T17:43:13+08:00,,,,,,,,,,
35679829,有兽焉,,Fabulous Beasts,剧集/番剧,是,2023,2020 年代,2023-04-14(中国大陆),2023,8.8,8.0-8.9,4.5,5536,1000-1 万,动画,,,1,动画,中国大陆,是,中国大陆,汉语普通话 Mandarin,6,15 分钟以内,12,哲纸,杨凝 / 张杰 / 王敏纳 / 钱琛 / 聂曦映,6,1709,16,上古神兽貔貅皮皮来到了人间，为了躲避人类追捕，逃到了好友四不像开的专门帮助神兽的鹿人店，并结识了一群来自四面八方，性格各异的神兽，开始了远离人烟，轻松惬意的日常。,https://img3.doubanio.com/view/photo/m_ratio_poster/public/p2889714079.jpg,https://movie.douban.com/subject/35679829/,2026-10-01T17:43:16+08:00,,,,,,,,,,
35725021,一人之下 第五季,,一人之下5,剧集/番剧,是,2022,2020 年代,2022-12-09(中国大陆),2022,8.8,8.0-8.9,4.5,54744,5-10 万,剧情,动作,动画,3,剧情 动作 动画,中国大陆,是,中国大陆,汉语普通话,24,15-30 分钟,12,陈烨,曹云图 / 小连杀 / 巩大方 / 赵铭洲 / 藤新,8,12567,78,张楚岚、冯宝宝和临时工一行追捕陈朵，来到了碧游村。在查清了陈朵杀害廖忠真相的同时，对马仙洪和修身炉的处理也已经箭在弦上。夜黑风高夜，正是放火时，大战一触即发！决战·碧游村篇强势来袭！,https://img9.doubanio.com/view/photo/m_ratio_poster/public/p2875838244.jpg,https://movie.douban.com/subject/35725021/,2026-10-01T17:43:21+08:00,,,,,,,,,,
36576581,牧神记 年番1,,牧神记 第1-52集 / 牧神记年番1 / 牧神记 第一季 / Tales of Qin Mu / Tales of Herding Gods,剧集/番剧,是,2024,2020 年代,2024-10-27(中国大陆),2024,8.8,8.0-8.9,4.5,25306,1-5 万,动画,奇幻,冒险,3,动画 奇幻 冒险,中国大陆,是,中国大陆,汉语普通话,20,15-30 分钟,52,沈乐平,姚铭舜 / 李欣 / 程玉珠 / 杜晴晴 / 虞晓旭,13,7802,108,主角秦牧，幼时被一女尸托举至涌江边并被司婆婆捡到，村长根据玉佩上的字为其取名为“秦牧”。被一只母牛哺乳长大，是天生凡体，但被村长骗为霸体，修炼霸体三丹功。后走出大墟闯荡，进入京城，拜入太学院。历经考验成为天魔教教主，并被延康国封为第一任太学博士。,https://img9.doubanio.com/view/photo/m_ratio_poster/public/p2916595576.jpg,https://movie.douban.com/subject/36576581/,2026-10-01T17:43:25+08:00,,,,,,,,,,
36587974,出走的决心,,,电影,否,2024,2020 年代,,2024,8.8,8.0-8.9,4.5,,未知,剧情,家庭,,2,剧情 家庭,中国大陆,是,中国大陆,,106,100 分钟以上,,尹丽川,咏梅 / 姜武 / 吴倩 / 张本煜 / 马苏,10,,,,,https://movie.douban.com/subject/36587974/,2026-10-01T17:43:30+08:00,,,,,,,,,,
37315819,穹庐下的魔女,天幕のジャードゥーガル,Jaadugar: A Witch in Mongolia,剧集/番剧,是,2026,2020 年代,2026-07-04(日本),2026,8.8,8.0-8.9,4.5,6285,1000-1 万,动画,,,1,动画,日本,否,日本,日语,24,15-30 分钟,12,山田尚子 / 阿贝尔·贡戈拉,关根明良 / 小清水亚美 / 桑岛法子 / 斋藤润 / 下野纮,9,2553,32,十三世纪，幼小的奴隶希塔拉在伊朗东部城市图斯被奴隶商委托给一个学者辈出的家族进行教育。希塔拉起初试图逃跑，但她被教导了知识的重要性，希塔拉在这里被女主人法蒂玛视为女儿般的宠爱，并学习了欧几里得的《几何原本》等诸多知识。家族的继承人穆罕默德为了研究学问而前往内沙布尔后 8 年，图斯遭到蒙古人的袭击。希塔拉被拖雷的军队俘虏，法蒂玛为了保护希塔拉而被杀害。此外，《几何原本》也被抢走了。被带到蒙古的希塔拉开始思考对蒙古的复仇。,https://img2.doubanio.com/view/photo/m_ratio_poster/public/p2932766301.jpg,https://movie.douban.com/subject/37315819/,2026-10-01T17:43:35+08:00,,,,,,,,,,
4840353,果宝特攻,,Fruity Robo,剧集/番剧,是,2010,2010 年代,2010-04-01(中国大陆),2010,8.8,8.0-8.9,4.5,31493,1-5 万,喜剧,动作,动画,3,喜剧 动作 动画,中国大陆,是,中国大陆,普通话/国语,26,15-30 分钟,52,王巍,橙留香 / 菠萝吹雪 / 陆小果,3,5254,17,故事发生在水果世界之中。曾经，这里笼罩在宁静和祥和的氛围之下，直到有一天，守护着这个世界的七彩莲花被偷走了，噩梦开始了。邪恶的老板霸占了七彩花果山，在那里建造了一间水果加工厂，老板手下有着邪恶的四名爪牙，他们分别是天下无贼（李团 配音）、乱臣贼子（赵然 配音）、认贼作父和贼眉鼠眼（鞠月斌 饰）。每当工厂需要生产果汁时，四人便会触动抓来水果村的村民们将它们作为原料。 英雄（赵然 配音）和无极（陈铁 配音）是果冻学园里两位德高望重的师父，他们深入敌后想要制服老板，却反而落入了陷阱之中。橙留香（陆双 配音）、菠萝吹雪（祖晴 配音）和陆小果（王巍 配音）三剑客为了拯救师父而踏上了旅途。,https://img2.doubanio.com/view/photo/m_ratio_poster/public/p2302438861.jpg,https://movie.douban.com/subject/4840353/,2026-10-01T17:43:38+08:00,,,,,,,,,,
5989818,萤火之森 蛍火の杜へ,,,电影,否,2011,2010 年代,,2011,8.8,8.0-8.9,4.5,,未知,剧情,爱情,动画,4,剧情 爱情 动画 奇幻,日本,否,日本,,45,30-60 分钟,,大森贵弘,佐仓绫音 / 内山昂辉 / 辻亲八 / 山本兼平 / 后藤弘树,7,,,,,https://movie.douban.com/subject/5989818/,2026-10-01T17:43:42+08:00,,,,,,,,,,
1291578,冰川时代 Ice Age,,,电影,否,2002,2000 年代,,2002,8.7,8.0-8.9,4.5,,未知,喜剧,动画,冒险,3,喜剧 动画 冒险,美国,否,美国,,81,60-100 分钟,,卡洛斯·沙尔丹哈 / 克里斯·韦奇,雷·罗马诺 / 约翰·雷吉扎莫 / 丹尼斯·利瑞 / 杰克·布莱克 / 艾伦·图代克,10,,,,,https://movie.douban.com/subject/1291578/,2026-10-01T17:43:46+08:00,,,,,,,,,,
1292287,新龙门客栈 新龍門客棧,,,电影,否,1992,1990 年代,,1992,8.7,8.0-8.9,4.5,,未知,动作,爱情,武侠,4,动作 爱情 武侠 古装,中国香港,否,中国香港,,103,100 分钟以上,,李惠民,张曼玉 / 林青霞 / 梁家辉 / 甄子丹 / 熊欣欣,10,,,,,https://movie.douban.com/subject/1292287/,2026-10-01T17:43:51+08:00,,,,,,,,,,
1316510,射雕英雄传之东成西就 射鵰英雄傳之東成西就,,,电影,否,1993,1990 年代,,1993,8.7,8.0-8.9,4.5,,未知,喜剧,奇幻,武侠,4,喜剧 奇幻 武侠 古装,中国香港,否,中国香港,,113,100 分钟以上,,刘镇伟,梁朝伟 / 林青霞 / 张国荣 / 叶玉卿 / 张学友,10,,,,,https://movie.douban.com/subject/1316510/,2026-10-01T17:43:54+08:00,,,,,,,,,,
1817169,邋遢大王奇遇记,,Dirty King Adventure,剧集/番剧,是,1987,1990 前,1987,1987,8.7,8.0-8.9,4.5,78457,5-10 万,动画,儿童,,2,动画 儿童,中国大陆,是,中国大陆,汉语普通话,10,15 分钟以内,13,钱运达 / 阎善春,丁建华,1,11320,59,有一个外号邋遢大王的小男孩，他特别邋遢，不讲卫生，信奉“不干不净，吃了没病”。这天，鼠王想征服人类、称霸世界，于是想找个人来当他的细菌武器的试验品。鼠国密探看中了邋遢大王，因为只有他会吃不干净的东西，于是，邋遢大王喝了被老鼠下了药的橘子水后，身子变成了和老鼠一样大小，被老鼠密探骗到了老鼠王国！来到老鼠王国后，邋遢大王真正感到后悔了，想回家却又无奈被关了起来。幸好邋遢大王认识的好友小猫小狗把鼠博士准备在他身上做实验的换掉了，邋遢大王才逃过一劫。邋遢大王最终能否逃出鼠国？,https://img3.doubanio.com/view/photo/m_ratio_poster/public/p2520057783.jpg,https://movie.douban.com/subject/1817169/,2026-10-01T17:43:58+08:00,,,,,,,,,,
1828115,色，戒,,,电影,否,2007,2000 年代,,2007,8.7,8.0-8.9,4.5,,未知,剧情,爱情,情色,3,剧情 爱情 情色,中国台湾,否,中国台湾,,145,100 分钟以上,,李安,梁朝伟 / 汤唯 / 陈冲 / 王力宏 / 庹宗华,10,,,,,https://movie.douban.com/subject/1828115/,2026-10-01T17:44:02+08:00,,,,,,,,,,
1853621,落叶归根,,,电影,否,2007,2000 年代,,2007,8.7,8.0-8.9,4.5,,未知,剧情,喜剧,,2,剧情 喜剧,中国大陆,是,中国大陆,,110,100 分钟以上,,张杨,赵本山 / 洪启文 / 宋丹丹 / 郭德纲 / 胡军,10,,,,,https://movie.douban.com/subject/1853621/,2026-10-01T17:44:06+08:00,,,,,,,,,,
1907966,疯狂原始人 The Croods,,,电影,否,2013,2010 年代,,2013,8.7,8.0-8.9,4.5,,未知,喜剧,动画,冒险,3,喜剧 动画 冒险,美国,否,美国,,98,60-100 分钟,,柯克·德·米科 / 克里斯·桑德斯,尼古拉斯·凯奇 / 艾玛·斯通 / 瑞安·雷诺兹 / 凯瑟琳·基纳 / 克萝丽丝·利奇曼,10,,,,,https://movie.douban.com/subject/1907966/,2026-10-01T17:44:10+08:00,,,,,,,,,,
24733428,心灵奇旅 Soul,,,电影,否,2020,2020 年代,,2020,8.7,8.0-8.9,4.5,,未知,动画,奇幻,音乐,3,动画 奇幻 音乐,美国,否,美国,,100,60-100 分钟,,彼特·道格特 / 凯普·鲍尔斯,杰米·福克斯 / 蒂娜·菲 / 菲利西亚·拉斯海德 / 阿米尔-卡利布·汤普森 / 戴维德·迪格斯,10,,,,,https://movie.douban.com/subject/24733428/,2026-10-01T17:44:13+08:00,,,,,,,,,,
25917973,心迷宫,,,电影,否,2014,2010 年代,,2014,8.7,8.0-8.9,4.5,,未知,剧情,犯罪,悬疑,3,剧情 犯罪 悬疑,中国大陆,是,中国大陆,,110,100 分钟以上,,忻钰坤,霍卫民 / 王笑天 / 罗芸 / 杨瑜珍 / 孙黎,10,,,,,https://movie.douban.com/subject/25917973/,2026-10-01T17:44:17+08:00,,,,,,,,,,
26647087,三体,,三体(剧版) / Three-Body,剧集/番剧,是,2023,2020 年代,2023-01-15(中国大陆),2023,8.7,8.0-8.9,4.5,539351,50 万+,剧情,科幻,,2,剧情 科幻,中国大陆,是,中国大陆,汉语普通话 / 英语,45,30-60 分钟,30,杨磊,张鲁一 / 于和伟 / 陈瑾 / 王子文 / 林永健,44,190576,2580,21世纪初，地球基础科学遭到前所未有的动摇，许多科学家绝望疯狂，自杀身亡。风暴即将到来的前夕，许多敏感的人隐隐嗅到毁灭的气息。这一天，纳米科学家汪淼（张鲁一 饰）被粗鲁的警官史强（于和伟 饰）请到联合作战中心，继而得知科学家们的死亡似乎和一个名为“科学边界（ETO）”的组织有关。作战中心希望汪淼潜入该组织，调查他们与死亡科学家乃至一款神秘游戏《三体》的关联。眼前不断倒计时的数字，ETO负责人申玉菲（李小冉 饰）所预测宇宙闪烁，以及《三体》中那不断毁灭又重生的文明，都令汪淼和大史深感困惑与好奇。而看似平凡的老年科学家叶文洁（陈瑾 饰），她的出现又将一切引向数光年外的未知…… 本片根据刘慈欣同名科幻小说改编。,https://img2.doubanio.com/view/photo/m_ratio_poster/public/p2886492021.jpg,https://movie.douban.com/subject/26647087/,2026-10-01T17:44:23+08:00,,,,,,,,,,
27059130,大佛普拉斯,,,电影,否,2017,2010 年代,,2017,8.7,8.0-8.9,4.5,,未知,剧情,喜剧,,2,剧情 喜剧,中国台湾,否,中国台湾,,102,100 分钟以上,,黄信尧,庄益增 / 陈竹升 / 戴立忍 / 张少怀 / 陈以文,10,,,,,https://movie.douban.com/subject/27059130/,2026-10-01T17:44:28+08:00,,,,,,,,,,
3098725,小鲤鱼历险记,,The Adventures of Little Carp,剧集/番剧,是,2007,2000 年代,2007-06-01(中国大陆),2007,8.7,8.0-8.9,4.5,56536,5-10 万,动画,儿童,奇幻,3,动画 儿童 奇幻,中国大陆,是,中国大陆,汉语普通话,22,15-30 分钟,52,张族权 / 杨子岚,伍凤春 / 贾小军 / 高枫 / 张云龙 / 陈红,7,10492,34,泡泡（伍凤春 配音）是一条十分平凡的小鲤鱼，某日，它的家乡鲤鱼湖遭到邪恶的赖皮蛇（贾小军 配音）的祸害，无奈之下，泡泡只能背井离乡，过起了颠沛流离的生活。泡泡得知，唯有借助龙的力量才能够打倒赖皮蛇，于是踏上了寻找龙鳞的旅途。 沉默寡言稳重可靠的阿酷（李金艳 配音）、歌声优美动听但身体孱弱的小美美（陈红 配音）、耳根软，丝毫没有主见的双面龟（张云龙 配音），泡泡一路上结识了这些性格迥异但都同样善良的伙伴们，彼此成为了最坚持和稳定的依靠，众鱼在历尽艰险受尽迫害的过程里建立了深厚的感情，亦磨练了意志。最终，泡泡成功的找回了散落各处的五片龙鳞，来到了赖皮蛇的面前。,https://img3.doubanio.com/view/photo/m_ratio_poster/public/p2355099687.jpg,https://movie.douban.com/subject/3098725/,2026-10-01T17:44:32+08:00,,,,,,,,,,
3287562,神偷奶爸 Despicable Me,,,电影,否,2010,2010 年代,,2010,8.7,8.0-8.9,4.5,,未知,喜剧,动画,冒险,3,喜剧 动画 冒险,美国,否,美国,,95,60-100 分钟,,皮埃尔·柯芬 / 克里斯·雷纳德,史蒂夫·卡瑞尔 / 杰森·席格尔 / 拉塞尔·布兰德 / 朱莉·安德鲁斯 / 威尔·阿奈特,10,,,,,https://movie.douban.com/subject/3287562/,2026-10-01T17:44:36+08:00,,,,,,,,,,
34874646,繁花,,繁花(剧版) / Blossoms / Blossoms Shanghai,剧集/番剧,是,2023,2020 年代,2023-12-27(中国大陆),2023,8.7,8.0-8.9,4.5,561828,50 万+,剧情,爱情,,2,剧情 爱情,中国大陆,是,中国大陆,汉语普通话 / 沪语,46,30-60 分钟,30,王家卫,胡歌 / 马伊琍 / 唐嫣 / 辛芷蕾 / 游本昌,53,201803,3197,十里洋场，雪月风花。形色男女往来穿梭，追逐着名利，追逐梦想，追随着心底无尽的欲望。一曾名不见经传的小青年阿宝（胡歌 饰），为了实现发财致富梦拜在老法师爷叔（游本昌 饰）门下，随后便于一众亲信驰骋股市，盆满钵圆，眼见得起了高楼，平步青云。不满足股市的狂欢冒险，宝总转身投入商界，他和27号的汪小姐（唐嫣 饰）互惠合作，彼此信赖；和青梅竹马的铃子（马伊琍 饰）合开餐厅，互为表里；与初来乍到的至真园老板娘李李（辛芷蕾 饰）往来试探，暗流涌动。人头攒动，熙熙攘攘的黄河路有如大上海的缩影，上演了几多悲欢离合，阴晴圆缺。 本片根据金宇澄荣获茅盾文学奖的同名小说改编。,https://img3.doubanio.com/view/photo/m_ratio_poster/public/p2902705337.jpg,https://movie.douban.com/subject/34874646/,2026-10-01T17:44:40+08:00,,,,,,,,,,
35639781,剑来 第一季,,剑来 动画版 / Sword of Coming,剧集/番剧,是,2024,2020 年代,2024-08-15(中国大陆),2024,8.7,8.0-8.9,4.5,54937,5-10 万,动画,奇幻,冒险,3,动画 奇幻 冒险,中国大陆,是,中国大陆,汉语普通话,25,15-30 分钟,26,阿都沁 / 田刚,陈张太康 / 李敏 / 陈浩 / 云惟一 / 徐宇隆,18,20671,218,大千世界，无奇不有。 骊珠洞天中本该有大气运的贫寒少年，因为本命瓷碎裂的缘故，使得机缘临身却难以捉住。基于此，众多大佬纷纷以少年为焦点进行布局，使得少年身边的朋友获得大机缘，而少年却置身风口浪尖之上…,https://img3.doubanio.com/view/photo/m_ratio_poster/public/p2911043943.jpg,https://movie.douban.com/subject/35639781/,2026-10-01T17:44:44+08:00,,,,,,,,,,
35674355,中国奇谭,,Yao-Chinese Folktales,剧集/番剧,是,2023,2020 年代,2023-01-01(中国大陆),2023,8.7,8.0-8.9,4.5,288010,10-50 万,动画,短片,奇幻,3,动画 短片 奇幻,中国大陆,是,中国大陆,汉语普通话,20,15-30 分钟,8,陈廖宇 / 於水 / 胡睿 / 杨木 / 刘毛宁 / 陈莲华 / 周小琳 / 潘斌 / 顾杨 / 刘旷 / 徐宁,,0,92326,1315,短片集由八个植根于中国传统文化的独立的故事组成：《小妖怪的夏天》《鹅鹅鹅》《林林》《乡村巴士带走了王孩儿和神仙》《小满》《玉兔》《小卖部》《飞鸟与鱼》，在观众面前铺陈开一个极具中式想象力和审美魅力的“妖怪”故事集。 其中故事纵览古今、展望未来，从古代故事到科幻想象、 从乡土眷恋到唯美爱情、从生命母题到人性思考，展现着中式想象力、承载着中国民族文化与哲学。影片涵盖多种美术风格以及制作手法：既有传统的二维、剪纸、偶定格动画，又有CG、三渲二的现代技术，还有将素描与中国水墨韵味相结合的创新尝试，是创作者们对中国美学一次多视角的诠释。,https://img3.doubanio.com/view/photo/m_ratio_poster/public/p2885130077.jpg,https://movie.douban.com/subject/35674355/,2026-10-01T17:44:47+08:00,,,,,,,,,,
36317421,太平年,,化干戈为玉帛 / Swords into Plowshares,剧集/番剧,是,2026,2020 年代,2026-01-23(中国大陆),2026,8.7,8.0-8.9,4.5,175518,10-50 万,剧情,历史,古装,3,剧情 历史 古装,中国大陆,是,中国大陆,汉语普通话,45,30-60 分钟,48,杨磊 / 陆贝珂,白宇 / 周雨彤 / 朱亚文 / 俞灏明 / 董勇,27,70619,1412,剧集聚焦钱弘俶（白宇 饰）、赵匡胤（朱亚文 饰）、郭荣（俞灏明 饰）三人在国家板荡中的命运抉择。他们目睹离乱，深知唯有重建秩序方能终止苦难。钱弘俶秉持“保境安民”，守护一方；郭荣志在重振纲常，然天不假年；赵匡胤顺势而为，立宋建制，革新图治。最终，在历史洪流与苍生祈盼下，钱弘俶“纳土归宋”，为华夏文脉得以延续与发展奠定了和平基础。,https://img9.doubanio.com/view/photo/m_ratio_poster/public/p2926587194.jpg,https://movie.douban.com/subject/36317421/,2026-10-01T17:44:54+08:00,,,,,,,,,,
3636301,铠甲勇士,,铠甲战士之光影传奇 / 铠甲勇士之英雄传奇 / Armor Hero,剧集/番剧,是,2009,2000 年代,2009-03-28(中国大陆),2009,8.7,8.0-8.9,4.5,32045,1-5 万,科幻,,,1,科幻,中国大陆,是,中国大陆,汉语普通话,24,15-30 分钟,52,郑国伟,吴建飞 / 郭帅 / 柏栩栩 / 秦炎仕 / 张超,18,6462,38,炘南（吴建飞 饰）、北淼（柏栩栩 饰）、东杉（郭帅 饰）、西钊（张超 饰）和坤中（秦炎仕 饰）分别是来自五个不同村落的五位少年，因为继承了太阳系的守护者太阳星赐予地球的五颗光影石的力量，五人拥有了能够召唤神秘武器光影铠甲的能力。 他们的对手是邪恶而又残暴的暗影大帝。因为嫉妒地球的生机勃勃，暗影大帝派出了暗影五行魔入侵了地球。他们所带来的魔灵石拥有着黑化一切的能力，意在将地球上的生物赶尽杀绝。就这样，在代表光明的守护者和代表黑暗的暗影大帝之间，展开了一场激烈的战斗。少年们凭借他们的智慧和勇气，获得了一场又一场的胜利。,https://img3.doubanio.com/view/photo/m_ratio_poster/public/p2691026760.jpg,https://movie.douban.com/subject/3636301/,2026-10-01T17:44:57+08:00,,,,,,,,,,
36448279,罗小黑战记2,,,电影,否,2025,2020 年代,,2025,8.7,8.0-8.9,4.5,,未知,动画,奇幻,冒险,3,动画 奇幻 冒险,中国大陆,是,中国大陆,,119,100 分钟以上,,木头 / 顾杰,山新 / 刘明月 / 朱婧 / 栾立胜 / 傅晨阳,10,,,,,https://movie.douban.com/subject/36448279/,2026-10-01T17:45:01+08:00,,,,,,,,,,
36809864,南京照相馆,,,电影,否,2025,2020 年代,,2025,8.7,8.0-8.9,4.5,,未知,剧情,历史,战争,3,剧情 历史 战争,中国大陆,是,中国大陆,,137,100 分钟以上,,申奥,刘昊然 / 王传君 / 高叶 / 王骁 / 周游,10,,,,,https://movie.douban.com/subject/36809864/,2026-10-01T17:45:05+08:00,,,,,,,,,,
37220616,仙逆 年番2,,仙逆 第077-128集 / 仙逆 年番二 / 仙逆 第三季 / Renegade Immortal Ⅲ,剧集/番剧,是,2025,2020 年代,2025-02-24(中国大陆),2025,8.7,8.0-8.9,4.5,20111,1-5 万,动作,动画,奇幻,3,动作 动画 奇幻,中国大陆,是,中国大陆,汉语普通话,20,15-30 分钟,52,石头熊 / 冯毅,史泽鲲 / 张惠霖 / 乔苏 / 徐雨豪 / 刘若班,17,7396,40,乡村平凡少年王林以心中之感动，逆仙而修，求的不仅是长生，更多的是摆脱那背后的蝼蚁之身。他坚信道在人为，以平庸的资质踏入修真仙途，历经坎坷风雨，凭着其聪睿的心智，一步一步走向巅峰，凭一己之力，扬名修真界。,https://img3.doubanio.com/view/photo/m_ratio_poster/public/p2926462310.jpg,https://movie.douban.com/subject/37220616/,2026-10-01T17:45:07+08:00,,,,,,,,,,
4226741,李献计历险记,,,电影,否,2009,2000 年代,,2009,8.7,8.0-8.9,4.5,,未知,动画,短片,,2,动画 短片,中国大陆,是,中国大陆,,20,15-30 分钟,,李阳,,0,,,,,https://movie.douban.com/subject/4226741/,2026-10-01T17:45:10+08:00,,,,,,,,,,
11502154,邋遢大王奇遇记,,,电影,否,2012,2010 年代,,2012,8.6,8.0-8.9,4.5,,未知,动画,儿童,,2,动画 儿童,中国大陆,是,中国大陆,,86,60-100 分钟,,钱运达 / 阎善春,范楚绒 / 谢添天 / 罗玉婷 / 王肖兵 / 符冲,5,,,,,https://movie.douban.com/subject/11502154/,2026-10-01T17:45:15+08:00,,,,,,,,,,
1299643,宝莲灯,,,电影,否,1999,1990 年代,,1999,8.6,8.0-8.9,4.5,,未知,动画,奇幻,冒险,3,动画 奇幻 冒险,中国大陆,是,中国大陆,,85,60-100 分钟,,常光希,姜文 / 徐帆 / 宁静 / 陈佩斯 / 崔杰,10,,,,,https://movie.douban.com/subject/1299643/,2026-10-01T17:45:19+08:00,,,,,,,,,,
1302476,麦兜故事 麥兜故事,,,电影,否,2001,2000 年代,,2001,8.6,8.0-8.9,4.5,,未知,剧情,喜剧,动画,3,剧情 喜剧 动画,中国香港,否,中国香港,,75,60-100 分钟,,袁建滔,林海峰 / 吴君如 / 黄秋生 / 蔡明丽,4,,,,,https://movie.douban.com/subject/1302476/,2026-10-01T17:45:23+08:00,,,,,,,,,,
1303394,青蛇,,,电影,否,1993,1990 年代,,1993,8.6,8.0-8.9,4.5,,未知,剧情,爱情,奇幻,4,剧情 爱情 奇幻 古装,中国香港,否,中国香港,,99,60-100 分钟,,徐克,张曼玉 / 王祖贤 / 赵文卓 / 吴兴国 / 马精武,10,,,,,https://movie.douban.com/subject/1303394/,2026-10-01T17:45:27+08:00,,,,,,,,,,
1786739,还珠格格,還珠格格,两个天堂之还珠格格 / 还珠姬(日) / Princess Pearl / My Fair Princess,剧集/番剧,是,1998,1990 年代,1998-10-28(中国大陆),1998,8.6,8.0-8.9,4.5,311566,10-50 万,剧情,喜剧,动作,3,剧情 喜剧 动作,中国台湾 / 中国大陆,是,中国台湾,汉语普通话,45,30-60 分钟,24,孙树培,苏有朋 / 林心如 / 周杰 / 陈志朋 / 范冰冰,30,80337,605,紫薇（林心如）偕丫环金锁（范冰冰）带着乾隆（张铁林）留给母亲的信物，从江南来到京城想与乾隆相认，发现进宫面圣根本无门，走投无路之际，她们遇上女飞贼小燕子，与之结为好友，不想因机缘巧合，本热心为紫薇帮忙的小燕子被乾隆错认为是自己女儿。 为庆贺重获爱女，乾隆举行祭天 酬神仪式，仪仗队伍行经市街时被紫薇、金锁看到，紫薇太过激动昏倒在地，被大学士福伦之子福尔康（周杰）所救，得知紫薇身世后，福家人将其收留，其后，紫薇在福尔康的安排下终又与小燕子见面，众人开始为紫薇与乾隆相认一事作种种安排，而在这一过程中，紫薇与福尔康，小燕子与五阿哥永琪（苏有朋）也开始了爱情之旅。,https://img2.doubanio.com/view/photo/m_ratio_poster/public/p2913568481.jpg,https://movie.douban.com/subject/1786739/,2026-10-01T17:45:31+08:00,,,,,,,,,,
1862151,疯狂的石头,,,电影,否,2006,2000 年代,,2006,8.6,8.0-8.9,4.5,,未知,喜剧,犯罪,,2,喜剧 犯罪,中国大陆,是,中国大陆,,98,60-100 分钟,,宁浩,郭涛 / 刘桦 / 连晋 / 黄渤 / 徐峥,10,,,,,https://movie.douban.com/subject/1862151/,2026-10-01T17:45:36+08:00,,,,,,,,,,
1959877,崖上的波妞 崖の上のポニョ,,,电影,否,2008,2000 年代,,2008,8.6,8.0-8.9,4.5,,未知,动画,奇幻,冒险,3,动画 奇幻 冒险,日本,否,日本,,101,100 分钟以上,,宫崎骏,神月柚莉爱 / 土井洋辉 / 山口智子 / 长岛一茂 / 天海祐希,10,,,,,https://movie.douban.com/subject/1959877/,2026-10-01T17:45:40+08:00,,,,,,,,,,
2132220,三毛从军记,,,电影,否,1992,1990 年代,,1992,8.6,8.0-8.9,4.5,,未知,剧情,儿童,喜剧,4,剧情 儿童 喜剧 战争,中国大陆,是,中国大陆,,90,60-100 分钟,,张建亚,贾林 / 魏宗万 / 孙飞虎 / 李颖 / 余忠,6,,,,,https://movie.douban.com/subject/2132220/,2026-10-01T17:45:43+08:00,,,,,,,,,,
24723061,魁拔Ⅲ战神崛起,,,电影,否,2014,2010 年代,,2014,8.6,8.0-8.9,4.5,,未知,动作,动画,奇幻,4,动作 动画 奇幻 冒险,中国大陆,是,中国大陆,,90,60-100 分钟,,王川 / 张钢 / 周洁,刘婧荦 / 姚姝 / 王宇腾 / 杨晨 / 刘校妤,10,,,,,https://movie.douban.com/subject/24723061/,2026-10-01T17:45:48+08:00,,,,,,,,,,
35640039,凡人修仙传：魔道争锋,,凡人修仙传 第22-46集 / 凡人修仙传年番1之魔道争锋 / 凡人修仙传 第二季之魔道争锋 / A Record of A Mortal's Journey to Immortality / A Mortal's Journey,剧集/番剧,是,2021,2020 年代,2021-11-14(中国大陆),2021,8.6,8.0-8.9,4.5,46158,1-5 万,动画,奇幻,,2,动画 奇幻,中国大陆,是,中国大陆,汉语普通话,20,15-30 分钟,25,王裕仁 / 赵侠,钱文青 / 李诗萌 / 刘三木 / 徐佳琦 / 聂曦映,23,11626,113,国民级IP《凡人修仙传》动画年番来了！看机智的凡人小子韩立如何稳健发展、步步为营，战魔道、夺至宝、驰骋星海、快意恩仇，成为纵横三界的强者。他日仙界重相逢，一声道友尽沧桑，尽在《凡人》动画年番。,https://img3.doubanio.com/view/photo/m_ratio_poster/public/p2885525039.jpg,https://movie.douban.com/subject/35640039/,2026-10-01T17:45:53+08:00,,,,,,,,,,
36188849,唐朝诡事录之西行,,唐朝诡事录2 / 唐朝诡事录·西行 / 唐朝诡事录第二部 / 唐诡2之西行 / 大唐诡事录2 / Horror Stories of Tang Dynasty Ⅱ / Strange Tales of Tang Dynasty Ⅱ / Strange Legend of Tang Dynasty Ⅱ,剧集/番剧,是,2024,2020 年代,2024-07-18(中国大陆),2024,8.6,8.0-8.9,4.5,344430,10-50 万,悬疑,奇幻,古装,3,悬疑 奇幻 古装,中国大陆 / 新加坡,是,中国大陆,汉语普通话,45,30-60 分钟,40,柏杉,杨旭文 / 杨志刚 / 郜思雯 / 孙雪宁 / 陈创,13,110128,688,公元712年，唐睿宗改元延和，大唐依旧繁盛寰宇，但繁华之下依然危机四伏、山雨欲来。一股股势力借机点点欲动，更引起民间诡案频发，大理寺少卿卢凌风（杨旭文 饰）和乾陵丞苏无名（杨志刚 饰）又将遇到怎样的志怪谜局？西行之路，境遇难测。,https://img3.doubanio.com/view/photo/m_ratio_poster/public/p2910162228.jpg,https://movie.douban.com/subject/36188849/,2026-10-01T17:45:56+08:00,,,,,,,,,,
36656706,无尽的尽头,,Endless Protection,剧集/番剧,是,2025,2020 年代,2025-04-24(中国大陆),2025,8.6,8.0-8.9,4.5,163327,10-50 万,剧情,犯罪,,2,剧情 犯罪,中国大陆,是,中国大陆,汉语普通话,45,30-60 分钟,24,臧溪川,任素汐 / 高伟光 / 刘琳 / 刘家祎 / 张小婉,54,60070,373,聚焦未成年人司法保护，讲述了未成年人检察小组初创，检察官林之桃与助理检察员白恩宇，为了孩子们，携手对抗人性之恶的故事。 始于悬念，终于救赎；拨开迷惘，山止川行。,https://img3.doubanio.com/view/photo/m_ratio_poster/public/p2920542088.jpg,https://movie.douban.com/subject/36656706/,2026-10-01T17:45:59+08:00,,,,,,,,,,
10772258,麦兜·当当伴我心 麥兜‧噹噹伴我心,,,电影,否,2012,2010 年代,,2012,8.5,8.0-8.9,4.5,,未知,喜剧,动画,,2,喜剧 动画,中国大陆,是,中国大陆,,80,60-100 分钟,,谢立文,黄秋生 / 吴君如 / 胡歌 / 郑中基 / 许飞,7,,,,,https://movie.douban.com/subject/10772258/,2026-10-01T17:46:04+08:00,,,,,,,,,,
1305690,阿飞正传 阿飛正傳,,,电影,否,1990,1990 年代,,1990,8.5,8.0-8.9,4.5,,未知,犯罪,剧情,爱情,3,犯罪 剧情 爱情,中国香港,否,中国香港,,94,60-100 分钟,,王家卫,张国荣 / 张曼玉 / 刘德华 / 刘嘉玲 / 潘迪华,10,,,,,https://movie.douban.com/subject/1305690/,2026-10-01T17:46:07+08:00,,,,,,,,,,
1307739,国产凌凌漆 國產凌凌漆,,,电影,否,1994,1990 年代,,1994,8.5,8.0-8.9,4.5,,未知,动作,喜剧,,2,动作 喜剧,中国香港,否,中国香港,,84,60-100 分钟,,李力持 / 周星驰,周星驰 / 袁咏仪 / 罗家英 / 陈宝莲 / 郑祖,10,,,,,https://movie.douban.com/subject/1307739/,2026-10-01T17:46:12+08:00,,,,,,,,,,
26220731,熊出没之雪岭熊风,,,电影,否,2015,2010 年代,,2015,8.5,8.0-8.9,4.5,,未知,喜剧,动画,冒险,4,喜剧 动画 冒险 家庭,中国大陆,是,中国大陆,,96,60-100 分钟,,丁亮 / 刘富源,张伟 / 张秉君 / 谭笑 / 孟雨田 / 孙尧东,8,,,,,https://movie.douban.com/subject/26220731/,2026-10-01T17:46:17+08:00,,,,,,,,,,
26683290,你的名字。 君の名は。,,,电影,否,2016,2010 年代,,2016,8.5,8.0-8.9,4.5,,未知,剧情,爱情,动画,3,剧情 爱情 动画,日本,否,日本,,106,100 分钟以上,,新海诚,神木隆之介 / 上白石萌音 / 长泽雅美 / 市原悦子 / 成田凌,10,,,,,https://movie.douban.com/subject/26683290/,2026-10-01T17:46:20+08:00,,,,,,,,,,
26685413,狐妖小红娘剧场版：下沙,,,电影,否,2015,2010 年代,,2015,8.5,8.0-8.9,4.5,,未知,动画,,,1,动画,中国大陆,是,中国大陆,,134,100 分钟以上,,,杨天翔 / 刘校妤 / 乔诗语 / 边江,4,,,,,https://movie.douban.com/subject/26685413/,2026-10-01T17:46:24+08:00,,,,,,,,,,
3542098,哈皮父子,,happy father happy son,剧集/番剧,是,2007,2000 年代,2007-08-01,2007,8.5,8.0-8.9,4.5,18536,1-5 万,喜剧,动画,儿童,3,喜剧 动画 儿童,中国大陆,是,中国大陆,汉语普通话,5,15 分钟以内,52,张红军 / 陶雨旸,牟宏（哈爸爸） / 王婧欣（皮儿子）,2,2510,2,《哈皮父子》讲述了一对体型特殊、性格迥异的易拉罐父子—哈爸爸和皮儿子之间爆笑而温馨的故事。他们一个风趣好出风头，一个聪明机灵活泼，父子俩并肩走过超市公寓、果园老家、垃圾海岛、冰箱城堡等奇幻世界，留下一串串妙趣横生的故事；皮儿子鬼点子不断闯祸，惹得老爸满头冒气泡；哈爸爸为皮儿子做小发明，皮儿子为哈爸爸出怪招。皮儿子学习健康知识，哈爸爸增强环保意识。平凡而新奇的故事令人一会儿捧腹开怀，一会儿大跌眼镜，在爆笑中渗透父子之间浓浓的血脉深情…… 故事剧集： 第一集《酷车车的梦想》 第二集《涂鸦艺术》 第三集《爱心美食》 第四集《皮儿子的作文》 第五集《都是啤酒惹的祸》 第六集《儿童节礼物》 第七集《去果园找星星》 第八集《最重要的家宝》 第九集《野外生存训练》 第十集《土包子游戏》 第十一集《果子失踪事件》 第十二集《神奇游泳裤》 第十三集《谁来看果园》 第十四集《小果树生病了》 第十五集《出生的秘密》 第十六集《最好吃的生日蛋糕》 第十七集《秘密基地》 第十八集《世界上最美妙的音乐》 第十九集《秋收大暴走》 第二十集《脑袋发芽》 第二十一集《塑身计划》 第二十二集《戒酒计划》 第二十三集《哈爸,https://img9.doubanio.com/view/photo/m_ratio_poster/public/p2632651644.jpg,https://movie.douban.com/subject/3542098/,2026-10-01T17:46:29+08:00,,,,,,,,,,
35465232,狂飙,,Punch Out / The Knockout,剧集/番剧,是,2023,2020 年代,2023-01-14(中国大陆),2023,8.5,8.0-8.9,4.5,1070630,50 万+,剧情,犯罪,,2,剧情 犯罪,中国大陆,是,中国大陆,汉语普通话,45,30-60 分钟,39,徐纪周,张译 / 张颂文 / 李一桐 / 张志坚 / 吴刚,29,325793,3593,京海市一线刑警安欣（张译 饰），在与黑恶势力的斗争中，不断遭到保护伞的打击，始终无法将犯罪分子绳之以法。全国政法队伍教育整顿工作开展后，临江省派出指导组入驻京海，联合公检法司各部门，清除了政法队伍内部的腐败分子，粉碎了黑恶势力的保护伞，一举铲除了盘踞京海多年的强盛集团。,https://img2.doubanio.com/view/photo/m_ratio_poster/public/p2886376181.jpg,https://movie.douban.com/subject/35465232/,2026-10-01T17:46:32+08:00,,,,,,,,,,
35633163,莲花楼,,吉祥纹莲花楼 / Mysterious Lotus Casebook,剧集/番剧,是,2023,2020 年代,2023-07-23(中国大陆),2023,8.5,8.0-8.9,4.5,949223,50 万+,剧情,悬疑,武侠,3,剧情 悬疑 武侠,中国大陆,是,中国大陆,汉语普通话,45,30-60 分钟,40,郭虎 / 任海涛,成毅 / 曾舜晞 / 肖顺尧 / 陈都灵 / 王鹤润,39,487025,4056,该剧改编自藤萍的小说《吉祥纹莲花楼》。讲述了闻名武林的四顾门门主李相夷（成毅 饰）在一次大战后身受重伤，从此退隐江湖成为淡泊名利的“假神医”李莲花，在遇到新交方多病与旧敌笛飞声后重新卷入江湖的故事。江湖暗流涌动，疑团扑朔迷离，抽丝剥茧方能断出真相，一段荡气回肠的侠义情即将热血展开。,https://img9.doubanio.com/view/photo/m_ratio_poster/public/p2895958304.jpg,https://movie.douban.com/subject/35633163/,2026-10-01T17:46:37+08:00,,,,,,,,,,
35883131,雄狮少年2,,,电影,否,2024,2020 年代,,2024,8.5,8.0-8.9,4.5,,未知,喜剧,动作,动画,3,喜剧 动作 动画,中国大陆,是,中国大陆,,133,100 分钟以上,,孙海鹏,李昕 / 郭皓 / 陈业雄 / 蔡欣然 / 王一郎,10,,,,,https://movie.douban.com/subject/35883131/,2026-10-01T17:46:41+08:00,,,,,,,,,,
36438475,浪浪山小妖怪,,,电影,否,2025,2020 年代,,2025,8.5,8.0-8.9,4.5,,未知,剧情,喜剧,动画,4,剧情 喜剧 动画 奇幻,中国大陆,是,中国大陆,,118,100 分钟以上,,於水,陈子平 / 路扬 / 董汶亮 / 刘琮 / 林强,10,,,,,https://movie.douban.com/subject/36438475/,2026-10-01T17:46:45+08:00,,,,,,,,,,
3734112,风声,,,电影,否,2009,2000 年代,,2009,8.5,8.0-8.9,4.5,,未知,犯罪,剧情,惊悚,4,犯罪 剧情 惊悚 战争,中国大陆,是,中国大陆,,118,100 分钟以上,,陈国富 / 高群书,周迅 / 李冰冰 / 张涵予 / 王志文 / 黄晓明,10,,,,,https://movie.douban.com/subject/3734112/,2026-10-01T17:46:50+08:00,,,,,,,,,,
37425956,碧蓝之海 第三季,ぐらんぶる Season 3,Grand Blue Season 3 / Grand Blue Dreaming Season 3,剧集/番剧,是,2026,2020 年代,2026-07-06(日本),2026,8.5,8.0-8.9,4.5,1854,1000-1 万,喜剧,动画,,2,喜剧 动画,日本,否,日本,日语,24,15-30 分钟,12,高松信司,内田雄马 / 木村良平 / 安元洋贵 / 小西克幸 / 安济知佳,22,427,1,北原伊织来到伊豆开启大学生活已有数月 —— 他寄居在潜水店「碧蓝之海」，和可爱的表妹古手川千纱同住一个屋檐下。表姐古手川奈奈华、成熟风情十足的滨冈梓，还有同班同学吉原爱菜也常聚在此处，本该度过一帆风顺、青春美好的校园日常！ …… 这只是表面光景，大学生活大半时间都在和一群裸男疯闹狂欢！ 原因是伊织加入的潜水社团「Peek a Boo」，潜水只是副业，这群壮汉日常一丝不挂、把酒言欢胡闹作乐。长相帅气却是重度宅的今村耕平，和伊织两个人早就彻底融入社团氛围。 就在这时，奈奈华拜托伊织前去帮忙：潜水店 “海豚” 要在帕劳开设分店，人手严重不足。但伊织想起耕平之前说过，没法实时追番所以不想出国…… 这个夏天，首次奔赴海外帕劳，全新的碧蓝爆笑生活正式开幕！,https://img3.doubanio.com/view/photo/m_ratio_poster/public/p2932692487.jpg,https://movie.douban.com/subject/37425956/,2026-10-01T17:46:54+08:00,,,,,,,,,,
4097192,快乐星猫,,星猫历险记,剧集/番剧,是,2008,2000 年代,2008-06-15(中国大陆),2008,8.5,8.0-8.9,4.5,14970,1-5 万,剧情,喜剧,科幻,3,剧情 喜剧 科幻,中国大陆,是,中国大陆,汉语普通话,13,15 分钟以内,26,沈乐平 / 金波,,0,2344,3,主角星猫是一个想当英雄的顽皮捣蛋鬼。却在无意中闯下了大祸——放出了邪恶的黑魔王，使得天下大乱！星猫被罚带罪立功，在小电脑欧应万的协助下，走访12个国度，集合12勇士的力量，最终打败了邪恶的黑魔王。,https://img3.doubanio.com/view/photo/m_ratio_poster/public/p2867287150.jpg,https://movie.douban.com/subject/4097192/,2026-10-01T17:46:59+08:00,,,,,,,,,,
4202982,冰雪奇缘 Frozen,,,电影,否,2013,2010 年代,,2013,8.5,8.0-8.9,4.5,,未知,喜剧,动画,奇幻,4,喜剧 动画 奇幻 歌舞,美国,否,美国,,102,100 分钟以上,,克里斯·巴克 / 珍妮弗·李,克里斯汀·贝尔 / 伊迪娜·门泽尔 / 乔纳森·格罗夫 / 乔什·加德 / 圣蒂诺·方塔纳,10,,,,,https://movie.douban.com/subject/4202982/,2026-10-01T17:47:03+08:00,,,,,,,,,,
1297223,鹿鼎记 鹿鼎記,,,电影,否,1992,1990 年代,,1992,8.4,8.0-8.9,4.0,,未知,喜剧,动作,武侠,4,喜剧 动作 武侠 古装,中国香港,否,中国香港,,110,100 分钟以上,,王晶 / 程小东,周星驰 / 吴孟达 / 张敏 / 吴君如 / 邱淑贞,10,,,,,https://movie.douban.com/subject/1297223/,2026-10-01T17:47:07+08:00,,,,,,,,,,
1301168,卧虎藏龙 臥虎藏龍,,,电影,否,2000,2000 年代,,2000,8.4,8.0-8.9,4.0,,未知,剧情,爱情,武侠,3,剧情 爱情 武侠,中国台湾,否,中国台湾,,120,100 分钟以上,,李安,周润发 / 杨紫琼 / 章子怡 / 张震 / 郎雄,10,,,,,https://movie.douban.com/subject/1301168/,2026-10-01T17:47:11+08:00,,,,,,,,,,
1308575,蓝色大门 藍色大門,,,电影,否,2002,2000 年代,,2002,8.4,8.0-8.9,4.0,,未知,剧情,爱情,同性,3,剧情 爱情 同性,中国台湾,否,中国台湾,,83,60-100 分钟,,易智言,陈柏霖 / 桂纶镁 / 梁又琳 / 仇政 / 明金成,10,,,,,https://movie.douban.com/subject/1308575/,2026-10-01T17:47:15+08:00,,,,,,,,,,
1872133,三峡好人,,,电影,否,2006,2000 年代,,2006,8.4,8.0-8.9,4.0,,未知,剧情,爱情,,2,剧情 爱情,中国大陆,是,中国大陆,,107,100 分钟以上,,贾樟柯,赵涛 / 韩三明 / 王宏伟 / 李竺斌 / 项海渔,10,,,,,https://movie.douban.com/subject/1872133/,2026-10-01T17:47:20+08:00,,,,,,,,,,
25943173,画江湖之不良人,,画江湖之不良人动画版1,剧集/番剧,是,2014,2010 年代,2014-07-30(中国大陆),2014,8.4,8.0-8.9,4.0,57423,5-10 万,剧情,动画,武侠,3,剧情 动画 武侠,中国大陆,是,中国大陆,汉语普通话,15,15 分钟以内,54,刘阔,边江 / 申秋香 / 赵毅 / 阎萌萌 / 林兰,8,12946,89,故事发生在唐朝末年，时局动荡，无论朝中还是民间都人心惶惶。隶属于官府的神秘组织“不良人”全体失去了踪迹，同样下落不明的，还是价值连城的国库宝藏。传说中，一切的秘密都隐藏在龙泉剑上，得到了龙泉剑的人，便拥有了掌控天下的能力。 李星云自幼失去了父母沦为孤儿，被善良的隐士阳叔子收养，跟随着他练武学艺，一晃眼多年过去，李星云成长为了意气风发的少年，他和同门师妹陆林轩一起下山精进武艺，就此结识了姬如雪和张子凡。机缘巧合之下，李星云竟然得到了龙泉剑，这个消息不胫而走，引起了各大门派的警觉。他们派出杀手追踪李星云一行人，企图抢夺龙泉剑。,https://img2.doubanio.com/view/photo/m_ratio_poster/public/p2195019541.jpg,https://movie.douban.com/subject/25943173/,2026-10-01T17:47:23+08:00,,,,,,,,,,
26794435,哪吒之魔童降世,,,电影,否,2019,2010 年代,,2019,8.4,8.0-8.9,4.0,,未知,剧情,喜剧,动画,4,剧情 喜剧 动画 奇幻,中国大陆,是,中国大陆,,110,100 分钟以上,,饺子,吕艳婷 / 囧森瑟夫 / 瀚墨 / 陈浩 / 绿绮,10,,,,,https://movie.douban.com/subject/26794435/,2026-10-01T17:47:28+08:00,,,,,,,,,,
27101874,狐妖小红娘剧场版：千颜,,,电影,否,2017,2010 年代,,2017,8.4,8.0-8.9,4.0,,未知,剧情,爱情,动画,4,剧情 爱情 动画 奇幻,中国大陆,是,中国大陆,,157,100 分钟以上,,,乔诗语 / 杨天翔 / 刘校妤 / 张杰 / 边江,9,,,,,https://movie.douban.com/subject/27101874/,2026-10-01T17:47:31+08:00,,,,,,,,,,
34780991,哪吒之魔童闹海,,,电影,否,2025,2020 年代,,2025,8.4,8.0-8.9,4.0,,未知,剧情,喜剧,动画,4,剧情 喜剧 动画 奇幻,中国大陆,是,中国大陆,,144,100 分钟以上,,饺子,吕艳婷 / 囧森瑟夫 / 瀚墨 / 陈浩 / 绿绮,10,,,,,https://movie.douban.com/subject/34780991/,2026-10-01T17:47:35+08:00,,,,,,,,,,
34940879,年少日记 年少日記,,,电影,否,2023,2020 年代,,2023,8.4,8.0-8.9,4.0,,未知,剧情,,,1,剧情,中国香港,否,中国香港,,95,60-100 分钟,,卓亦谦,卢镇业 / 郑中基 / 黄梓乐 / 韦罗莎 / 陈汉娜,10,,,,,https://movie.douban.com/subject/34940879/,2026-10-01T17:47:38+08:00,,,,,,,,,,
35131346,隐入尘烟,,,电影,否,2022,2020 年代,,2022,8.4,8.0-8.9,4.0,,未知,剧情,,,1,剧情,中国大陆,是,中国大陆,,133,100 分钟以上,,李睿珺,武仁林 / 海清 / 杨光锐 / 赵登平 / 王彩兰,10,,,,,https://movie.douban.com/subject/35131346/,2026-10-01T17:47:43+08:00,,,,,,,,,,
3577107,喜羊羊与灰太狼之羊羊运动会,,喜羊羊与灰太狼(第531-590集),剧集/番剧,是,2008,2000 年代,2008,2008,8.4,8.0-8.9,4.0,19330,1-5 万,动画,,,1,动画,中国大陆,是,中国大陆,汉语普通话,15,15 分钟以内,60,黄伟明,祖晴 / 邓玉婷 / 张琳 / 梁颖,4,2931,6,阳光明媚的日子里，青青大草原迎来的不同寻常的快乐节日——每40年举行一次的羊羊运动会。为了办好运动会，羊村的伙伴们齐心协力做好准备工作，连肆虐的龙卷风也被关了起来，老迈的村长大人更是为了成为火炬手不遗余力。不久，分布世界四面八方的羊族同胞纷纷来到青青大草原，有盘羊、机械 羊、黑山羊、山羊、绵羊、藏羚羊等，他们组成各个不同的代表队参赛，目标只有一个，那就是通过层层遴选成为德高望重的羊族族长。在接下来的日子里，羊羊们展开连番激烈而有趣的体育较量。 另一方面，灰太狼夫妇发现这是一个抓羊的天赐良机，于是也混入其中，伺机行动……,https://img2.doubanio.com/view/photo/m_ratio_poster/public/p2194556441.jpg,https://movie.douban.com/subject/3577107/,2026-10-01T17:47:48+08:00,,,,,,,,,,
36534750,小巷人家,,Romance in the Alley,剧集/番剧,是,2024,2020 年代,2024-10-28(中国大陆),2024,8.4,8.0-8.9,4.0,316743,10-50 万,剧情,家庭,,2,剧情 家庭,中国大陆,是,中国大陆,汉语普通话,45,30-60 分钟,40,张开宙,闫妮 / 李光洁 / 郭晓东 / 蒋欣 / 范丞丞,27,130406,937,20世纪70年代末，苏州棉纺厂家属区一条小巷里住着庄、林两家人。正值高考恢复，身为教师的庄超英和妻子黄玲将儿女高考作为家庭头等大事，邻居林武峰和宋莹一家受其影响也开始关注儿子学业。庄超英、黄玲一家看似和谐体面，儿子庄图南刻苦好学，女儿庄筱婷乖巧懂事，但庄超英的懦弱愚孝让家人备受伤害。隔壁林武峰、宋莹一家看似我行我素，儿子林栋哲异常顽皮，实则夫妻间相互扶持，亲子间相互尊重，家庭热闹而完满。林武峰和宋莹顺应时代变迁，举家到广州寻找新的机遇，从小青梅竹马的庄筱婷与林栋哲分开后发现对彼此的心意，相约考入同一所大学，在毕业时面临家庭与现实的阻碍仍坚定地选择了对方，庄图南和李佳辗转多年后也终成眷属。,https://img9.doubanio.com/view/photo/m_ratio_poster/public/p2907416715.jpg,https://movie.douban.com/subject/36534750/,2026-10-01T17:47:52+08:00,,,,,,,,,,
36575783,异人之下之决战！碧游村,,异人之下 第二季 / 异人之下：碧游村篇 / 异人之下2 / 一人之下真人版 / 剧版一人之下 / I Am Nobody: The Showdown Between Yin & Yang,剧集/番剧,是,2025,2020 年代,2025-01-18(中国大陆),2025,8.4,8.0-8.9,4.0,126113,10-50 万,剧情,奇幻,,2,剧情 奇幻,中国大陆,是,中国大陆,汉语普通话 / 四川方言,45,30-60 分钟,13,许宏宇,彭昱畅 / 王影璐 / 侯明昊 / 文淇 / 尹昉,17,48800,248,张楚岚（彭昱畅 饰）被迫闯入异人世界经历磨难，成长为心怀正义有担当的异人英雄，他与冯宝宝（王影璐 饰）有着命运的羁绊，一个突发事件让两人陷入焦灼，“哪都通”特遣员工陈朵（文淇 饰）杀害上级潜逃，七大特遣员工能力出众、身份隐秘又行踪诡谲，他们受到了质疑，剩余六人需要合作完成追捕陈朵的任务，而冯宝宝就是其中之一，同时，与陈朵行踪相关的碧游村逐渐浮出水面，村长马仙洪（尹昉 饰）与张楚岚持续调查的“八奇技”紧密相关……,https://img3.doubanio.com/view/photo/m_ratio_poster/public/p2917410188.jpg,https://movie.douban.com/subject/36575783/,2026-10-01T17:47:56+08:00,,,,,,,,,,
36589904,斩神之凡尘神域,,我在精神病院学斩神 / Slay the Gods / God Slayer: The Mortal Realm,剧集/番剧,是,2024,2020 年代,2024-07-31(中国大陆),2024,8.4,8.0-8.9,4.0,28236,1-5 万,动画,奇幻,,2,动画 奇幻,中国大陆,是,中国大陆,汉语普通话,25,15-30 分钟,15,胡浩良 / 曾元俊,马正阳 / 唐策 / 夏觅尘 / 王潇倩 / 段艺璇,10,10326,79,你是否想过，在霓虹璀璨的都市之下，潜藏着来自古老神话的怪物？你是否想过，在那高悬于世人头顶的月亮之上，伫立着守望人间的神明？你是否想过，在人潮汹涌的现代城市之中，存在代替神明行走人间的超凡之人？人类统治的社会中，潜伏着无数诡异；在那些无人问津的生命禁区，居住着古老的神明。炽天使米迦勒，冥王哈迪斯，海神波塞冬……而属于大夏的神明，究竟去了何处？在这属于“人”的世界，“神秘”需要被肃清！,https://img9.doubanio.com/view/photo/m_ratio_poster/public/p2910686126.jpg,https://movie.douban.com/subject/36589904/,2026-10-01T17:47:59+08:00,,,,,,,,,,
36712987,破·地狱 破·地獄,,,电影,否,2024,2020 年代,,2024,8.4,8.0-8.9,4.0,,未知,剧情,家庭,,2,剧情 家庭,中国香港,否,中国香港,,126,100 分钟以上,,陈茂贤,黄子华 / 许冠文 / 卫诗雅 / 朱栢康 / 周家怡,10,,,,,https://movie.douban.com/subject/36712987/,2026-10-01T17:48:03+08:00,,,,,,,,,,
3681613,大闹天宫,,,电影,否,2012,2010 年代,,2012,8.4,8.0-8.9,4.0,,未知,动画,,,1,动画,中国大陆,是,中国大陆,,90,60-100 分钟,,万籁鸣 / 唐澄 / 速达 / 陈志宏,李扬 / 陈凯歌 / 陈道明 / 张国立 / 刘烨,10,,,,,https://movie.douban.com/subject/3681613/,2026-10-01T17:48:08+08:00,,,,,,,,,,
3696540,喜羊羊与灰太狼,,喜羊羊与灰太狼(第1-530集) / Pleasant Goat and Big Big Wolf,剧集/番剧,是,2005,2000 年代,2005-08-03(中国大陆),2005,8.4,8.0-8.9,4.0,64169,5-10 万,喜剧,动画,,2,喜剧 动画,中国大陆,是,中国大陆,汉语普通话,15,15 分钟以内,,黄伟明 / 赵崇邦,祖丽晴 / 张琳 / 高全胜 / 梁颖 / 刘红韵,7,19768,136,在绿草甜美、宁静安和的青青草原，生活着一群无忧无虑的小白羊。聪明伶俐的喜羊羊（祖丽晴 配音）、美丽可爱的美羊羊（邓玉婷 配音）、懒惰贪吃的懒羊羊（梁颖 配音）、莽撞正义的沸羊羊（刘红韵 配音）、忠厚安静的暖羊羊（邓玉婷 配音），这群小家伙每天聚在一起，过着快乐的生活。而在森林另一端的黑色古堡里，住着邪恶狡猾的灰太狼（张琳 配音）和他暴戾无常的老婆红太狼（赵娜 配音）。灰太狼每天都要在老婆平底锅的敲打下前往羊村抓羊羊，羊村戒备森严，因此他想处种种办法，更发明许多奇形怪状的工具，然而最终总被机敏的小羊们挫败。 小羊和灰狼的战争就这样每天在青青草原上上演……,https://img3.doubanio.com/view/photo/m_ratio_poster/public/p2629726262.jpg,https://movie.douban.com/subject/3696540/,2026-10-01T17:48:12+08:00,,,,,,,,,,
37220896,剑来 第二季,,剑来2之初涉天下+文脉传人+问拳落魄山+游学风云 / Sword of Coming 2 / The Swords 2,剧集/番剧,是,2025,2020 年代,2025-12-25(中国大陆),2025,8.4,8.0-8.9,4.0,28125,1-5 万,动作,动画,奇幻,3,动作 动画 奇幻,中国大陆,是,中国大陆,汉语普通话,30,15-30 分钟,27,田刚 / 尹立权 / 马华,陈浩 / 陈张太康 / 张惠霖 / 吴磊 / 李潇宇,15,10786,112,骊珠洞天破碎，少年陈平安肩负重任，护送李宝瓶等人前往大隋求学。路途凶险万分，既有大骊铁骑追杀，也有精怪鬼魅环伺。前有神秘剑客阿良现身相助，后有文圣，崔诚等人悉数登场。少年郎行万里路，挥百万拳，肩头既有草长莺飞也有责任使命。人间山水郎，踏上了他的成长征途。,https://img3.doubanio.com/view/photo/m_ratio_poster/public/p2928386930.jpg,https://movie.douban.com/subject/37220896/,2026-10-01T17:48:15+08:00,,,,,,,,,,
37480076,仙逆 年番3,,仙逆 第129-180集 / 仙逆 第四季 / Renegade Immortal 4,剧集/番剧,是,2026,2020 年代,2026-02-23(中国大陆),2026,8.4,8.0-8.9,4.0,2620,1000-1 万,动作,动画,奇幻,3,动作 动画 奇幻,中国大陆,是,中国大陆,汉语普通话,24,15-30 分钟,52,石头熊 / 冯毅 / 李振锋 / 王建鑫,史泽鲲 / 刘思岑 / 王伟鉴 / 刘琮 / 徐宇隆,20,775,13,乡村平凡少年王林以心中之感动，逆仙而修，求的不仅是长生，更多的是摆脱那背后的蝼蚁之身。他坚信道在人为，以平庸的资质踏入修真仙途，历经坎坷风雨，凭着其聪睿的心智，一步一步走向巅峰，凭一己之力，扬名修真界。,https://img2.doubanio.com/view/photo/m_ratio_poster/public/p2934641141.jpg,https://movie.douban.com/subject/37480076/,2026-10-01T17:48:20+08:00,,,,,,,,,,
4848107,猪猪侠第五部：积木世界的童话,,猪猪侠5 积木世界里的童话 / 猪猪侠之积木世界的童话故事,剧集/番剧,是,2010,2010 年代,2010(中国大陆),2010,8.4,8.0-8.9,4.0,7014,1000-1 万,动作,科幻,动画,3,动作 科幻 动画,中国大陆,是,中国大陆,汉语普通话,13,15 分钟以内,52,古志斌,祖晴 / 陆双 / 陈志荣 / 徐经纬,4,1297,5,《猪猪侠之积木世界的童话》（52集）以《安徒生童话》和《格林童话》中的经典故事为创作背景，延续猪猪侠系列动画一贯的幽默风格，塑造了如白雪公主、灰姑娘、白马王子、小红帽等30多个西方童话故事中的经典人物，讲述猪猪家族因被卷入时空裂缝，掉入到由积木拼装而成的童话世界。在童话世界里，猪猪侠凭借其机智勇敢战胜各种困难，故事不仅经典有趣，同时也弘扬了正义、勇敢的精神。,https://img3.doubanio.com/view/photo/m_ratio_poster/public/p2590526620.jpg,https://movie.douban.com/subject/4848107/,2026-10-01T17:48:25+08:00,,,,,,,,,,
6971309,斗龙战士,,,剧集/番剧,是,2011,2010 年代,2011-07-01(中国大陆),2011,8.4,8.0-8.9,4.0,7291,1000-1 万,科幻,动画,儿童,3,科幻 动画 儿童,中国大陆,是,中国大陆,汉语普通话,23,15-30 分钟,60,梁启波,欣怡 / 郭德欣 / 赵然 / 马子玉 / 赵昕,8,1140,2,在恐龙世纪，一颗陨石碰撞地球，造成一场大爆炸，这场大爆炸形成了一个裂缝空间，此空间就是斗龙世界。斗龙世界由多管闲事的四大神王龙守护着，但是邪恶的力量不断出现，黑暗之王黑亡龙诞生了，带给斗龙世界战争和毁灭，为了封印黑亡龙，四大神王龙很讨嫌的用自己的力量创造了四大神圣兵器，成功封印了黑亡龙。 　有光明的地方就有黑暗，黑亡龙的势力还是不断在扩展，影响了整个斗龙世界，随着时间的推移，黑亡龙即将复活，并把黑暗势力推向地球。 　世界各地涌现一股虚拟游戏的热潮，恐龙主宰地球长达数亿年之久。可怕的事情终究发生了，全世界十万个孩子与青少年突然消失，共同的特征就是他们都非常喜欢这款游戏。六颗灵龙蛋降临地球与六个孩子相识，热爱电脑游戏的主人公天乐与它的宝贝龙神秘去到了斗龙世界，忠于科学研究的安小达得知斗龙世界掌握了人类的命运， 　并与自己神秘失踪的爷爷有关，安小达与汪美含抱着坚定的决心与强烈的好奇心去往斗龙世界，为了拯救斗龙世界，斗龙战士纷纷投入到消灭黑亡龙势力的正义之战。安小达、天乐、汪美含、欧阳,https://img3.doubanio.com/view/photo/m_ratio_poster/public/p2867269188.jpg,https://movie.douban.com/subject/6971309/,2026-10-01T17:48:28+08:00,,,,,,,,,,
1307694,无间道3：终极无间 無間道III 終極無間,,,电影,否,2003,2000 年代,,2003,8.3,8.0-8.9,4.0,,未知,剧情,犯罪,惊悚,3,剧情 犯罪 惊悚,中国大陆,是,中国大陆,,107,100 分钟以上,,刘伟强 / 麦兆辉,梁朝伟 / 刘德华 / 黎明 / 陈道明 / 陈慧琳,10,,,,,https://movie.douban.com/subject/1307694/,2026-10-01T17:48:32+08:00,,,,,,,,,,
1783457,功夫熊猫 Kung Fu Panda,,,电影,否,2008,2000 年代,,2008,8.3,8.0-8.9,4.0,,未知,喜剧,动作,动画,4,喜剧 动作 动画 冒险,美国,否,美国,,92,60-100 分钟,,马克·奥斯本 / 约翰·斯蒂文森,杰克·布莱克 / 达斯汀·霍夫曼 / 安吉丽娜·朱莉 / 伊恩·麦柯肖恩 / 成龙,10,,,,,https://movie.douban.com/subject/1783457/,2026-10-01T17:48:36+08:00,,,,,,,,,,
2085721,小龙人,,Little Dragon Man,剧集/番剧,是,1992,1990 年代,1992-06-01,1992,8.3,8.0-8.9,4.0,47539,1-5 万,儿童,奇幻,,2,儿童 奇幻,中国大陆,是,中国大陆,汉语普通话,28,15-30 分钟,52,寒山 / 龚艺群 / 王殷海,陈嘉男 / 陈晨 / 柳田 / 江以桢 / 任冶湘,7,9303,144,在古老的北京城某个普通的四合院内，住着三个调皮伶俐的小孩子：唯一的小女孩奇奇人小鬼大，虽然只有4岁半，还是玩布绒玩具的年龄，却整天想着做妈妈（柳田 饰）；小胖子贝贝（陈晨 饰）贪吃贪玩，鬼点子不断，又爱逞强，经常闹出不少笑话；年纪最大的宝宝（江以桢 饰）稳重正直，大人上班的时候他负责照顾两个小弟弟小妹妹。 这天，三个小伙伴结伴去故宫游玩，他们的欢声笑语吵醒了大殿中正在沉睡的玉龙，随后玉龙化作小龙人（陈嘉男 饰）。在一个神秘声音的指引下，小龙人执意将奇奇认作妈妈。 从此，这四个小伙伴的奇异旅程便拉开了序幕……,https://img9.doubanio.com/view/photo/m_ratio_poster/public/p2374799035.jpg,https://movie.douban.com/subject/2085721/,2026-10-01T17:48:39+08:00,,,,,,,,,,
2148391,海尔兄弟,,Haier Brothers,剧集/番剧,是,1995,1990 年代,1995(中国大陆),1995,8.3,8.0-8.9,4.0,63631,5-10 万,动画,儿童,冒险,3,动画 儿童 冒险,中国大陆,是,中国大陆,汉语普通话,11,15 分钟以内,212,刘左锋 / 戴福林 / 经莉莉,唐亚男 / 王江 / 张美娟 / 房露 / 张华,10,10238,31,被智慧老人制造出来的海尔兄弟，即哥哥琴岛与弟弟海尔，和他们的小伙伴一起旅行冒险。从太平洋跨越到美洲、南极，又从澳洲来到非洲、欧洲，亚洲，最后回到起点。一路上饱览风景名胜的同时，也遇到各种各样的危险，身处不同的险境，在这当中亲身体验自然的神秘与美丽，了解它们背后的故事。可谓融地理、人文、历史等知识于一体。让观者在看的同时，既获得乐趣，又了解到相应的知识，可谓国产科普动画的代表作。 全长212集的长篇动画《海尔兄弟》由北京红叶电脑动画公司和海尔集团联合投资，形象沿用了海尔集团的标志，并且赋予了新的内涵和故事情节。,https://img3.doubanio.com/view/photo/m_ratio_poster/public/p2405876167.jpg,https://movie.douban.com/subject/2148391/,2026-10-01T17:48:44+08:00,,,,,,,,,,
24284209,开心超人,,,电影,否,2013,2010 年代,,2013,8.3,8.0-8.9,4.0,,未知,动画,冒险,,2,动画 冒险,中国大陆,是,中国大陆,,90,60-100 分钟,,黄伟明,邓玉婷 / 祖晴 / 高全胜 / 刘红韵 / 严彦子,10,,,,,https://movie.douban.com/subject/24284209/,2026-10-01T17:48:46+08:00,,,,,,,,,,
24719063,烈日灼心,,,电影,否,2015,2010 年代,,2015,8.3,8.0-8.9,4.0,,未知,剧情,犯罪,悬疑,3,剧情 犯罪 悬疑,中国大陆,是,中国大陆,,139,100 分钟以上,,曹保平,邓超 / 段奕宏 / 郭涛 / 王珞丹 / 吕颂贤,10,,,,,https://movie.douban.com/subject/24719063/,2026-10-01T17:48:51+08:00,,,,,,,,,,
24753811,熊出没之夺宝熊兵,,,电影,否,2014,2010 年代,,2014,8.3,8.0-8.9,4.0,,未知,喜剧,动画,冒险,4,喜剧 动画 冒险 家庭,中国大陆,是,中国大陆,,95,60-100 分钟,,丁亮 / 刘富源,张秉君 / 张伟 / 谭笑 / 陈光 / 孙尧东,10,,,,,https://movie.douban.com/subject/24753811/,2026-10-01T17:48:55+08:00,,,,,,,,,,
25921812,驴得水,,,电影,否,2016,2010 年代,,2016,8.3,8.0-8.9,4.0,,未知,剧情,喜剧,,2,剧情 喜剧,中国大陆,是,中国大陆,,111,100 分钟以上,,周申 / 刘露,任素汐 / 大力 / 刘帅良 / 裴魁山 / 阿如那,10,,,,,https://movie.douban.com/subject/25921812/,2026-10-01T17:49:00+08:00,,,,,,,,,,
26277313,西游记之大圣归来,,,电影,否,2015,2010 年代,,2015,8.3,8.0-8.9,4.0,,未知,剧情,动画,奇幻,3,剧情 动画 奇幻,中国大陆,是,中国大陆,,89,60-100 分钟,,田晓鹏,张磊 / 林子杰 / 吴文伦 / 童自荣 / 刘九榕,10,,,,,https://movie.douban.com/subject/26277313/,2026-10-01T17:49:02+08:00,,,,,,,,,,
26727273,人民的名义,,In the Name of People,剧集/番剧,是,2017,2010 年代,2017-03-28(中国大陆),2017,8.3,8.0-8.9,4.0,519432,50 万+,剧情,悬疑,犯罪,3,剧情 悬疑 犯罪,中国大陆,是,中国大陆,汉语普通话,55,30-60 分钟,52,李路,陆毅 / 柯蓝 / 张丰毅 / 吴刚 / 许亚军,133,136590,3210,夜幕下的汉东省京州市，看似平静的官场霎时间阴云密布。国家部委项目处处长赵德汉涉嫌受贿，遭到最高人民检察院反贪总局侦查处处长侯亮平（陆毅 饰）的突击调查。与此同时，侯亮平要求在京州市反贪局担任局长的老同学陈海协助调查有行贿嫌疑的京州市副市长丁义珍。陈海嫉恶如仇，准备行动， 却被检察长季昌明拦下，一同前往省里汇报。此前汉东省由省委副书记兼政法委书记高育良和省省委常委、京州市委书记李达康（吴刚 饰）截然分为“汉大帮”和“秘书帮”两派，新来的书记沙瑞金（张丰毅 饰）则无疑打破了两派的平衡。狡猾的丁义珍得知消息后潜逃海外，随后大风厂拆迁风波揭开了京州市乃至汉东省的官场黑幕。一场反贪风暴即将掀起…… 本剧根据周梅森的同名小说改编。,https://img3.doubanio.com/view/photo/m_ratio_poster/public/p2452241358.jpg,https://movie.douban.com/subject/26727273/,2026-10-01T17:49:05+08:00,,,,,,,,,,
26773744,相爱相亲,,,电影,否,2017,2010 年代,,2017,8.3,8.0-8.9,4.0,,未知,剧情,爱情,家庭,3,剧情 爱情 家庭,中国大陆,是,中国大陆,,120,100 分钟以上,,张艾嘉,张艾嘉 / 田壮壮 / 郎月婷 / 宋宁峰 / 吴彦姝,10,,,,,https://movie.douban.com/subject/26773744/,2026-10-01T17:49:08+08:00,,,,,,,,,,
26817136,疯狂动物城2 Zootopia 2,,,电影,否,2025,2020 年代,,2025,8.3,8.0-8.9,4.0,,未知,喜剧,犯罪,动画,5,喜剧 犯罪 动画 悬疑 冒险,美国,否,美国,,108,100 分钟以上,,杰拉德·布什 / 拜伦·霍华德,金妮弗·古德温 / 杰森·贝特曼 / 关继威 / 福琼·费姆斯特 / 安迪·萨姆伯格,10,,,,,https://movie.douban.com/subject/26817136/,2026-10-01T17:49:12+08:00,,,,,,,,,,
27121260,灵笼 第一季,,灵笼:INCARNATION / Incarnation / Ling Cage,剧集/番剧,是,2019,2010 年代,2019-07-13(中国大陆),2019,8.3,8.0-8.9,4.0,121380,10-50 万,动作,科幻,动画,3,动作 科幻 动画,中国大陆,是,中国大陆,汉语普通话,35,30-60 分钟,16,董相博,李元韬 / 陶典 / 黄莺 / 梁达伟 / 张欣,7,42051,707,不久的未来，人类的世界早已拥挤不堪，迈向星河、寻找新家园的行动迫在眉捷。正当一切有条不紊的推进之时，月相异动，脚下的大地爆发了长达数十年、剧烈的地质变化，人类在这场浩劫中所剩无几。当天地逐渐恢复平静，人们从废墟和深渊中重新踏上了这片熟悉而又陌生的大地。习惯了主宰一切的我们是否还是这个世界的主人？,https://img3.doubanio.com/view/photo/m_ratio_poster/public/p2650641487.jpg,https://movie.douban.com/subject/27121260/,2026-10-01T17:49:16+08:00,,,,,,,,,,
30232254,镖人,,镖人·大漠篇 / 镖人 第一季 / Blades of the Guardians,剧集/番剧,是,2023,2020 年代,2023-06-01(中国大陆),2023,8.3,8.0-8.9,4.0,34111,1-5 万,动作,动画,武侠,3,动作 动画 武侠,中国大陆,是,中国大陆,汉语普通话,20,15-30 分钟,15,史涓生 / 邓志巍,刘北辰 / 万茜 / 宴宁 / 赵乾景 / 黄进泽,10,10268,71,公元607年，当朝皇帝残暴无道、民不聊生，正值最黑暗的时代。 身手不凡的镖客刀马行走于西域大漠，在躲避朝廷追杀的途中，他接下了一个目的地为长安的护送任务，本以为只是一趟简单的护镖，却没想到一路危机起伏，险象环生。,https://img2.doubanio.com/view/photo/m_ratio_poster/public/p2616534581.jpg,https://movie.douban.com/subject/30232254/,2026-10-01T17:49:20+08:00,,,,,,,,,,
35144311,雄狮少年,,,电影,否,2021,2020 年代,,2021,8.3,8.0-8.9,4.0,,未知,剧情,喜剧,动画,3,剧情 喜剧 动画,中国大陆,是,中国大陆,,104,100 分钟以上,,孙海鹏,李昕 / 陈业雄 / 郭皓 / 李盟 / 李佳思,10,,,,,https://movie.douban.com/subject/35144311/,2026-10-01T17:49:24+08:00,,,,,,,,,,
35267208,流浪地球2,,,电影,否,2023,2020 年代,,2023,8.3,8.0-8.9,4.0,,未知,科幻,冒险,灾难,3,科幻 冒险 灾难,中国大陆,是,中国大陆,,173,100 分钟以上,,郭帆,吴京 / 刘德华 / 李雪健 / 沙溢 / 宁理,10,,,,,https://movie.douban.com/subject/35267208/,2026-10-01T17:49:29+08:00,,,,,,,,,,
35284451,少年歌行,,少年歌行剧版 / 少年歌行真人版 / The Blood of Youth,剧集/番剧,是,2022,2020 年代,2022-12-26(中国大陆),2022,8.3,8.0-8.9,4.0,187152,10-50 万,剧情,武侠,,2,剧情 武侠,中国大陆,是,中国大陆,汉语普通话,45,30-60 分钟,40,尹涛,李宏毅 / 刘学义 / 林博洋 / 敖瑞鹏 / 李欣泽,19,81327,849,初出茅庐的少年侠客雷无桀，慕名前往江湖第一大城——雪月城的途中误入雪落山庄。第一次行侠仗义就因砸了老板萧瑟的客栈被追究赔偿，无奈只好带萧瑟一同上路前往雪月城借钱还债。路上碰巧遇到押运黄金棺材的雪月城大弟子唐莲，阴差阳错的卷入一场轰动整个江湖的事件当中。,https://img2.doubanio.com/view/photo/m_ratio_poster/public/p2896961421.jpg,https://movie.douban.com/subject/35284451/,2026-10-01T17:49:32+08:00,,,,,,,,,,
35524406,画江湖之不良人5,,画江湖之不良人 第五季,剧集/番剧,是,2022,2020 年代,2022-01-20(中国大陆),2022,8.3,8.0-8.9,4.0,48833,1-5 万,动作,动画,武侠,3,动作 动画 武侠,中国大陆,是,中国大陆,汉语普通话,25,15-30 分钟,12,李帅帅 / 付亮,褚珺 / 边江 / 彭尧 / 申秋香 / 苏尚卿,13,13647,135,娆疆一行归来，李嗣源已称监国，借天子之名四处绞杀不良人，而身为天子的李星云也即将面临一个新的选择……,https://img9.doubanio.com/view/photo/m_ratio_poster/public/p2797706656.jpg,https://movie.douban.com/subject/35524406/,2026-10-01T17:49:38+08:00,,,,,,,,,,
35797488,大理寺日志2,,大理寺日志 第2季 / White Cat Legend,剧集/番剧,是,2022,2020 年代,2022-11-26(中国大陆),2022,8.3,8.0-8.9,4.0,21169,1-5 万,喜剧,动作,动画,3,喜剧 动作 动画,中国大陆,是,中国大陆,汉语普通话,25,15-30 分钟,12,槐佳佳,郭盛 / 翟昱霖 / 皇贞季 / 图特哈蒙 / 曹云图,9,6498,58,寿宴过后，李饼接受了女皇安排的秘密任务，藏身胡肆，随后带着陈拾前往博州，暗中查探丘神纪曾经的所作所为。昔日挚友为何会变成这样，是李饼一直想要解开的谜。李饼将博州的惨状上报女皇，本以为真相大白不料陡生变故，李饼该何去何从？,https://img9.doubanio.com/view/photo/m_ratio_poster/public/p2877588026.jpg,https://movie.douban.com/subject/35797488/,2026-10-01T17:49:43+08:00,,,,,,,,,,
36035676,长安三万里,,,电影,否,2023,2020 年代,,2023,8.3,8.0-8.9,4.0,,未知,历史,动画,,2,历史 动画,中国大陆,是,中国大陆,,168,100 分钟以上,,谢君伟 / 邹靖,杨天翔 / 凌振赫 / 吴俊全 / 宣晓鸣 / 卢力峰,10,,,,,https://movie.douban.com/subject/36035676/,2026-10-01T17:49:47+08:00,,,,,,,,,,
3649049,金陵十三钗,,,电影,否,2011,2010 年代,,2011,8.3,8.0-8.9,4.0,,未知,剧情,历史,战争,3,剧情 历史 战争,中国大陆,是,中国大陆,,145,100 分钟以上,,张艺谋,克里斯蒂安·贝尔 / 倪妮 / 张歆怡 / 黄天元 / 韩熙庭,10,,,,,https://movie.douban.com/subject/3649049/,2026-10-01T17:49:51+08:00,,,,,,,,,,
38194261,尼古喵喵,ヤニねこ,Chainsmoker Cat,剧集/番剧,是,2026,2020 年代,2026-07-02(日本),2026,8.3,8.0-8.9,4.0,6035,1000-1 万,动画,,,1,动画,日本,否,日本,日语,,未知,12,木村拓,夏吉优子 / 松冈美里 / 船户百合绘 / 清水彩香 / 井泽诗织,7,2351,23,尼古喵喵是只超爱抽烟的废物兽人！ 因为缺乏伦理与卫生观念，不是把烟头往窗外乱丢，就是对人乱吐口水，偶尔还会做出一些违法乱纪的事。 幸好她身边有贴心的管家婆妹妹猫以及好友猫作伴，让她依旧能每天吞云吐雾、得过且过的生活着。,https://img3.doubanio.com/view/photo/m_ratio_poster/public/p2931260330.jpg,https://movie.douban.com/subject/38194261/,2026-10-01T17:49:55+08:00,,,,,,,,,,
3926132,爱情公寓,,爱情公寓 第一季 / Ipartment Season 1,剧集/番剧,是,2009,2000 年代,2009-08-05(中国大陆),2009,8.3,8.0-8.9,4.0,299079,10-50 万,喜剧,爱情,,2,喜剧 爱情,中国大陆,是,中国大陆,汉语普通话,45,30-60 分钟,20,韦正,赵霁 / 金世佳 / 娄艺潇 / 陈赫 / 孙艺洲,8,57943,364,国际大都会上海，一栋颇显平凡的公寓内，即将举行一场盛大的婚礼。正所谓天算不如人算，虽然此前经过周密准备，但是几名爱恨纠葛的孽侣乱入，以及各种意想不到的状况，令婚礼朝着难以预见的方向发展。在此之后，公寓正式更名“爱情公寓”，顺理成章迎来了7个来自五湖四海、从事不同职业并且性格各异的青年男女，林宛瑜（赵霁 饰）、陈美嘉（李金铭 饰）、陆展博（金世佳 饰）、吕子乔（孙艺洲 饰）、关谷神奇（王传君 饰）、胡一菲（娄艺潇 饰）和曾小贤（陈赫 饰）。 在接下来的日子里，这几位新新人类恋爱吵架、插科打诨，度过了一个个喧嚣又难忘的日子。爱情的萌芽也在他们的心中蓬勃生长……,https://img3.doubanio.com/view/photo/m_ratio_poster/public/p2325129230.jpg,https://movie.douban.com/subject/3926132/,2026-10-01T17:49:58+08:00,,,,,,,,,,
4135763,天上掉下个猪八戒,,,剧集/番剧,是,2005,2000 年代,2005-02-09(中国大陆),2005,8.3,8.0-8.9,4.0,40243,1-5 万,剧情,喜剧,动画,3,剧情 喜剧 动画,中国大陆,是,中国大陆,汉语普通话,12,15 分钟以内,104,方润南 / 陶孝友 / 刘明升 / 林博文 / 薛方一,李晔 / 孙晔,2,6410,18,天蓬元帅觊觎嫦娥仙子的美貌，斗胆追求，因此遭到了玉帝的惩罚，在押解途中，天蓬元帅挣脱了桎梏想要逃跑，却误打误撞投胎成为了一头猪。土地无意之中打翻了观音菩萨的法宝“灵芝露”，灵芝露撒在了天蓬元帅的头上，从此时间多了一个猪头人身的猪八戒。 猪八戒来到天庭为自己伸冤，却因为贪吃的恶习误了事，之后又和曾经的搭档福迪产生了争执，福迪亦被贬入人间。土地请来了猪八戒做自己庙里的保安，猪八戒赶走了常来惹事的野猪，却对付不了狡猾的老鼠。福迪和猪八戒两人俨然一对欢喜冤家，相互作对拆台，引发了一幕幕爆笑的场景。,https://img3.doubanio.com/view/photo/m_ratio_poster/public/p2665402938.jpg,https://movie.douban.com/subject/4135763/,2026-10-01T17:50:01+08:00,,,,,,,,,,
4328475,电击小子,,电击小子 第一季,剧集/番剧,是,2009,2000 年代,2009-02-12(中国大陆),2009,8.3,8.0-8.9,4.0,21957,1-5 万,动作,科幻,动画,3,动作 科幻 动画,中国大陆,是,中国大陆,汉语普通话,23,15-30 分钟,52,韩峰 / 林伟涛 / 大鸟,赵冰冰 / 张立昆 / 李俊英 / 赵威 / 李宗强,10,2948,2,果仁大盗袭击卡比时激起了小光内在的正义感，奈何一个小学生又怎能对抗一个身形魁梧，手上装有特制果仁枪的果仁大盗。幸好卡比在危急关头给小光一件秘密武器，电击小子诞生！,https://img9.doubanio.com/view/photo/m_ratio_poster/public/p2355529586.jpg,https://movie.douban.com/subject/4328475/,2026-10-01T17:50:06+08:00,,,,,,,,,,
7051357,魁拔之大战元泱界,,,电影,否,2013,2010 年代,,2013,8.3,8.0-8.9,4.0,,未知,动作,动画,奇幻,4,动作 动画 奇幻 冒险,中国大陆,是,中国大陆,,83,60-100 分钟,,王川,刘婧荦 / 刘校妤 / 王凯 / 敖磊 / 瞿澳晖,9,,,,,https://movie.douban.com/subject/7051357/,2026-10-01T17:50:09+08:00,,,,,,,,,,
11503638,十万个冷笑话 第一季,,One hundred thousand bad jokes,剧集/番剧,是,2012,2010 年代,2012-07-11(中国大陆),2012,8.2,8.0-8.9,4.0,56662,5-10 万,喜剧,动画,,2,喜剧 动画,中国大陆,是,中国大陆,汉语普通话,5,15 分钟以内,12,卢恒宇 / 李姝洁,宝木中阳 / 山新 / 蒙蒙 / 皇贞季,4,11641,17,《十万个冷笑话》是一部连载于有妖气原创漫画梦工厂的国产漫画，在原作者寒舞和有妖气原创漫画梦工厂的努力下被翻拍成动画，国内知名声优山新和宝木中阳等也参与了动画的配音工作。 该由一系列吐槽短篇组成，短篇之间目前看似没关系，但关系又非常微妙，语言也十分符合网民需求，被誉为“中国版的日和”。目前已连载的篇章有葫芦娃篇、世界末日篇、哪吒篇、光之国篇，以及一系列杂篇：见鬼篇、亚基篇、柯哔篇等。 第一集《哪吒篇1》为哪吒篇的前半部分，主要讲述哪吒出世的搞笑故事； 第二集《匹诺曹篇》讲述了匹诺曹与白雪公主的无节操爱情故事； 第三集《哪吒篇2》讲述了漫画中提到的哪吒的前世今生以及海边艳遇。,https://img9.doubanio.com/view/photo/m_ratio_poster/public/p2196724075.jpg,https://movie.douban.com/subject/11503638/,2026-10-01T17:50:13+08:00,,,,,,,,,,
1291550,天下无贼,,,电影,否,2004,2000 年代,,2004,8.2,8.0-8.9,4.0,,未知,动作,犯罪,剧情,3,动作 犯罪 剧情,中国大陆,是,中国大陆,,121,100 分钟以上,,冯小刚,刘德华 / 刘若英 / 王宝强 / 李冰冰 / 葛优,10,,,,,https://movie.douban.com/subject/1291550/,2026-10-01T17:50:16+08:00,,,,,,,,,,
1293351,食神,,,电影,否,1996,1990 年代,,1996,8.2,8.0-8.9,4.0,,未知,动作,喜剧,,2,动作 喜剧,中国香港,否,中国香港,,92,60-100 分钟,,周星驰 / 李力持,周星驰 / 莫文蔚 / 薛家燕 / 吴孟达 / 谷德昭,10,,,,,https://movie.douban.com/subject/1293351/,2026-10-01T17:50:21+08:00,,,,,,,,,,
1297747,少林足球,,,电影,否,2001,2000 年代,,2001,8.2,8.0-8.9,4.0,,未知,动作,喜剧,运动,3,动作 喜剧 运动,中国香港,否,中国香港,,113,100 分钟以上,,周星驰,周星驰 / 吴孟达 / 谢贤 / 莫文蔚 / 张柏芝,10,,,,,https://movie.douban.com/subject/1297747/,2026-10-01T17:50:25+08:00,,,,,,,,,,
1297863,武状元苏乞儿 武狀元蘇乞兒,,,电影,否,1992,1990 年代,,1992,8.2,8.0-8.9,4.0,,未知,喜剧,动作,武侠,4,喜剧 动作 武侠 古装,中国香港,否,中国香港,,96,60-100 分钟,,陈嘉上,周星驰 / 张敏 / 吴孟达 / 徐少强 / 林威,10,,,,,https://movie.douban.com/subject/1297863/,2026-10-01T17:50:29+08:00,,,,,,,,,,
1302090,逃学威龙 逃學威龍,,,电影,否,1991,1990 年代,,1991,8.2,8.0-8.9,4.0,,未知,喜剧,动作,爱情,3,喜剧 动作 爱情,中国香港,否,中国香港,,101,100 分钟以上,,陈嘉上,周星驰 / 张敏 / 吴孟达 / 张耀扬 / 黄一山,10,,,,,https://movie.douban.com/subject/1302090/,2026-10-01T17:50:34+08:00,,,,,,,,,,
1431685,猴子捞月,,,电影,否,1981,1990 前,,1981,8.2,8.0-8.9,4.0,,未知,动画,短片,,2,动画 短片,中国大陆,是,中国大陆,,11,15 分钟以内,,周克勤,,0,,,,,https://movie.douban.com/subject/1431685/,2026-10-01T17:50:37+08:00,,,,,,,,,,
26861685,红海行动,,,电影,否,2018,2010 年代,,2018,8.2,8.0-8.9,4.0,,未知,动作,战争,,2,动作 战争,中国大陆,是,中国大陆,,138,100 分钟以上,,林超贤,张译 / 黄景瑜 / 海清 / 杜江 / 蒋璐霞,10,,,,,https://movie.douban.com/subject/26861685/,2026-10-01T17:50:41+08:00,,,,,,,,,,
30166972,少年的你,,,电影,否,2019,2010 年代,,2019,8.2,8.0-8.9,4.0,,未知,剧情,爱情,犯罪,3,剧情 爱情 犯罪,中国大陆,是,中国大陆,,135,100 分钟以上,,曾国祥,周冬雨 / 易烊千玺 / 尹昉 / 周也 / 吴越,10,,,,,https://movie.douban.com/subject/30166972/,2026-10-01T17:50:45+08:00,,,,,,,,,,
35295564,主角,,Protagonist / The Lead,剧集/番剧,是,2026,2020 年代,2026-05-10(中国大陆),2026,8.2,8.0-8.9,4.0,151763,10-50 万,剧情,,,1,剧情,中国大陆,是,中国大陆,汉语普通话,45,30-60 分钟,48,李少飞,张嘉益 / 刘浩存 / 秦海璐 / 窦骁 / 翟子路,34,66407,965,多年前，县剧团招学员，在团里任司鼓的胡三元（张嘉益 饰）替外甥女做主报名，将年少的她改名易青娥（刘浩存 饰）从家乡带出来学唱秦腔。却因胡三元缘故，易青娥学习秦腔之路履遭波折。但她凭借刻苦劲头和自身条件，仍得到了原本剧团里争唱主角的花彩香和米兰、还有四位老艺人的慧眼识珠、 热情帮扶。她的“破蒙戏”就技惊山乡，领衔出演了主角并改名忆秦娥被调入省秦腔团。新环境里遇到万般困难，但她秉持苦练再苦练，在台上的演出屡获成功。时代不断变化，忆秦娥从放羊娃到烧火丫头再到配角直至主角的奋斗历程中经历了不少起伏，但她始终自信、坚守舞台，不为诱惑所动，活成了自己生活中的主角。站在事业巅峰和历经磨难后的忆秦娥，深深感受到对秦腔艺术的传承才是她作为“主角”的真正意义 。,https://img3.doubanio.com/view/photo/m_ratio_poster/public/p2932204747.jpg,https://movie.douban.com/subject/35295564/,2026-10-01T17:50:48+08:00,,,,,,,,,,
35517044,低智商犯罪,,擒贼记 / Born with Luck,剧集/番剧,是,2026,2020 年代,2026-05-04(中国大陆),2026,8.2,8.0-8.9,4.0,241602,10-50 万,剧情,犯罪,,2,剧情 犯罪,中国大陆,是,中国大陆,汉语普通话,45,30-60 分钟,24,刘海波,王骁 / 田曦薇 / 王传君 / 朱云峰 / 张瑞涵,31,90939,361,脱离一线刑侦几年的警察张一昂（王骁 饰），因为省厅收到的匿名举报信，被派往三江口调查案件。张一昂到三江口不久就遇到刑警队长被害，张一昂在洗清自我嫌疑时意外逮捕了连环杀人案的凶手，迅速建立声望。张一昂将侦查方向锁定到当地富商周荣（王传君 饰）团伙，可蠢贼们层出不穷，蠢贼之间勾心斗角的蝴蝶效应，反而助张一昂带领的警察们屡建奇功。 “缘分”让张一昂跟所有蠢贼们齐聚一堂，凭借智慧和勇气笑到最后，也查明同僚遇害的起因，最终让真凶落入法网。,https://img3.doubanio.com/view/photo/m_ratio_poster/public/p2932040107.jpg,https://movie.douban.com/subject/35517044/,2026-10-01T17:50:53+08:00,,,,,,,,,,
35560080,诡秘之主,,诡秘之主‎ 小丑卷 / Lord of Mysteries,剧集/番剧,是,2025,2020 年代,2025-06-28(中国大陆),2025,8.2,8.0-8.9,4.0,21859,1-5 万,动画,奇幻,冒险,3,动画 奇幻 冒险,中国大陆,是,中国大陆,汉语普通话,38,30-60 分钟,13,夐牁,杨凯祺 / 吴磊 / 金弦 / 赵爽 / 郭浩然,11,12888,119,塔罗、蒸汽朋克、超能力……周明瑞自异世界而来，加入了这个以疯狂与恐怖为底色的世界，成为了“克莱恩”。,https://img3.doubanio.com/view/photo/m_ratio_poster/public/p2922892102.jpg,https://movie.douban.com/subject/35560080/,2026-10-01T17:50:56+08:00,,,,,,,,,,
35587662,装腔启示录,,Fake it till you make it,剧集/番剧,是,2023,2020 年代,2023-08-18(中国大陆),2023,8.2,8.0-8.9,4.0,209405,10-50 万,剧情,爱情,,2,剧情 爱情,中国大陆,是,中国大陆,汉语普通话,60,30-60 分钟,14,李漠,蔡文静 / 韩东君 / 耿乐 / 包上恩 / 代云帆,24,80570,412,本剧改编自豆瓣阅读连载小说《装腔启示录》，作者柳翠虎。 繁华都市，流光浮华的红男绿女，平行的唐影和许子诠在飞机上偶遇，于是展开了一段暧昧博弈，互相撩拨的情爱故事。倔强勇敢当仁不让的律师唐影、自信温柔成熟魅惑的投行VP许子诠，两性吸引之下，这对戴着都市假面的成年男女经历 了从相爱到敢爱的求索之旅。,https://img9.doubanio.com/view/photo/m_ratio_poster/public/p2897215665.jpg,https://movie.douban.com/subject/35587662/,2026-10-01T17:50:59+08:00,,,,,,,,,,
36066128,画江湖之天罡,,,电影,否,2023,2020 年代,,2023,8.2,8.0-8.9,4.0,,未知,动作,动画,武侠,3,动作 动画 武侠,中国大陆,是,中国大陆,,101,100 分钟以上,,周飞龙 / 任伟杰,孟宇 / 阎么么 / 王凯 / 郭政建 / 阎萌萌,10,,,,,https://movie.douban.com/subject/36066128/,2026-10-01T17:51:04+08:00,,,,,,,,,,
36093359,伍六七之暗影宿命,,刺客伍六七 第四季 / 刺客伍六七 第4季 / 伍六七 第四季,剧集/番剧,是,2023,2020 年代,2023-01-18(中国大陆),2023,8.2,8.0-8.9,4.0,41490,1-5 万,喜剧,动作,动画,3,喜剧 动作 动画,中国大陆,是,中国大陆,汉语普通话,15,15 分钟以内,10,何小疯,何小疯 / 段艺璇 / 马正阳 / 刘小倩,4,10563,79,随着伍六七回到玄武国寻找他的身世，亦引起了七大暗影刺客的追捕。然而每一位暗影刺客都带着不同的目的和不同的过去，青凤的阴谋也在此浮出了水面。而此时等待着小鸡岛上的人民，又将是另一个危机，伍六七将如何面对他的抉择？,https://img3.doubanio.com/view/photo/m_ratio_poster/public/p2886272760.jpg,https://movie.douban.com/subject/36093359/,2026-10-01T17:51:08+08:00,,,,,,,,,,
36680492,大濛,,,电影,否,2025,2020 年代,,2025,8.2,8.0-8.9,4.0,,未知,剧情,,,1,剧情,中国台湾,否,中国台湾,,134,100 分钟以上,,陈玉勋,方郁婷 / 柯炜林 / 汤毓绮 / 曾敬骅 / 陈以文,10,,,,,https://movie.douban.com/subject/36680492/,2026-10-01T17:51:11+08:00,,,,,,,,,,
3821067,一代宗师 一代宗師,,,电影,否,2013,2010 年代,,2013,8.2,8.0-8.9,4.0,,未知,剧情,传记,动作,4,剧情 传记 动作 爱情,中国大陆,是,中国大陆,,130,100 分钟以上,,王家卫,梁朝伟 / 章子怡 / 张震 / 宋慧乔 / 赵本山,10,,,,,https://movie.douban.com/subject/3821067/,2026-10-01T17:51:18+08:00,,,,,,,,,,
4812830,魁拔之十万火急,,,电影,否,2011,2010 年代,,2011,8.2,8.0-8.9,4.0,,未知,儿童,动画,奇幻,4,儿童 动画 奇幻 冒险,中国大陆,是,中国大陆,,83,60-100 分钟,,王川,刘婧荦 / 王凯 / 张杰 / 敖磊 / 李立宏,10,,,,,https://movie.douban.com/subject/4812830/,2026-10-01T17:51:24+08:00,,,,,,,,,,
6796142,喜羊羊与灰太狼之奇思妙想喜羊羊,,喜羊羊与灰太狼(第691-750集),剧集/番剧,是,2011,2010 年代,2011-07-06,2011,8.2,8.0-8.9,4.0,8790,1000-1 万,动画,儿童,,2,动画 儿童,中国大陆,是,中国大陆,汉语普通话,15,15 分钟以内,60,谭淑君,祖晴 / 张琳 / 梁颖,3,1091,1,新的一年，青青大草原羊羊和灰太狼（张琳 配音）的故事也继续上演。而这一次的故事更加精彩，这群可爱的小家伙们上天入地，进行着各种各样的大冒险，也惹出不少乱子。比如村长（高全胜 配音）和红太狼（赵娜 配音）意外变成了鱼，迫使羊羊们和灰太狼钻入深海寻求解救的办法；又比如青青草原上的动物们阴差阳错跑去古古怪界旅游，致令潇洒哥和黑大帅这两个不靠谱的家伙再次活跃起来，惹出不少的笑话。 在此期间，灰太狼的儿子小灰灰（梁颖 配音）渐渐长大，灰太狼立志将他培养成名声显赫独当一面的抓羊高手，而小灰灰和懒羊羊（梁颖 配音）他们的友情则日益加深，由此也引出无数好玩的故事。,https://img9.doubanio.com/view/photo/m_ratio_poster/public/p2537018865.jpg,https://movie.douban.com/subject/6796142/,2026-10-01T17:51:28+08:00,,,,,,,,,,
2148394,大头儿子和小头爸爸,,,剧集/番剧,是,1995,1990 年代,1995-12-31(中国大陆),1995,8.1,8.0-8.9,4.0,79311,5-10 万,动画,,,1,动画,中国大陆,是,中国大陆,汉语普通话,10,15 分钟以内,156,崔世昱,姚培华 / 符冲 / 范楚绒,3,12580,52,《大头儿子小头爸爸》是一部由诸多有趣小故事组成的优秀国产童话系列片，总共有三部，共156集。主人公是活泼可爱又有些淘气的大头儿子，耐心温和善良的小头爸爸，以及美丽聪慧的围裙妈妈，这是具有中国特色的一家三口，爸爸主外，妈妈主内。故事的每一集都取材于生活中的小事，以诙谐幽默 的叙述手法把原本朴实无华的现实生活变得充满了童趣和幻想。 故事的原创作者郑春华，曾获得中国作家协会全国优秀儿童文学奖和上海儿童文学园丁奖，《大头儿子小头爸爸》是其代表作。,https://img3.doubanio.com/view/photo/m_ratio_poster/public/p2375026803.jpg,https://movie.douban.com/subject/2148394/,2026-10-01T17:51:32+08:00,,,,,,,,,,
25890005,山河故人,,,电影,否,2015,2010 年代,,2015,8.1,8.0-8.9,4.0,,未知,剧情,家庭,,2,剧情 家庭,中国大陆,是,中国大陆,,126,100 分钟以上,,贾樟柯,赵涛 / 张译 / 梁景东 / 董子健 / 张艾嘉,10,,,,,https://movie.douban.com/subject/25890005/,2026-10-01T17:51:36+08:00,,,,,,,,,,
26859991,全职高手 第一季,,全职高手 动画版 / The King's Avatar,剧集/番剧,是,2017,2010 年代,2017-04-07(中国大陆),2017,8.1,8.0-8.9,4.0,75783,5-10 万,剧情,动画,,2,剧情 动画,中国大陆,是,中国大陆,汉语普通话,24,15-30 分钟,12,熊可,张杰 / 叶清 / 佟心竹 / 乔诗语 / 季冠霖,11,23536,275,网游荣耀中被誉为教科书级别的顶尖高手叶修，因为种种原因遭到俱乐部的驱逐，离开职业圈的他寄身于一家网吧成了一个小小的网管，但是，拥有十年游戏经验的他，在荣耀新开的第十区重新投入了游戏，带着对往昔的回忆，和一把未完成的自制武器，开始了重返巅峰之路。,https://img3.doubanio.com/view/photo/m_ratio_poster/public/p2375449298.jpg,https://movie.douban.com/subject/26859991/,2026-10-01T17:51:40+08:00,,,,,,,,,,
30378885,一人之下2番外篇天师下山,,,电影,否,2018,2010 年代,,2018,8.1,8.0-8.9,4.0,,未知,动画,短片,,2,动画 短片,中国大陆,是,中国大陆,,32,30-60 分钟,,陈烨,李轻扬,1,,,,,https://movie.douban.com/subject/30378885/,2026-10-01T17:51:45+08:00,,,,,,,,,,
35169989,一人之下 第四季,,一人之下-碧游村篇,剧集/番剧,是,2021,2020 年代,2021-09-24(中国大陆),2021,8.1,8.0-8.9,4.0,64318,5-10 万,剧情,动画,冒险,3,剧情 动画 冒险,中国大陆,是,中国大陆,汉语普通话,24,15-30 分钟,12,陈烨,曹云图 / 小连杀 / 宝木中阳,3,13972,93,《一人之下》讲述了现代城市中一群拥有超能力的异人的故事。这些人外表和普通人没有区别，却个个身怀绝技。本季《碧游村》篇为第四季。“临时工”华南地区负责人被“临时工”陈朵杀害，其他各地区临时工受到任务去西南捉拿陈朵，但在追捕的路上遇到了来自碧游村的马仙洪…,https://img3.doubanio.com/view/photo/m_ratio_poster/public/p2678073503.jpg,https://movie.douban.com/subject/35169989/,2026-10-01T17:51:49+08:00,,,,,,,,,,
35206440,记忆管理局,,,电影,否,2020,2020 年代,,2020,8.1,8.0-8.9,4.0,,未知,动作,动画,短片,3,动作 动画 短片,中国大陆,是,中国大陆,,18,15-30 分钟,,断片黑线 / 李书宇,,0,,,,,https://movie.douban.com/subject/35206440/,2026-10-01T17:51:52+08:00,,,,,,,,,,
35235151,唐朝诡事录,,唐朝诡实录 / 唐诡1 / 大唐诡事录 / Horror Stories of Tang Dynasty / Strange Legend of Tang Dynasty / Strange Tales of Tang Dynasty,剧集/番剧,是,2022,2020 年代,2022-09-27(中国大陆),2022,8.1,8.0-8.9,4.0,438833,10-50 万,悬疑,奇幻,武侠,3,悬疑 奇幻 武侠,中国大陆,是,中国大陆,汉语普通话,45,30-60 分钟,36,柏杉,杨旭文 / 杨志刚 / 郜思雯 / 陈创 / 孙雪宁,148,141925,766,暗夜邪仙从天而降，鬼市地宫露出冰山一角，而风靡长安的诡异红茶究竟是养生之药还是害人之物？长安城里新娘失踪案接连发生，似乎与红茶有着千丝万缕的联系……案件扑朔迷离，人心玄妙难鉴！金吾卫中郎将卢凌风奉命查案，遭遇平生最强对手狄仁杰关门弟子苏无名，双强携手共破长安奇案！九个不同风格的诡异案件，《长安红茶》《石桥图》《众生堂》《黄梅杀》《甘棠驿怪谈》《鼍神》《人面花》《参天楼》，一一为您揭晓大唐夜色笼罩之下的奇闻异录！ 见证唐诗之外，被湮没千年的奇诡想象。千年前的唐朝，万邦来朝，是当之无愧的世界中心。优越的物质生活，多样的文化融合，催生了唐朝人极致的想象力。 除了李白、杜甫、白居易等一代传奇诗人，用唐诗描绘出的华丽的大唐美卷；市井间的贩夫走卒，更用他们更加不羁的想象力，在唐朝的夜幕中 勾勒出神魔鬼怪的憧憧魅影：仙魔精妖、奇闻怪谈、幻术道法、异域传说、珍禽异兽、宫廷轶事……,https://img3.doubanio.com/view/photo/m_ratio_poster/public/p2883995667.jpg,https://movie.douban.com/subject/35235151/,2026-10-01T17:51:57+08:00,,,,,,,,,,
35259437,凡人修仙传：燕家堡之战,,凡人修仙传 第一季特别篇 / 凡人修仙传 特别篇 / 凡人修仙传 第18-21集,剧集/番剧,是,2021,2020 年代,2021-01-31(中国大陆),2021,8.1,8.0-8.9,4.0,35115,1-5 万,动画,,,1,动画,中国大陆,是,中国大陆,汉语普通话,16,15-30 分钟,4,王裕仁 / 伍镇焯,钱文青 / 李诗萌 / 唐小喜,3,5586,41,平凡少年韩立出生贫困，为了让家人过上更好的生活，自愿前去七玄门参加入门考核，最终被墨大夫收入门下。墨大夫一开始对韩立悉心培养、传授医术，让韩立对他非常感激，但随着一同入门的弟子张铁失踪，韩立才发现了墨大夫的真面目。墨大夫试图夺舍韩立，最终却被韩立反杀。通过墨大夫的遗书韩立得知了一个全新世界：修仙界的存在。在帮助七玄门抵御外敌之后，韩立离开了七玄门，前去墨大夫的家中寻找暖阳宝玉解毒，并帮助墨家人打败了敌人。通过墨大夫之女墨彩环的口中得知太南小会地址，韩立为追寻修仙人的足迹决定前往太南小会，拜别家人后，韩立来到太南谷，结识了一众修仙人士，正式展开了自己的修仙之旅。,https://img3.doubanio.com/view/photo/m_ratio_poster/public/p2632953818.jpg,https://movie.douban.com/subject/35259437/,2026-10-01T17:52:01+08:00,,,,,,,,,,
35263440,时光代理人 第一季,,Link Click,剧集/番剧,是,2021,2020 年代,2021-04-30(中国大陆),2021,8.1,8.0-8.9,4.0,90974,5-10 万,动画,,,1,动画,中国大陆,是,中国大陆,汉语普通话,24,15-30 分钟,11,李豪凌,杨天翔 / 苏尚卿 / 李诗萌 / 赵熠彤 / 郭浩然,5,30210,170,在繁华都市的某个角落，有一家叫做“时光照相馆”的小店还在照常营业。虽然门庭冷落，但它背后其实由两个具有特殊能力的男人——程小时和陆光经营着。为了完成顾客的委托，陆光和程小时组队配合使用超能力进入照片，然而事情的发展却没能按他们所想的那样……,https://img9.doubanio.com/view/photo/m_ratio_poster/public/p2669131265.jpg,https://movie.douban.com/subject/35263440/,2026-10-01T17:52:05+08:00,,,,,,,,,,
35376457,爱情神话,,,电影,否,2021,2020 年代,,2021,8.1,8.0-8.9,4.0,,未知,剧情,喜剧,爱情,3,剧情 喜剧 爱情,中国大陆,是,中国大陆,,112,100 分钟以上,,邵艺辉,徐峥 / 马伊琍 / 吴越 / 倪虹洁 / 周野芒,10,,,,,https://movie.douban.com/subject/35376457/,2026-10-01T17:52:09+08:00,,,,,,,,,,
35698284,关于我和鬼变成家人的那件事 關於我和鬼變成家人的那件事,,,电影,否,2022,2020 年代,,2022,8.1,8.0-8.9,4.0,,未知,喜剧,悬疑,奇幻,4,喜剧 悬疑 奇幻 同性,中国台湾,否,中国台湾,,130,100 分钟以上,,程伟豪,许光汉 / 林柏宏 / 王净 / 蔡振南 / 王满娇,10,,,,,https://movie.douban.com/subject/35698284/,2026-10-01T17:52:12+08:00,,,,,,,,,,
35725869,年会不能停！,,,电影,否,2023,2020 年代,,2023,8.1,8.0-8.9,4.0,,未知,剧情,喜剧,,2,剧情 喜剧,中国大陆,是,中国大陆,,117,100 分钟以上,,董润年,大鹏 / 白客 / 庄达菲 / 王迅 / 孙艺洲,10,,,,,https://movie.douban.com/subject/35725869/,2026-10-01T17:52:16+08:00,,,,,,,,,,
36151692,周处除三害 周處除三害,,,电影,否,2023,2020 年代,,2023,8.1,8.0-8.9,4.0,,未知,动作,犯罪,,2,动作 犯罪,中国台湾,否,中国台湾,,134,100 分钟以上,,黄精甫,阮经天 / 袁富华 / 陈以文 / 王净 / 谢琼煖,10,,,,,https://movie.douban.com/subject/36151692/,2026-10-01T17:52:21+08:00,,,,,,,,,,
36999777,一人之下 第六季,,一人之下6 / The Outcast 6,剧集/番剧,是,2026,2020 年代,2026-01-02(中国大陆),2026,8.1,8.0-8.9,4.0,14691,1-5 万,动作,动画,,2,动作 动画,中国大陆,是,中国大陆,汉语普通话,25,15-30 分钟,26,陈烨,曹云图 / 小连杀 / 藤新 / 图特哈蒙 / 高增志,36,4893,44,张楚岚在碧游村事件后，继续帮冯宝宝查找身世，因此他拜访了陆瑾。张楚岚从陆瑾处拿到了三十六贼的名单，并意外得知了金凤被掳走的原因。为了让无根生的藏品不落入贼人之手，一行人开始朝着秦岭山深处的二十四谷出发······,https://img9.doubanio.com/view/photo/m_ratio_poster/public/p2928119906.jpg,https://movie.douban.com/subject/36999777/,2026-10-01T17:52:25+08:00,,,,,,,,,,
5948613,藏獒多吉,,,电影,否,2011,2010 年代,,2011,8.1,8.0-8.9,4.0,,未知,剧情,动画,悬疑,4,剧情 动画 悬疑 冒险,中国大陆,是,中国大陆,,95,60-100 分钟,,小岛正幸,刘婧荦 / 阿兰 / 芒莱 / 赵岭 / 周志强,10,,,,,https://movie.douban.com/subject/5948613/,2026-10-01T17:52:29+08:00,,,,,,,,,,
25815034,湄公河行动,,,电影,否,2016,2010 年代,,2016,8.0,8.0-8.9,4.0,,未知,剧情,动作,犯罪,3,剧情 动作 犯罪,中国大陆,是,中国大陆,,124,100 分钟以上,,林超贤,张涵予 / 彭于晏 / 孙淳 / 陈宝国 / 冯文娟,10,,,,,https://movie.douban.com/subject/25815034/,2026-10-01T17:52:33+08:00,,,,,,,,,,
26425063,无双 無雙,,,电影,否,2018,2010 年代,,2018,8.0,8.0-8.9,4.0,,未知,剧情,动作,犯罪,4,剧情 动作 犯罪 悬疑,中国大陆,是,中国大陆,,130,100 分钟以上,,庄文强,周润发 / 郭富城 / 张静初 / 冯文娟 / 廖启智,10,,,,,https://movie.douban.com/subject/26425063/,2026-10-01T17:52:37+08:00,,,,,,,,,,
26709258,罗小黑战记,,,电影,否,2019,2010 年代,,2019,8.0,8.0-8.9,4.0,,未知,动作,动画,奇幻,3,动作 动画 奇幻,中国大陆,是,中国大陆,,101,100 分钟以上,,木头 / 皇贞季 / 顾杰,山新 / 郝祥海 / 刘明月 / 曹云图 / 叮当,10,,,,,https://movie.douban.com/subject/26709258/,2026-10-01T17:52:40+08:00,,,,,,,,,,
26803835,画江湖之不良人2,,画江湖之不良人动画版2 / 画江湖之不良人 第二季 / 画江湖之不良人II‎,剧集/番剧,是,2016,2010 年代,2016-07-21(中国大陆),2016,8.0,8.0-8.9,4.0,36419,1-5 万,剧情,动画,武侠,3,剧情 动画 武侠,中国大陆,是,中国大陆,汉语普通话,20,15-30 分钟,40,关心,边江 / 申秋香 / 赵毅 / 阎萌萌 / 林兰,9,6381,42,《画江湖之不良人》第一季是围绕唐代从事侦缉捕盗职务的官差“不良人”这个组织所隐匿起来的龙泉宝藏而展开。黄巢起义、朱温篡位、李氏族诛、友珪弑父等著名的历史事件也贯穿其中。第二季将继续带来潞州之战，凤翔之战等五代十国时期的经典战役，更有后唐庄宗李存勖、铁枪王彦章等著名历史人物陆续登场。,https://img9.doubanio.com/view/photo/m_ratio_poster/public/p2356038726.jpg,https://movie.douban.com/subject/26803835/,2026-10-01T17:52:45+08:00,,,,,,,,,,
26928226,知否知否应是绿肥红瘦,,知否？知否？应是绿肥红瘦 / 明兰传 / The Story of Ming Lan,剧集/番剧,是,2018,2010 年代,2018-12-25(中国大陆),2018,8.0,8.0-8.9,4.0,724234,50 万+,剧情,爱情,古装,3,剧情 爱情 古装,中国大陆,是,中国大陆,汉语普通话,45,30-60 分钟,78,张开宙,赵丽颖 / 冯绍峰 / 朱一龙 / 施诗 / 张佳宁,47,276320,4823,故事发生在大宋年间。扬州通判盛紘的女儿明兰（赵丽颖 饰）蕙质兰心，聪颖可人，可惜母亲偏为侧室，因此倍遭嫡母及其爪牙的忌恨。明兰听从母亲的临终嘱托，收敛锋芒，投靠盛老太太羽翼呵护。而在此期间，她与宁远侯府二公子顾廷烨（冯绍峰 饰）从陌生到相知，后者更成为她人生中不可多得的贵人。母亲的离开并未让明兰从此安然，即使有老太太的呵护，盛府上下依然遍布明枪暗箭，随时威胁着她的安全。在这一过程中，明兰犹如浴火凤凰，忍辱负重，一步步闯过人生重重考验，用自己的力量追寻着人间公正和属于自己的幸福…… 本片根据关心则乱的同名小说改编。,https://img3.doubanio.com/view/photo/m_ratio_poster/public/p2537131688.jpg,https://movie.douban.com/subject/26928226/,2026-10-01T17:52:48+08:00,,,,,,,,,,
27110296,无名之辈,,,电影,否,2018,2010 年代,,2018,8.0,8.0-8.9,4.0,,未知,剧情,喜剧,,2,剧情 喜剧,中国大陆,是,中国大陆,,108,100 分钟以上,,饶晓志,陈建斌 / 任素汐 / 潘斌龙 / 章宇 / 王砚辉,10,,,,,https://movie.douban.com/subject/27110296/,2026-10-01T17:52:52+08:00,,,,,,,,,,
34908091,天官赐福,,天官赐福动画版,剧集/番剧,是,2020,2020 年代,2020-10-31(中国大陆),2020,8.0,8.0-8.9,4.0,126238,10-50 万,剧情,动画,,2,剧情 动画,中国大陆,是,中国大陆,汉语普通话,35,30-60 分钟,11,李豪凌,姜广涛 / 马正阳 / 黄莺 / 文森 / 胡良伟,11,43240,343,仙乐国太子谢怜接连被贬后第三次飞升成仙，却不慎破坏了神官们的金殿，无人供奉的他只能下凡除鬼来换取功德作为补偿。在凡间的历练中，谢怜结识了两位来帮助他的小神官，并认识了诡王花城，四人一同解决了一件件诡谲的事件，并逐渐接触到了看似光鲜亮丽的仙界众神官的黯然往事。,https://img3.doubanio.com/view/photo/m_ratio_poster/public/p2621050857.jpg,https://movie.douban.com/subject/34908091/,2026-10-01T17:52:55+08:00,,,,,,,,,,
34941536,宇宙探索编辑部,,,电影,否,2021,2020 年代,,2021,8.0,8.0-8.9,4.0,,未知,喜剧,科幻,,2,喜剧 科幻,中国大陆,是,中国大陆,,118,100 分钟以上,,孔大山,杨皓宇 / 艾丽娅 / 王一通 / 蒋奇明 / 盛晨晨,10,,,,,https://movie.douban.com/subject/34941536/,2026-10-01T17:53:00+08:00,,,,,,,,,,
35256194,斗罗大陆1 第四季,,斗罗大陆1 第131-182集 / 斗罗大陆1 年番3,剧集/番剧,是,2020,2020 年代,2020-11-21(中国大陆),2020,8.0,8.0-8.9,4.0,20588,1-5 万,动画,奇幻,,2,动画 奇幻,中国大陆,是,中国大陆,汉语普通话,20,15-30 分钟,52,沈乐平,沈磊 / 程玉珠 / 黄翔宇 / 王肖兵 / 倪康,5,6126,33,斗罗大陆1 第131-182集,https://img3.doubanio.com/view/photo/m_ratio_poster/public/p2650814898.jpg,https://movie.douban.com/subject/35256194/,2026-10-01T17:53:05+08:00,,,,,,,,,,
35679839,仙逆 第一季,,仙逆 第1-24集 / 仙逆 第1季 / Renegade Immortal Season 1,剧集/番剧,是,2023,2020 年代,2023-09-25(中国大陆),2023,8.0,8.0-8.9,4.0,26962,1-5 万,剧情,动画,奇幻,3,剧情 动画 奇幻,中国大陆,是,中国大陆,汉语普通话,25,15-30 分钟,24,石头熊 / 冯毅,史泽鲲 / 张惠霖 / 刘思岑 / 王婧儿 / 常文涛,5,10489,72,乡村平凡少年王林，为了心中不屈的信念踏入仙门修行，克服天资不足的困境，逆流而上，积极面对苦难与挑战，不断突破自我，最终将命运始终牢牢地把握在自己手中！,https://img3.doubanio.com/view/photo/m_ratio_poster/public/p2896563963.jpg,https://movie.douban.com/subject/35679839/,2026-10-01T17:53:08+08:00,,,,,,,,,,
35956190,走走停停,,,电影,否,2024,2020 年代,,2024,8.0,8.0-8.9,4.0,,未知,剧情,喜剧,家庭,3,剧情 喜剧 家庭,中国大陆,是,中国大陆,,103,100 分钟以上,,龙飞,胡歌 / 高圆圆 / 岳红 / 周野芒 / 金靖,10,,,,,https://movie.douban.com/subject/35956190/,2026-10-01T17:53:13+08:00,,,,,,,,,,
36149032,我们一起摇太阳,,,电影,否,2024,2020 年代,,2024,8.0,8.0-8.9,4.0,,未知,剧情,爱情,家庭,3,剧情 爱情 家庭,中国大陆,是,中国大陆,,129,100 分钟以上,,韩延,彭昱畅 / 李庚希 / 徐帆 / 高亚麟 / 刘丹,10,,,,,https://movie.douban.com/subject/36149032/,2026-10-01T17:53:17+08:00,,,,,,,,,,
36206702,时光代理人,,,剧集/番剧,是,2024,2020 年代,2024-06-19(中国大陆),2024,8.0,8.0-8.9,4.0,21974,1-5 万,悬疑,奇幻,,2,悬疑 奇幻,中国大陆,是,中国大陆,汉语普通话,45,30-60 分钟,24,桑木天 / 汪晶璞 / 罗栋,蒋龙 / 毕雯珺 / 卜冠今 / 刘畅 / 金世佳,20,9461,155,程小时（蒋龙 饰）自小因父母失踪，受到邻居乔苓（卜冠今 饰）一家的照顾，在经营照相馆时结识陆光（毕雯珺 饰），程小时和性格迥异的陆光拥有合作进入照片的特殊能力，作为记者的乔苓获知两人能力后，也加入“时光代理人”委托小队，三人共同踏上帮助他人弥补遗憾、寻找真相，完成自我成长的奇幻旅途。 该剧改编自同名原创动画《时光代理人》。,https://img9.doubanio.com/view/photo/m_ratio_poster/public/p2909419856.jpg,https://movie.douban.com/subject/36206702/,2026-10-01T17:53:20+08:00,,,,,,,,,,
36238849,玩具总动员5 Toy Story 5,,,电影,否,2026,2020 年代,,2026,8.0,8.0-8.9,4.0,,未知,剧情,喜剧,动画,5,剧情 喜剧 动画 奇幻 冒险,美国,否,美国,,102,100 分钟以上,,安德鲁·斯坦顿 / 麦肯纳·哈里斯,汤姆·汉克斯 / 蒂姆·艾伦 / 琼·库萨克 / 格蕾塔·李 / 基努·里维斯,10,,,,,https://movie.douban.com/subject/36238849/,2026-10-01T17:53:24+08:00,,,,,,,,,,
36318037,唐朝诡事录之长安,,唐朝诡事录3 / 唐朝诡事录 第三部 / 唐朝诡事录·长安 / 唐朝诡事录 第三季 / 唐诡3 / Horror Stories of Tang Dynasty Ⅲ / Strange Legend of Tang Dynasty Ⅲ / Strange Tales of Tang Dynasty Ⅲ,剧集/番剧,是,2025,2020 年代,2025-11-08(中国大陆),2025,8.0,8.0-8.9,4.0,203005,10-50 万,动作,悬疑,惊悚,3,动作 悬疑 惊悚,中国大陆,是,中国大陆,汉语普通话,45,30-60 分钟,40,巨兴茂,杨旭文 / 杨志刚 / 郜思雯 / 陈创 / 孙雪宁,7,67800,629,先天二年夏秋之交，天子虽已登基，但大长公主势力更盛，长安局势阴晴难定。卢凌风（杨旭文 饰）和苏无名（杨志刚 饰），奉命带着由裴喜君、费鸡师、樱桃和薛环组成的探案小队，以护送康国所献金桃的名义重返长安。繁华的长安，卢凌风复职雍州司法参军，苏无名则被授予一个特殊的官职，同时叫费鸡师出任酥山店掌柜，并将店铺设置成全长安的暗探情报中心。卢苏二人推出新政，开启环城探案模式，深入长安各坊，接触到了更广泛的百姓和民生，也借此避开了天子与大长公主的争斗。在历经康国的金桃、成佛寺的哭声、白泽的踪迹、食尾蛇、解忧店等多宗疑案后，最终长安的风云汇聚到事关朝堂的盛世马球案。卢凌风和苏无名，不得不直面这个刀光剑影的秋天以及各自的命运，并为此付出了沉重的代价。即使历经风雨，但他们终究在万年长安大观盛唐，护佑百姓的初心始终没有改变。,https://img3.doubanio.com/view/photo/m_ratio_poster/public/p2911439080.jpg,https://movie.douban.com/subject/36318037/,2026-10-01T17:53:29+08:00,,,,,,,,,,
36600459,捕风追影,,,电影,否,2025,2020 年代,,2025,8.0,8.0-8.9,4.0,,未知,剧情,动作,犯罪,3,剧情 动作 犯罪,中国大陆,是,中国大陆,,141,100 分钟以上,,杨子,成龙 / 张子枫 / 梁家辉 / 此沙 / 文俊辉,10,,,,,https://movie.douban.com/subject/36600459/,2026-10-01T17:53:34+08:00,,,,,,,,,,
36752981,三国第一部：争洛阳,,,电影,否,2026,2020 年代,,2026,8.0,8.0-8.9,4.0,,未知,历史,动画,,2,历史 动画,中国大陆,是,中国大陆,,137,100 分钟以上,,谢君伟,王凯 / 魏超 / 万昊 / 李楠 / 常文涛,10,,,,,https://movie.douban.com/subject/36752981/,2026-10-01T17:53:37+08:00,,,,,,,,,,
37332784,我，许可,,,电影,否,2026,2020 年代,,2026,8.0,8.0-8.9,4.0,,未知,剧情,喜剧,,2,剧情 喜剧,中国大陆,是,中国大陆,,118,100 分钟以上,,杨荔钠,文淇 / 秦海璐 / 白客 / 李雪琴 / 牛莉,10,,,,,https://movie.douban.com/subject/37332784/,2026-10-01T17:53:41+08:00,,,,,,,,,,
25853071,庆余年 第一季,,庆余年 / Joy of Life,剧集/番剧,是,2019,2010 年代,2019-11-26(中国大陆),2019,7.9,7.0-7.9,4.0,1174166,50 万+,剧情,古装,,2,剧情 古装,中国大陆,是,中国大陆,汉语普通话,45,30-60 分钟,46,孙皓,张若昀 / 李沁 / 陈道明 / 吴刚 / 李小冉,61,398651,3869,某大学文学史专业的学生张庆熟读古典名著，但他用现代观念剖析古代文学史的论文命题不被叶教授所认可。为了让叶教授成为自己的研究生导师，张庆决定通过写小说的方式，进一步阐述自己想要表达的观点。 在他的小说中，身世神秘的少年——范闲，自小跟随奶奶生活在海边小城澹州，随着一位老师的突然造访，他看似平静的生活开始直面重重的危机与考验。在神秘老师和一位蒙眼守护者的指点下，范闲熟识药性药理，修炼霸道真气并精进武艺，而后接连化解了诸多危局。因对身世之谜的好奇，范闲离开澹州，前赴京都。 在京都，范闲凭借过人的智谋与勇武成为年轻一代的佼佼者，他先以诗文冠绝京都，而后出使邻国，营救人质，整合谍报网，查处震动朝野的走私案……这个过程中，范闲饱尝人间冷暖并坚守对正义、良善的坚持，历经家族、江湖、庙堂的种种考验与锤炼，书写了光彩的人生传奇。,https://img3.doubanio.com/view/photo/m_ratio_poster/public/p2575362797.jpg,https://movie.douban.com/subject/25853071/,2026-10-01T17:53:45+08:00,,,,,,,,,,
25964071,夏洛特烦恼,,,电影,否,2015,2010 年代,,2015,7.9,7.0-7.9,4.0,,未知,喜剧,爱情,,2,喜剧 爱情,中国大陆,是,中国大陆,,104,100 分钟以上,,闫非 / 彭大魔,沈腾 / 马丽 / 尹正 / 艾伦 / 王智,10,,,,,https://movie.douban.com/subject/25964071/,2026-10-01T17:53:49+08:00,,,,,,,,,,
26266893,流浪地球,,,电影,否,2019,2010 年代,,2019,7.9,7.0-7.9,4.0,,未知,科幻,冒险,灾难,3,科幻 冒险 灾难,中国大陆,是,中国大陆,,125,100 分钟以上,,郭帆,吴京 / 屈楚萧 / 李光洁 / 吴孟达 / 赵今麦,10,,,,,https://movie.douban.com/subject/26266893/,2026-10-01T17:53:54+08:00,,,,,,,,,,
26330955,熊出没之熊心归来,,,电影,否,2016,2010 年代,,2016,7.9,7.0-7.9,4.0,,未知,喜剧,动画,冒险,3,喜剧 动画 冒险,中国大陆,是,中国大陆,,99,60-100 分钟,,丁亮 / 林永长,张伟 / 张秉君 / 谭笑 / 赵肖宇 / 万丹青,10,,,,,https://movie.douban.com/subject/26330955/,2026-10-01T17:53:58+08:00,,,,,,,,,,
27191348,画江湖之不良人3,,画江湖之不良人动画版3 / 画江湖之不良人 第三季 / 画江湖之不良人Ⅲ,剧集/番剧,是,2018,2010 年代,2018-10-25(中国大陆),2018,7.9,7.0-7.9,4.0,39875,1-5 万,动作,动画,武侠,3,动作 动画 武侠,中国大陆,是,中国大陆,汉语普通话,22,15-30 分钟,40,周飞龙,边江 / 申秋香 / 阎萌萌 / 赵毅 / 褚珺,10,9191,93,《画江湖之不良人》第三季侠影归来，再现唐末乱世风云！王者弈天下，大唐生死局！乾陵被毁、龙泉宝藏下落不明，前朝皇子李星云欲归隐山林，不良帅决心挟天子以令诸侯，号召江湖各大势力复辟大唐，王道与霸道将在这片权力漩涡中进行终极对垒！贵妃墓、长安城诉说着昔日盛唐的锦绣江山；苗疆巫蛊、湘西赶尸揭开了江湖中不为人知的明争暗斗......,https://img3.doubanio.com/view/photo/m_ratio_poster/public/p2537897277.jpg,https://movie.douban.com/subject/27191348/,2026-10-01T17:54:03+08:00,,,,,,,,,,
3231742,钢铁侠3 Iron Man 3,,,电影,否,2013,2010 年代,,2013,7.9,7.0-7.9,4.0,,未知,动作,科幻,,2,动作 科幻,美国,否,美国,,134,100 分钟以上,,沙恩·布莱克,小罗伯特·唐尼 / 格温妮斯·帕特洛 / 唐·钱德尔 / 盖·皮尔斯 / 本·金斯利,10,,,,,https://movie.douban.com/subject/3231742/,2026-10-01T17:54:08+08:00,,,,,,,,,,
34925294,凡人修仙传：风起天南,,凡人修仙传 第一季 / 凡人修仙传 第1-17集 / 凡人修仙传之风起天南 / 凡人修仙传之凡人风起天南 / A Record of Mortal's Journey to Immortality,剧集/番剧,是,2020,2020 年代,2020-07-25(中国大陆),2020,7.9,7.0-7.9,4.0,66751,5-10 万,动画,奇幻,武侠,3,动画 奇幻 武侠,中国大陆,是,中国大陆,汉语普通话,20,15-30 分钟,17,伍镇焯 / 王裕仁,钱文青 / 杨天翔 / 杨默 / 张福正 / 谷江山,7,20786,177,平凡少年韩立出生贫困，为了让家人过上更好的生活，自愿前去七玄门参加入门考核，最终被墨大夫收入门下。 墨大夫一开始对韩立悉心培养、传授医术，让韩立对他非常感激，但随着一同入门的弟子张铁失踪，韩立才发现了墨大夫的真面目。 墨大夫试图夺舍韩立，最终却被韩立反杀。通过墨大夫的遗书韩立得知了一个全新世界：修仙界的存在。 在帮助七玄门抵御外敌之后，韩立离开了七玄门，前去墨大夫的家中寻找暖阳宝玉解毒，并帮助墨家人打败了敌人。 通过墨大夫之女墨彩环的口中得知太南小会地址，韩立为追寻修仙人的足迹决定前往太南小会，拜别家人后……,https://img9.doubanio.com/view/photo/m_ratio_poster/public/p2610801866.jpg,https://movie.douban.com/subject/34925294/,2026-10-01T17:54:11+08:00,,,,,,,,,,
35332289,开端,,Reset,剧集/番剧,是,2022,2020 年代,2022-01-11(中国大陆),2022,7.9,7.0-7.9,4.0,986872,50 万+,剧情,,,1,剧情,中国大陆,是,中国大陆,汉语普通话,45,30-60 分钟,15,孙墨龙 / 刘洪源 / 算,白敬亭 / 赵今麦 / 刘奕君 / 刘涛 / 黄觉,107,341365,3822,该剧改编自祈祷君的同名小说，讲述了游戏架构师肖鹤云（白敬亭 饰）和在校大学生李诗情（赵今麦 饰）在遭遇公交车爆炸后“死而复生”，于公交车出事的时间段内不断经历时间循环，从下车自救到打破隔阂并肩作战，努力阻止爆炸、寻找真相的故事。,https://img3.doubanio.com/view/photo/m_ratio_poster/public/p2843045720.jpg,https://movie.douban.com/subject/35332289/,2026-10-01T17:54:15+08:00,,,,,,,,,,
35818074,我爱你！,,,电影,否,2023,2020 年代,,2023,7.9,7.0-7.9,4.0,,未知,剧情,爱情,家庭,3,剧情 爱情 家庭,中国大陆,是,中国大陆,,116,100 分钟以上,,韩延,倪大红 / 惠英红 / 梁家辉 / 叶童 / 成果,10,,,,,https://movie.douban.com/subject/35818074/,2026-10-01T17:54:18+08:00,,,,,,,,,,
3596502,唐山大地震,,,电影,否,2010,2010 年代,,2010,7.9,7.0-7.9,4.0,,未知,剧情,历史,灾难,3,剧情 历史 灾难,中国大陆,是,中国大陆,,139,100 分钟以上,,冯小刚,徐帆 / 张静初 / 李晨 / 陈道明 / 张子枫,10,,,,,https://movie.douban.com/subject/3596502/,2026-10-01T17:54:22+08:00,,,,,,,,,,
36097760,边水往事,,Escape from the Trilateral Slopes,剧集/番剧,是,2024,2020 年代,2024-08-16(中国大陆),2024,7.9,7.0-7.9,4.0,325523,10-50 万,剧情,冒险,,2,剧情 冒险,中国大陆,是,中国大陆,汉语普通话,50,30-60 分钟,21,算,郭麒麟 / 吴镇宇 / 尤勇智 / 王迅 / 齐溪,28,112686,841,三边坡，一处鱼龙混杂的热带异域，一个繁茂与衰败并生的斑驳之地。意外流落三边坡的打工小白沈星（郭麒麟 饰）遇到在多方势力间游走的三边坡和事佬猜叔（吴镇宇 饰），一场冒险，一段善良微光指引下的回归，在留与逃的挣扎中将如何上演。,https://img3.doubanio.com/view/photo/m_ratio_poster/public/p2912133840.jpg,https://movie.douban.com/subject/36097760/,2026-10-01T17:54:26+08:00,,,,,,,,,,
36596819,光阴之外,,光阴之外 3D动画版 / 光阴之外 第一季 / 光阴之外 第01-26集 / 光阴之外 末世的微光+除凶七血瞳+新的开始+决战人鱼岛+决战海尸族 / Beyond Time / Beyond Time's Gaze,剧集/番剧,是,2025,2020 年代,2025-12-28(中国大陆),2025,7.9,7.0-7.9,4.0,3868,1000-1 万,动作,动画,奇幻,3,动作 动画 奇幻,中国大陆,是,中国大陆,汉语普通话,25,15-30 分钟,26,张帅 / 张富鑫 / 于斌,陈张太康 / 凌振赫 / 玄耳 / 万舒心 / 刘思岑,13,1335,23,天地是万物众生的客舍，光阴是古往今来的过客。苍天残面张开诡异之眼，所视之处生灵涂炭，化为永恒的禁区。末世之中，因果随行，死地后生。,https://img3.doubanio.com/view/photo/m_ratio_poster/public/p2932805103.jpg,https://movie.douban.com/subject/36596819/,2026-10-01T17:54:30+08:00,,,,,,,,,,
4082101,喜羊羊与灰太狼之虎虎生威,,,电影,否,2010,2010 年代,,2010,7.9,7.0-7.9,4.0,,未知,儿童,动画,,2,儿童 动画,中国大陆,是,中国大陆,,89,60-100 分钟,,赵崇邦,谢天华 / 王祖蓝 / 邓丽欣 / 麦长青 / 曾佩仪,10,,,,,https://movie.douban.com/subject/4082101/,2026-10-01T17:54:34+08:00,,,,,,,,,,
4237879,人在囧途,,,电影,否,2010,2010 年代,,2010,7.9,7.0-7.9,4.0,,未知,喜剧,,,1,喜剧,中国大陆,是,中国大陆,,91,60-100 分钟,,叶伟民,徐峥 / 王宝强 / 李曼 / 李小璐 / 左小青,10,,,,,https://movie.douban.com/subject/4237879/,2026-10-01T17:54:37+08:00,,,,,,,,,,
10467770,熊出没,,熊出没第一部 / Boonie Bears,剧集/番剧,是,2012,2010 年代,2012-01-19(中国大陆),2012,7.8,7.0-7.9,4.0,28704,1-5 万,动画,,,1,动画,中国大陆,是,中国大陆,汉语普通话,10,15 分钟以内,104,刘富源 / 邢旭辉 / 叶天龙 / 林汇达,张伟 / 张秉君 / 谭笑,3,8146,63,宁静祥和的东北原始森林，空气清新，万物复苏。熊大和雄二两兄弟在林间追逐奔跑，快乐非常。正在此时，发动机的轰鸣打破了森林的宁静，来着是一个形容猥琐，秃顶干瘦的男子，他叫光头强，是一名伐木工，此番正是受李老板的雇佣来森林伐木。美丽的大森林面临前所未有的危机，为了保护家园，熊大、熊二以及森林里的小动物们与这个外来入侵者展开旷日持久且妙趣横生的对决。保护生态环境，人人有责，连狗熊也不例外哦！ 本片荣获全国绿色生态动漫作品展“最受观众喜爱动画片”奖。,https://img3.doubanio.com/view/photo/m_ratio_poster/public/p2500310439.jpg,https://movie.douban.com/subject/10467770/,2026-10-01T17:54:41+08:00,,,,,,,,,,
11443316,龙之谷：破晓奇兵,,,电影,否,2014,2010 年代,,2014,7.8,7.0-7.9,4.0,,未知,动画,奇幻,冒险,3,动画 奇幻 冒险,中国大陆,是,中国大陆,,88,60-100 分钟,,宋岳峰,胡歌 / 景甜 / 徐娇 / 夏梓桐 / 沈达威,10,,,,,https://movie.douban.com/subject/11443316/,2026-10-01T17:54:46+08:00,,,,,,,,,,
11589036,功夫熊猫3 Kung Fu Panda 3,,,电影,否,2016,2010 年代,,2016,7.8,7.0-7.9,4.0,,未知,喜剧,动作,动画,4,喜剧 动作 动画 冒险,美国,否,美国,,95,60-100 分钟,,吕寅荣 / 亚历山德罗·卡罗尼,杰克·布莱克 / 布莱恩·克兰斯顿 / 达斯汀·霍夫曼 / 安吉丽娜·朱莉 / J·K·西蒙斯,10,,,,,https://movie.douban.com/subject/11589036/,2026-10-01T17:54:49+08:00,,,,,,,,,,
26311973,唐人街探案,,,电影,否,2015,2010 年代,,2015,7.8,7.0-7.9,4.0,,未知,喜剧,动作,悬疑,3,喜剧 动作 悬疑,中国大陆,是,中国大陆,,135,100 分钟以上,,陈思诚,王宝强 / 刘昊然 / 佟丽娅 / 陈赫 / 肖央,10,,,,,https://movie.douban.com/subject/26311973/,2026-10-01T17:54:54+08:00,,,,,,,,,,
26920281,香蜜沉沉烬如霜,,Ashes of Love,剧集/番剧,是,2018,2010 年代,2018-08-02(中国大陆),2018,7.8,7.0-7.9,4.0,615107,50 万+,爱情,奇幻,古装,3,爱情 奇幻 古装,中国大陆,是,中国大陆,汉语普通话,45,30-60 分钟,63,朱锐斌 / 李秉光 / 澄丰,杨紫 / 邓伦 / 陈钰琪 / 罗云熙 / 王一菲,17,250675,4864,纵使贵为神尊，仍不免为情所困，落入自家的红尘落网。花神梓芬被爱情几乎夺去性命，弥留之际，她将陨丹喂给刚出生不久女儿锦觅（杨紫 饰），以帮她断情绝爱，免去万年之中的一场情劫。母亲去世后，锦觅在结界的保护下过着悠然自在的生活。然而随着年岁的长大，她开始对外面的世界充满好奇。命中注定的机缘，锦觅救下了天帝之子旭凤（邓伦 饰）。以此为机缘，锦觅第一次跨过结界，随着旭凤来到天界。在相处的过程中，高傲的旭凤渐渐对这个机灵可爱的小花神动了心。同样对锦觅动心的还有旭凤的哥哥润玉（罗云熙 饰）。 身处两个天界贵公子中间，加上天界和魔界的斗争，单纯的锦觅注定无法如母亲所愿安度此生……,https://img3.doubanio.com/view/photo/m_ratio_poster/public/p2529398939.jpg,https://movie.douban.com/subject/26920281/,2026-10-01T17:54:59+08:00,,,,,,,,,,
26967871,寂静的朋友 Silent Friend,,,电影,否,2025,2020 年代,,2025,7.8,7.0-7.9,4.0,,未知,剧情,,,1,剧情,德国,否,德国,,147,100 分钟以上,,伊尔蒂科·茵叶蒂,梁朝伟 / 卢娜·韦德勒 / 恩佐·布鲁姆 / 蕾雅·赛杜 / 西尔维斯特·格罗特,10,,,,,https://movie.douban.com/subject/26967871/,2026-10-01T17:55:03+08:00,,,,,,,,,,
30331149,白蛇：缘起,,,电影,否,2019,2010 年代,,2019,7.8,7.0-7.9,4.0,,未知,爱情,动画,奇幻,3,爱情 动画 奇幻,中国大陆,是,中国大陆,,99,60-100 分钟,,黄家康 / 赵霁,张喆 / 杨天翔 / 唐小喜 / 刘薇 / 张遥函,10,,,,,https://movie.douban.com/subject/30331149/,2026-10-01T17:55:06+08:00,,,,,,,,,,
33387267,我和吸铁石和一个死去的朋友,,,电影,否,2019,2010 年代,,2019,7.8,7.0-7.9,4.0,,未知,动画,短片,,2,动画 短片,中国大陆,是,中国大陆,,13,15 分钟以内,,刘毛宁,刘毛宁,1,,,,,https://movie.douban.com/subject/33387267/,2026-10-01T17:55:10+08:00,,,,,,,,,,
35318009,天官赐福 第二季,,天官赐福2 / 天官赐福动画版2,剧集/番剧,是,2023,2020 年代,2023-10-18(中国香港),2023,7.8,7.0-7.9,4.0,15668,1-5 万,剧情,动画,,2,剧情 动画,中国大陆,是,中国大陆,汉语普通话,,未知,12,李豪凌,邓宥希 / 马正阳 / 宝木中阳 / 黄莺 / 文森,6,4833,13,半月关之事告一段落，谢怜受神武大帝君吾的传唤回天庭述职，却意外得知有神官在鬼市附近施法求救。而鬼市如今的主人“血雨探花”花城，正是七日前突然辞别的红衣少年三郎。此事疑点重重，谢怜自愿请命，与风师青玄、东方武神郎千秋一同秘访鬼市探查真相……,https://img3.doubanio.com/view/photo/m_ratio_poster/public/p2900559079.jpg,https://movie.douban.com/subject/35318009/,2026-10-01T17:55:13+08:00,,,,,,,,,,
35483395,戏台,,,电影,否,2025,2020 年代,,2025,7.8,7.0-7.9,4.0,,未知,剧情,喜剧,,2,剧情 喜剧,中国大陆,是,中国大陆,,117,100 分钟以上,,陈佩斯,陈佩斯 / 黄渤 / 姜武 / 尹正 / 杨皓宇,10,,,,,https://movie.douban.com/subject/35483395/,2026-10-01T17:55:17+08:00,,,,,,,,,,
36882183,伍六七之记忆碎片,,伍六七第五季 / 刺客六七伍第五季 / 刺客伍六七第5季 / Scissor Seven: Fragments of Memory,剧集/番剧,是,2024,2020 年代,2024-10-02(中国大陆),2024,7.8,7.0-7.9,4.0,22931,1-5 万,喜剧,动作,动画,3,喜剧 动作 动画,中国大陆,是,中国大陆,汉语普通话,15,15 分钟以内,10,何小疯,何小疯 / 姜广涛 / 段艺璇 / 宝木中阳 / 米立,8,6860,52,伍六七接到神秘任务过程中却意外丧失记忆，为了唤醒记忆，伍六七去到过往记忆发生的地方见到记忆相关的人，其身世之谜也随之逐渐浮出水面。,https://img3.doubanio.com/view/photo/m_ratio_poster/public/p2913651020.jpg,https://movie.douban.com/subject/36882183/,2026-10-01T17:55:22+08:00,,,,,,,,,,
5364978,喜羊羊与灰太狼之兔年顶呱呱,,,电影,否,2011,2010 年代,,2011,7.8,7.0-7.9,4.0,,未知,喜剧,动画,,2,喜剧 动画,中国大陆,是,中国大陆,,88,60-100 分钟,,赵崇邦 / 钟智行,祖晴 / 赵娜 / 邓玉婷 / 梁颖 / 刘红韵,10,,,,,https://movie.douban.com/subject/5364978/,2026-10-01T17:55:25+08:00,,,,,,,,,,
10604086,封神第一部：朝歌风云,,,电影,否,2023,2020 年代,,2023,7.7,7.0-7.9,4.0,,未知,动作,战争,奇幻,4,动作 战争 奇幻 古装,中国大陆,是,中国大陆,,148,100 分钟以上,,乌尔善,费翔 / 李雪健 / 黄渤 / 于适 / 陈牧驰,10,,,,,https://movie.douban.com/subject/10604086/,2026-10-01T17:55:30+08:00,,,,,,,,,,
24745500,绣春刀,,,电影,否,2014,2010 年代,,2014,7.7,7.0-7.9,4.0,,未知,剧情,动作,武侠,4,剧情 动作 武侠 古装,中国大陆,是,中国大陆,,111,100 分钟以上,,路阳,张震 / 刘诗诗 / 王千源 / 李东学 / 聂远,10,,,,,https://movie.douban.com/subject/24745500/,2026-10-01T17:55:34+08:00,,,,,,,,,,
26220735,喜羊羊与灰太狼之羊年喜羊羊,,,电影,否,2015,2010 年代,,2015,7.7,7.0-7.9,4.0,,未知,喜剧,动画,奇幻,5,喜剧 动画 奇幻 冒险 家庭,中国大陆,是,中国大陆,,86,60-100 分钟,,黄伟明,祖晴 / 张琳 / 杨阳洋 / 高全胜 / 梁颖,9,,,,,https://movie.douban.com/subject/26220735/,2026-10-01T17:55:37+08:00,,,,,,,,,,
26862829,芳华,,,电影,否,2017,2010 年代,,2017,7.7,7.0-7.9,4.0,,未知,剧情,历史,战争,3,剧情 历史 战争,中国大陆,是,中国大陆,,136,100 分钟以上,,冯小刚,黄轩 / 苗苗 / 钟楚曦 / 杨采钰 / 李晓峰,10,,,,,https://movie.douban.com/subject/26862829/,2026-10-01T17:55:40+08:00,,,,,,,,,,
34841067,你好，李焕英,,,电影,否,2021,2020 年代,,2021,7.7,7.0-7.9,4.0,,未知,剧情,喜剧,奇幻,3,剧情 喜剧 奇幻,中国大陆,是,中国大陆,,128,100 分钟以上,,贾玲,贾玲 / 张小斐 / 沈腾 / 陈赫 / 刘佳,10,,,,,https://movie.douban.com/subject/34841067/,2026-10-01T17:55:45+08:00,,,,,,,,,,
34927904,斗罗大陆1 第三季,,斗罗大陆1 第79-130集 / 斗罗大陆1 年番2,剧集/番剧,是,2019,2010 年代,2019-11-23(中国大陆),2019,7.7,7.0-7.9,4.0,20642,1-5 万,剧情,动画,奇幻,3,剧情 动画 奇幻,中国大陆,是,中国大陆,汉语普通话,20,15-30 分钟,52,沈乐平,沈磊 / 程玉珠 / 黄翔宇 / 王肖兵 / 倪康,8,5301,42,斗罗大陆1 第79-130集,https://img3.doubanio.com/view/photo/m_ratio_poster/public/p2911543697.jpg,https://movie.douban.com/subject/34927904/,2026-10-01T17:55:48+08:00,,,,,,,,,,
35524539,时光代理人 第二季,,时光代理人Ⅱ / Link Click Ⅱ,剧集/番剧,是,2023,2020 年代,2023-07-14(中国大陆),2023,7.7,7.0-7.9,4.0,29265,1-5 万,动画,悬疑,,2,动画 悬疑,中国大陆,是,中国大陆,汉语普通话,24,15-30 分钟,12,李豪凌,杨天翔 / 苏尚卿 / 李诗萌,3,9607,75,为了找到一系列罪案的操纵者，程小时求助于肖力，找寻一切藏匿于暗中的蛛丝马迹。但是拥有未知超能力的凶手在阴影之中，也从没有停止过阴谋的脚步。神秘能力者如影随形，身边伙伴接连遇害，程小时屡次身陷险境。随着追查深入，一桩多年前的凶案浮出水面。真相似乎越来越近，然而凶手的身份却让人始料未及。最终的较量即将展开。,https://img9.doubanio.com/view/photo/m_ratio_poster/public/p2891419304.jpg,https://movie.douban.com/subject/35524539/,2026-10-01T17:55:52+08:00,,,,,,,,,,
35567787,斗罗大陆Ⅱ绝世唐门 年番1,,斗罗大陆2绝世唐门 / 斗罗大陆2：绝世唐门‎ / 绝世唐门动画版 / 斗罗大陆2,剧集/番剧,是,2023,2020 年代,2023-06-24(中国大陆),2023,7.7,7.0-7.9,4.0,23688,1-5 万,动画,奇幻,,2,动画 奇幻,中国大陆,是,中国大陆,汉语普通话,20,15-30 分钟,52,沈乐平,梁达伟,1,7130,82,这里没有魔法，没有斗气，没有武术，却有武魂。唐门创立万年之后的斗罗大陆上，唐门式微。一代天骄横空出世，新一代史莱克七怪能否重振唐门，谱写一曲绝世唐门之歌?百万年魂兽，手握日月摘星辰的死灵圣法神，导致唐门衰落的全新魂导器体系。一切的神奇都将一一展现。唐门暗器能否重振雄风，唐门能否重现辉煌~,https://img3.doubanio.com/view/photo/m_ratio_poster/public/p2877604309.jpg,https://movie.douban.com/subject/35567787/,2026-10-01T17:55:56+08:00,,,,,,,,,,
36117913,师兄啊师兄 第一季,,师兄啊师兄 师妹入山篇 / 我师兄实在太稳健了 / My Senior Brother is Too Steady,剧集/番剧,是,2023,2020 年代,2023-01-19(中国大陆),2023,7.7,7.0-7.9,4.0,7148,1000-1 万,喜剧,动作,动画,3,喜剧 动作 动画,中国大陆,是,中国大陆,汉语普通话,20,15-30 分钟,13,金蕾,杨超然 / 张若瑜 / 陈彦亦 / 安志 / 陈瑜瑾,19,2192,17,李长寿，本是一个身患绝症的年轻人，却在意外的时空转换中重生到了上古时代，成为一位炼气士。他的目标是追求长生不老，在洪荒世界中安身立命，因此他选择了低调行事，从不轻举妄动，每一步都慎重考虑，藏着自己的底牌，精通修遁术和炼丹毒。然而，他平静的生活被师傅的一个决定打破了。一天，师傅带回了一个师妹，这个看似简单的改变却让李长寿陷入了一连串的冒险中。尽管他习惯于守株待兔，像一只老狗般宁静，但一旦决定出手，他的行动总是震撼人心。 在和邪恶势力的斗争中，李长寿逐渐结交了志同道合的朋友，他们共同探索着洪荒世界的奥秘与危险。每一次战斗都是他成长和实现人生价值的过程，他学会了在动荡不安的世界里保持内心的平静和智慧。因为师妹的到来，李长寿的生活不再是原先那种单调而静谧的修行，而是充满了挑战和机遇的旅程。他的故事不仅是关于追求长生与力量的奋斗，更是关于友情、成长和自我超越的冒险传奇。,https://img2.doubanio.com/view/photo/m_ratio_poster/public/p2886674611.jpg,https://movie.douban.com/subject/36117913/,2026-10-01T17:55:58+08:00,,,,,,,,,,
36624248,落凡尘,,,电影,否,2024,2020 年代,,2024,7.7,7.0-7.9,4.0,,未知,剧情,动画,奇幻,3,剧情 动画 奇幻,中国大陆,是,中国大陆,,118,100 分钟以上,,钟鼎,李昕 / 刘校妤 / 星潮 / 刘琮 / 孙路路,8,,,,,https://movie.douban.com/subject/36624248/,2026-10-01T17:56:02+08:00,,,,,,,,,,
35275131,去你的岛,,To Your Island,电影,是,2026,2020 年代,2026-08-07(中国大陆),2026,7.5,7.0-7.9,4.0,26755,1-5 万,爱情,动画,奇幻,3,爱情 动画 奇幻,中国大陆,是,中国大陆,汉语普通话,119,100 分钟以上,,周浩然,杨茜云 / 张福正 / 孙婉瑜 / 白望文一 / 钱琛,14,14693,277,一只来自前男友的千纸鹤，一座由他记忆构成的奇幻岛屿，一只失忆的兔子，一些被蒙住，关于分离与相爱的痕迹。 影片改编自晋江文学城小说《去你的岛》。,https://img3.doubanio.com/view/photo/m_ratio_poster/public/p2934742318.jpg,https://movie.douban.com/subject/35275131/,2026-10-01T18:02:19+08:00,2026-10-01,1.71亿,0.1%,0.2%,6.3%,5.4,985,19,上映56天,"动画,爱情,奇幻"
36812879,抓特务,,无悔追踪 / I Know Who You Are,电影,是,2026,2020 年代,2026-06-19(中国大陆),2026,7.2,7.0-7.9,3.5,152183,10-50 万,剧情,,,1,剧情,中国大陆,是,中国大陆,汉语普通话,141,100 分钟以上,,冯小刚,雷佳音 / 胡歌 / 啜妮 / 张瑶 / 林晓凡,20,61783,888,一场警察与特务的较量，却展开满是烟火与温情的百姓人生。 新中国成立之初，派出所所长肖大力（雷佳音 饰）凭直觉锁定潜伏在土唐刀胡同15号院的特务“5182”冯静波（胡歌 饰）。为追查真相，肖大力索性搬进院落，昔日追查者与目标成了朝夕相处的邻居。 两人的交集，牵动着两个家庭、两代人的命运，岁月起落间满是波折与变故。当阅尽半生风雨，这对相伴相斗一辈子的冤家，早已不再是单纯的宿敌。 影片根据张策的小说《无悔追踪》改编。,https://img9.doubanio.com/view/photo/m_ratio_poster/public/p2933198755.jpg,https://movie.douban.com/subject/36812879/,2026-10-01T18:02:20+08:00,2026-10-01,1.19亿,<0.1%,<0.1%,3.3%,2.0,4,54,,"年代,剧情"
37508847,空枪,,V,电影,是,2026,2020 年代,2026-08-19(中国大陆),2026,7.2,7.0-7.9,3.5,145877,10-50 万,剧情,犯罪,,2,剧情 犯罪,中国大陆 / 中国香港,是,中国大陆,粤语 / 汉语普通话 / 英语,160,100 分钟以上,,韩延,朱一龙 / 檀健次 / 梁家辉 / 卫诗雅 / 惠英红,18,72565,1516,90年代初，这座“遍地黄金”的欲望之城，秩序崩坏，犯罪丛生。打工仔万梓强（朱一龙 饰）一心想改写命运，在结识空姐骆嘉苑（卫诗雅 饰）后，两人联手作案，劫取巨额钱款，这次得手让万梓强愈发疯狂，也将他与富商陈辉延（梁家辉 饰）推向了更深的角力漩涡中。与此同时，内地警察亓宏刚（檀健次 饰）和香港警察关苏辰（李施嬅 饰）坚持对万梓强进行调查，两地警方联手行动，正邪较量一触即发。 本片故事为虚构。,https://img3.doubanio.com/view/photo/m_ratio_poster/public/p2934946788.jpg,https://movie.douban.com/subject/37508847/,2026-10-01T18:02:22+08:00,2026-10-01,6.52亿,0.7%,1.2%,6.3%,6.0,6048,12,上映44天,"剧情,犯罪"
36903929,燃烧吧！爸爸,,敲敲的告别 / 敲碎爸爸的头盖骨 / The Great Skull,电影,是,2026,2020 年代,2026-09-05(中国大陆),2026,6.8,6.0-6.9,3.5,10235,1-5 万,剧情,喜剧,,2,剧情 喜剧,中国大陆,是,中国大陆,汉语普通话 / 沪语,102,100 分钟以上,,刘潇阳,文淇 / 倪虹洁 / 喻恩泰 / 郭俊辰 / 葛鑫怡,15,6382,170,顾立言（文淇 饰）与妈妈吴开蒂（倪虹洁 饰）面临至亲离别，追忆欢愉往昔，亦要面对遭逢变故后的各自成长。 即将大学毕业的顾立言（文淇 饰）与精明伶俐的母亲吴开蒂（倪虹洁 饰）关系微妙，随着父亲顾卫星（喻恩泰 饰）的久病离世，二人一边应对繁琐未知的丧葬流程，一边发现父亲的另外一面人生。这对性格迥异的母女在各类啼笑皆非又荒诞抓马的事件中彼此了解，在爱中各自奔赴新生。,https://img3.doubanio.com/view/photo/m_ratio_poster/public/p2935535832.jpg,https://movie.douban.com/subject/36903929/,2026-10-01T18:02:25+08:00,2026-10-01,350.9万,<0.1%,<0.1%,1.4%,1.1,10,50,上映27天,"剧情,喜剧"
36850814,年会不能停！2,,年会不能停2 / 年会不能停2！ / Make Zhonghe Great Again,电影,是,2026,2020 年代,2026-08-01(中国大陆),2026,6.4,6.0-6.9,3.0,162714,10-50 万,喜剧,,,1,喜剧,中国大陆,是,中国大陆,汉语普通话,125,100 分钟以上,,董润年,张若昀 / 白客 / 高叶 / 大鹏 / 庄达菲,16,81383,998,“缺心眼”刘奔（张若昀 饰）拼命冲业绩，功劳却只给会拍马屁的同事。“没脾气”马杰（白客 饰）被降职并分配到分公司，只求苟住养家糊口。两个倒霉蛋“刘马组合”在命运的安排下于“包子铺”相遇，命运扔来一张“无限流体验卡”：只要不成，时间倒带，重回原点。 马屁精抢走了我的功劳？重来！领导给不干活的人升职？重来！可这场掀桌狂欢，到底有没有终点与答案？职场背后真正的“黑幕”又是什么？,https://img9.doubanio.com/view/photo/m_ratio_poster/public/p2934583425.jpg,https://movie.douban.com/subject/36850814/,2026-10-01T18:02:27+08:00,2026-10-01,1.57亿,<0.1%,<0.1%,0.8%,0.8,12,58,上映62天,喜剧
35464353,大唐妖探,,长安探案录 / Demon Agent / Mystery of Chang'an,电影,是,2026,2020 年代,2026-08-22(中国大陆),2026,6.3,6.0-6.9,3.0,11354,1-5 万,喜剧,动画,悬疑,3,喜剧 动画 悬疑,中国大陆,是,中国大陆,汉语普通话,117,100 分钟以上,,程腾 / 黄珉,雷淞然 / 张呈 / 蔡海婷 / 张喆 / 王凯,6,7150,188,齿轮机关交织的大唐长安城，奇幻绚丽，飞檐翘角之下，人和妖比邻而居。梦想成为“长安第一神探”的天才少年狄少，破案功力一流，毒舌属性更甚；初出茅庐的狼妖捕快阿萨，武力不凡却心地纯良。一桩离奇命案，让这对冤家被迫组队，一路笑闹互怼，开启探案奇旅。当线索直指城市核心，这对不靠谱的搭档，能否守住这座奇幻之城的欢乐日常？而热闹繁华的长安背后，又藏着怎样的惊天秘密？,https://img3.doubanio.com/view/photo/m_ratio_poster/public/p2934719657.jpg,https://movie.douban.com/subject/35464353/,2026-10-01T18:02:29+08:00,2026-10-01,3683.9万,<0.1%,<0.1%,3.1%,2.3,51,35,上映41天,"动画,喜剧,悬疑,奇幻"
36452545,功夫女足,,女足 / 少林女足 / E计划 / Kung Fu Soccer / Shaolin Women's Soccer,电影,是,2026,2020 年代,2026-07-11(中国大陆),2026,6.3,6.0-6.9,3.0,310983,10-50 万,剧情,喜剧,运动,3,剧情 喜剧 运动,中国大陆 / 中国香港,是,中国大陆,粤语 / 汉语普通话 / 英语 / 日语 / 韩语 / 泰语,106,100 分钟以上,,周星驰,张小斐 / 迪丽热巴 / 张艺兴 / 刘嘉玲 / 佐藤健,45,177731,4102,“至尊无敌杯”开赛在即，一众顶尖球队即将展开一场前所未有的巅峰对决！而此时的功夫女足队员们开局直接拿了地狱难度剧本？！对手各个身怀绝技，外界也在层层施压，赛场诡计一环套一环…...她们能否靠功夫在绿茵场上逆风翻盘？,https://img3.doubanio.com/view/photo/m_ratio_poster/public/p2933860063.jpg,https://movie.douban.com/subject/36452545/,2026-10-01T18:02:30+08:00,2026-10-01,23.45亿,0.2%,<0.1%,15.6%,13.9,325,15,上映83天,喜剧
35244246,敦煌英雄,,敦煌之战 / 敦煌英雄传 / 敦煌：归义英雄 / Dunhuang Warriors,电影,是,2026,2020 年代,2026-09-25(中国大陆),2026,6.0,6.0-6.9,3.0,10831,1-5 万,动作,古装,,2,动作 古装,中国大陆,是,中国大陆,汉语普通话,123,100 分钟以上,,曹盾,章宇 / 窦骁 / 吕凉 / 蔡鹭 / 赵蕴卓,30,7082,252,大唐敦煌，重镇漠州。安史之乱后，漠州陷于河西匪军之手，大唐守军全数殉国。此后六十载，丝路断绝，生灵涂炭。匪军首领任光热凶残暴虐，倒行逆施，妄图“还民为奴”。 “狮子吼，唐军归。”这句流传了六十年的传说，是漠州人最后的念想。可铜狮沉默，唐旗无踪，传说能否应验？ 名门望族张佑承隐忍多年，终于举事，归义火种在绝望中点燃。然而敌众我寡，漠州命悬一线，最后的希望落在仓皇出城的小队身上——狼鹞子、诺次、张月牙、曹光宗。 黄沙之下，埋着六十年前的唐军；壁画深处，藏着无人知晓的秘密。孤勇的旗手、神秘的张都尉、苦守石窟的廖黑云……那些被风沙掩埋的名字将逐一登场，一同回答那个问题：唐旗，还能不能重新飘扬在漠州城头？,https://img3.doubanio.com/view/photo/m_ratio_poster/public/p2936069048.jpg,https://movie.douban.com/subject/35244246/,2026-10-01T18:02:32+08:00,2026-10-01,1727.7万,0.1%,0.4%,2.5%,2.4,2246,18,上映7天,"古装,动作,传奇"
38581618,牛来,,Niu Lai,电影,是,2026,2020 年代,2026-08-05(中国大陆),2026,6.0,6.0-6.9,3.0,52433,5-10 万,动画,,,1,动画,中国大陆,是,中国大陆,汉语普通话,86,60-100 分钟,,信雨萌,信雨萌 / 孙丽芳,2,31125,1259,初生的小牛犊将刚从荒漠飞来的云雀带入梦乡，梦中，云雀见证了牛来在多重力量的感召下，逐渐成长为一个敢于担当，直面生死的勇士。,https://img3.doubanio.com/view/photo/m_ratio_poster/public/p2934945600.jpg,https://movie.douban.com/subject/38581618/,2026-10-01T18:02:34+08:00,2026-10-01,6392.5万,<0.1%,0.1%,4.1%,3.8,498,24,上映58天,动画
35840408,老江湖,,老警的最后一案 / The Old Dog / The Old Fox,电影,是,2026,2020 年代,2026-09-25(中国大陆),2026,5.0,6.0 以下,2.5,5468,1000-1 万,喜剧,动作,犯罪,3,喜剧 动作 犯罪,中国大陆,是,中国大陆,汉语普通话,100,60-100 分钟,,刘誉 / 李太阁,于谦 / 梁家辉 / 王影璐 / 段博文 / 赵小棠,15,3779,50,一条命案、一笔巨额欠款、一场做空操盘……全因一起平平无奇却又疑点重重的失窃案而起。即将退休的民警井有正（于谦 饰）发现了蹊跷，随着调查的深入，所有线索都指向明典集团董事长边居寒（梁家辉 饰）。老井锲而不舍查案主动出击，边总亦发起反攻。真相究竟是什么？正邪善恶的对抗中，两位又将上演怎样的江湖好戏？,https://img3.doubanio.com/view/photo/m_ratio_poster/public/p2936005892.jpg,https://movie.douban.com/subject/35840408/,2026-10-01T18:02:37+08:00,2026-10-01,3059.7万,<0.1%,0.5%,1.4%,1.3,2737,20,上映7天,"犯罪,剧情,喜剧"
37380650,死亡禁区实录,,No Go: The Child,电影,是,2026,2020 年代,2026-09-25(中国大陆),2026,4.6,6.0 以下,2.5,3391,1000-1 万,悬疑,惊悚,恐怖,3,悬疑 惊悚 恐怖,中国大陆,是,中国大陆,汉语普通话,96,60-100 分钟,,王晟赫,邓家佳 / 苏小玎 / 海陆 / 孙芮 / 刘迅,9,2730,54,废弃诈骗园区化身血色炼狱，为了千万直播赏金，为了至亲的救命医药费，为了失踪在园区的家人，一支各怀隐情的搜救队冒死进入404死亡禁区。水牢、血牛库、电刑，黑暗中无差别残酷虐杀接连失控。全球直播的镜头下，等待他们的究竟是人是“诡”？,https://img3.doubanio.com/view/photo/m_ratio_poster/public/p2935282969.jpg,https://movie.douban.com/subject/37380650/,2026-10-01T18:02:38+08:00,2026-10-01,1906.6万,0.4%,1.4%,3.3%,3.0,6798,14,上映7天,"恐怖,惊悚,悬疑"
36931140,数到三,,Keep the Beat,电影,是,2026,2020 年代,2026-08-28(中国大陆),2026,,暂无评分,,3847,1000-1 万,剧情,悬疑,,2,剧情 悬疑,中国大陆,是,中国大陆,汉语普通话,107,100 分钟以上,,孙琳,惠英红 / 张宥浩 / 潘斌龙 / 李健 / 黄子弘凡,22,3847,70,一颗心脏，竟藏了三个人的秘密。一句“数到三”，竟埋下了命运隐秘的伏笔。 舞蹈老师战玉梅（惠英红 饰）深陷丧子之痛，陌生男孩余景阳（张宥浩 饰）意外闯入了她的生活，给她带来了莫大的安慰。然而，她恍然发现，自己苦苦追寻儿子何一帆（黄子弘凡 饰）的那颗心脏，现在正跳动在余景阳的胸口，所有的“巧遇”竟全是精心的设计。当真相的利刃划破假象，曾经的温情又能否抵挡命运的残酷？,https://img3.doubanio.com/view/photo/m_ratio_poster/public/p2935012359.jpg,https://movie.douban.com/subject/36931140/,2026-10-01T18:02:40+08:00,2026-10-01,1064.3万,<0.1%,<0.1%,0.2%,0.3,7,70,上映35天,剧情
37000932,斗罗大陆剧场版 剑道尘心,,,电影,否,2025,2020 年代,,2025,7.7,7.0-7.9,4.0,,未知,动画,,,1,动画,中国大陆,是,中国大陆,,92,60-100 分钟,,金蕾 / 唐宏宁 / 姚青,苏阳如月 / 桑毓泽 / 黄翔宇 / 刘北辰 / 李蝉妃,10,,,,,https://movie.douban.com/subject/37000932/,2026-10-01T18:02:49+08:00,,,,,,,,,,
37375594,夜王,,,电影,否,2026,2020 年代,,2026,7.7,7.0-7.9,4.0,,未知,剧情,喜剧,,2,剧情 喜剧,中国大陆,是,中国大陆,,133,100 分钟以上,,吴炜伦,黄子华 / 郑秀文 / 王丹妮 / 廖子妤 / 杨伟伦,10,,,,,https://movie.douban.com/subject/37375594/,2026-10-01T18:02:54+08:00,,,,,,,,,,
26430092,欢乐颂,,Ode to Joy,剧集/番剧,是,2016,2010 年代,2016-04-18(中国大陆),2016,7.6,7.0-7.9,4.0,368310,10-50 万,剧情,爱情,,2,剧情 爱情,中国大陆,是,中国大陆,汉语普通话,43,30-60 分钟,42,孔笙 / 简川訸,刘涛 / 蒋欣 / 王子文 / 杨紫 / 乔欣,38,99710,1659,国际大都会上海，霓虹闪烁，人头攒动。多少年轻人从四面八方云集十里洋场，追寻着似乎触手可及的事业、爱情和梦想。在一个名为“欢乐颂”的小区，居住着五个年龄相仿的女孩子，分别是合租一套房的供职外企的“胡同公主”樊胜美（蒋欣饰 ）、家境良好的乖乖女关雎尔（乔欣 饰）、来自小城市的普通上班族邱莹莹（杨紫 饰），另外还有集美貌、智商事业于一身的海归女安迪（刘涛 饰）和古灵精怪的富二代曲筱绡（王子文 饰）。俗话说“三个女人一台戏”，更何况是五个有着不同性格、背景和人生经历的青春女孩。她们相互碰撞，彼此依偎，共同讲述了繁华城市中女孩子们的奋斗物语…… 本片根据阿耐的同名小说改编。,https://img3.doubanio.com/view/photo/m_ratio_poster/public/p2336048812.jpg,https://movie.douban.com/subject/26430092/,2026-10-01T18:02:57+08:00,,,,,,,,,,
3240884,巴啦啦小魔仙,,巴啦啦小魔仙 第一季 / Balala the Fairies,剧集/番剧,是,2008,2000 年代,2008-04-12,2008,7.6,7.0-7.9,4.0,41996,1-5 万,儿童,奇幻,,2,儿童 奇幻,中国大陆,是,中国大陆,普通话/国语,25,15-30 分钟,52,陈克文,廖景萱 / 孙圳 / 黄安仪,3,13044,73,故事发生在一个名为魔仙堡的魔法世界之中，黑魔仙小月（周娇 饰）偷偷修炼黑魔法，还想要盗走魔仙彩石。守护魔仙小蓝（廖景萱 饰）为了追寻魔仙彩石的下落来到了人间，藏身于音乐盒中，偶遇了善良的姐妹凌美淇（孙圳 饰）和凌美雪（黄安仪 饰）。 小蓝住进了姐妹俩的家中，化身成为他们 的保姆，三人共同度过了一段充满了幸福和快乐的生活，彼此之间结下了深厚的友谊。魔仙女王（王慧 饰）特别准许小蓝教授两姐妹魔法，美淇和美雪成为了小魔仙，与此同时，小月亦在人间结识了名为严莉莉（刘美含 饰）的女孩，将她变成了小黑魔仙。在人间，一场正义和邪恶之间的战争即将拉开序幕。,https://img9.doubanio.com/view/photo/m_ratio_poster/public/p2868305296.jpg,https://movie.douban.com/subject/3240884/,2026-10-01T18:03:02+08:00,,,,,,,,,,
32659890,我和我的祖国,,,电影,否,2019,2010 年代,,2019,7.6,7.0-7.9,4.0,,未知,剧情,,,1,剧情,中国大陆,是,中国大陆,,155,100 分钟以上,,陈凯歌 / 张一白 / 管虎 / 薛晓路 / 徐峥 / 宁浩 / 文牧野,黄渤 / 张译 / 韩昊霖 / 杜江 / 葛优,10,,,,,https://movie.douban.com/subject/32659890/,2026-10-01T18:03:06+08:00,,,,,,,,,,
35208463,三大队,,,电影,否,2023,2020 年代,,2023,7.6,7.0-7.9,4.0,,未知,剧情,犯罪,,2,剧情 犯罪,中国大陆,是,中国大陆,,132,100 分钟以上,,戴墨,张译 / 李晨 / 魏晨 / 曹炳琨 / 王骁,10,,,,,https://movie.douban.com/subject/35208463/,2026-10-01T18:03:10+08:00,,,,,,,,,,
35364691,诡才之道 鬼才之道,,,电影,否,2024,2020 年代,,2024,7.6,7.0-7.9,4.0,,未知,喜剧,恐怖,,2,喜剧 恐怖,中国台湾,否,中国台湾,,112,100 分钟以上,,徐汉强,陈柏霖 / 张榕容 / 王净 / 姚以缇 / 百白,10,,,,,https://movie.douban.com/subject/35364691/,2026-10-01T18:03:15+08:00,,,,,,,,,,
35457272,保你平安,,,电影,否,2022,2020 年代,,2022,7.6,7.0-7.9,4.0,,未知,剧情,喜剧,,2,剧情 喜剧,中国大陆,是,中国大陆,,112,100 分钟以上,,大鹏,大鹏 / 李雪琴 / 尹正 / 王迅 / 王圣迪,10,,,,,https://movie.douban.com/subject/35457272/,2026-10-01T18:03:19+08:00,,,,,,,,,,
36369452,飞驰人生2,,,电影,否,2024,2020 年代,,2024,7.6,7.0-7.9,4.0,,未知,剧情,喜剧,运动,3,剧情 喜剧 运动,中国大陆,是,中国大陆,,121,100 分钟以上,,韩寒,沈腾 / 范丞丞 / 尹正 / 张本煜 / 孙艺洲,10,,,,,https://movie.douban.com/subject/36369452/,2026-10-01T18:03:23+08:00,,,,,,,,,,
36624136,悬案,,破悬案 / 珠宝行连环劫案+卞记旅馆灭门案 / Unsettled Case,剧集/番剧,是,2026,2020 年代,2026-07-03(中国大陆),2026,7.6,7.0-7.9,4.0,63952,5-10 万,剧情,悬疑,犯罪,3,剧情 悬疑 犯罪,中国大陆,是,中国大陆,汉语普通话,47,30-60 分钟,17,算,王传君 / 江奇霖 / 杨烁 / 郎月婷 / 岳云鹏,22,24087,184,该剧以2016年3月公安部刑侦局主抓的“疑难命案积案攻坚行动”所侦破的多起案件为基础，改编创作两起90年代悬案作为系列剧的第一季。围绕《珠宝行连环劫案》《卞记旅馆抢劫案》两个案件展开。前者聚焦白朗（岳云鹏 饰）饰演的报社记者白朗与刑警施占军（杨烁 饰），二人因抓嫖结识，开启警媒合作之路，跨越22年联手追踪连环持枪劫匪徐亮（江奇霖 饰）；后者讲述由黄珏（黄觉 饰）饰演的鲁志丰和李感（姜冠南 饰）两代刑警耗费半生，凭借 DNA 技术锁定真凶刘永坤（王传君 饰）及其同伙。两案均写实还原90年代刑侦风貌，深挖罪案背后的人性灰度与普通人的命运挣扎。,https://img3.doubanio.com/view/photo/m_ratio_poster/public/p2933759962.jpg,https://movie.douban.com/subject/36624136/,2026-10-01T18:03:26+08:00,,,,,,,,,,
10574622,人再囧途之泰囧,,,电影,否,2012,2010 年代,,2012,7.5,7.0-7.9,4.0,,未知,喜剧,,,1,喜剧,中国大陆,是,中国大陆,,105,100 分钟以上,,徐峥,徐峥 / 王宝强 / 黄渤 / 陶虹 / 谢楠,9,,,,,https://movie.douban.com/subject/10574622/,2026-10-01T18:03:31+08:00,,,,,,,,,,
2210194,肉蛾天,,,电影,否,2006,2000 年代,,2006,7.5,7.0-7.9,4.0,,未知,动画,短片,,2,动画 短片,中国台湾,否,中国台湾,,12,15 分钟以内,,谢文明,,0,,,,,https://movie.douban.com/subject/2210194/,2026-10-01T18:03:34+08:00,,,,,,,,,,
25827935,七月与安生,,,电影,否,2016,2010 年代,,2016,7.5,7.0-7.9,4.0,,未知,剧情,爱情,,2,剧情 爱情,中国大陆,是,中国大陆,,109,100 分钟以上,,曾国祥,周冬雨 / 马思纯 / 李程彬 / 李萍 / 蔡纲,10,,,,,https://movie.douban.com/subject/25827935/,2026-10-01T18:03:39+08:00,,,,,,,,,,
26754233,八佰,,,电影,否,2020,2020 年代,,2020,7.5,7.0-7.9,4.0,,未知,剧情,历史,战争,3,剧情 历史 战争,中国大陆,是,中国大陆,,147,100 分钟以上,,管虎,王千源 / 张译 / 姜武 / 黄志忠 / 张俊一,10,,,,,https://movie.douban.com/subject/26754233/,2026-10-01T18:03:43+08:00,,,,,,,,,,
30176393,误杀,,,电影,否,2019,2010 年代,,2019,7.5,7.0-7.9,4.0,,未知,剧情,犯罪,悬疑,3,剧情 犯罪 悬疑,中国大陆,是,中国大陆,,112,100 分钟以上,,柯汶利,肖央 / 谭卓 / 陈冲 / 姜皓文 / 秦沛,10,,,,,https://movie.douban.com/subject/30176393/,2026-10-01T18:03:48+08:00,,,,,,,,,,
30393997,斗罗大陆1 第二季,,斗罗大陆1 第27-78集 / 斗罗大陆1 年番1 / 斗罗大陆 精英赛篇 / Soul Land,剧集/番剧,是,2018,2010 年代,2018-12-01(中国大陆),2018,7.5,7.0-7.9,4.0,15873,1-5 万,剧情,动画,奇幻,3,剧情 动画 奇幻,中国大陆,是,中国大陆,汉语普通话,20,15-30 分钟,52,沈乐平,沈磊 / 程玉珠 / 黄翔宇 / 王肖兵 / 倪康,8,2602,17,唐门外门弟子唐三，因偷学内门绝学为唐门所不容，跳崖明志时却发现没有死，反而以另外一个身份来到了另一个世界，一个属于武魂的世界，名叫斗罗大陆。这里没有魔法，没有斗气，没有武术，却有神奇的武魂。这里的每个人，在自己六岁的时候，都会在武魂殿中令武魂觉醒。武魂有动物，有植物，有器物，武魂可以辅助人们的日常生活。而其中一些特别出色的武魂却可以用来修炼并进行战斗，这个职业，是斗罗大陆上最为强大也是最荣耀的职业“魂师”。 小小的唐三在圣魂村开始了他的魂师修炼之路，并萌生了振兴唐门的梦想。当唐门暗器来到斗罗大陆，当唐三武魂觉醒，他能否在这片武魂的世界再铸唐门的辉煌？,https://img2.doubanio.com/view/photo/m_ratio_poster/public/p2911698731.jpg,https://movie.douban.com/subject/30393997/,2026-10-01T18:03:52+08:00,,,,,,,,,,
35861087,凡人修仙传,,The Immortal Ascension,剧集/番剧,是,2025,2020 年代,2025-07-27(中国大陆),2025,7.5,7.0-7.9,4.0,141785,10-50 万,奇幻,古装,,2,奇幻 古装,中国大陆,是,中国大陆,汉语普通话,45,30-60 分钟,30,杨阳,杨洋 / 金晨 / 汪铎 / 赵小棠 / 赵晴,60,73453,780,该剧改编自忘语的同名小说，讲述了普通的山村穷小子韩立（杨洋 饰），偶然之下，跨入到一个江湖小门派，虽然资质平庸，但依靠自身努力和合理算计最后修炼成仙的故事。,https://img3.doubanio.com/view/photo/m_ratio_poster/public/p2923676958.jpg,https://movie.douban.com/subject/35861087/,2026-10-01T18:03:56+08:00,,,,,,,,,,
36081094,热辣滚烫,,,电影,否,2024,2020 年代,,2024,7.5,7.0-7.9,4.0,,未知,剧情,喜剧,运动,3,剧情 喜剧 运动,中国大陆,是,中国大陆,,129,100 分钟以上,,贾玲,贾玲 / 雷佳音 / 张小斐 / 杨紫 / 沙溢,10,,,,,https://movie.douban.com/subject/36081094/,2026-10-01T18:04:00+08:00,,,,,,,,,,
36185502,长安的荔枝,,,电影,否,2025,2020 年代,,2025,7.5,7.0-7.9,4.0,,未知,剧情,喜剧,古装,3,剧情 喜剧 古装,中国大陆,是,中国大陆,,122,100 分钟以上,,大鹏,大鹏 / 白客 / 庄达菲 / 刘俊谦 / 刘德华,10,,,,,https://movie.douban.com/subject/36185502/,2026-10-01T18:04:03+08:00,,,,,,,,,,
36208094,第二十条,,,电影,否,2024,2020 年代,,2024,7.5,7.0-7.9,4.0,,未知,剧情,喜剧,家庭,3,剧情 喜剧 家庭,中国大陆,是,中国大陆,,141,100 分钟以上,,张艺谋,雷佳音 / 马丽 / 赵丽颖 / 高叶 / 刘耀文,10,,,,,https://movie.douban.com/subject/36208094/,2026-10-01T18:04:06+08:00,,,,,,,,,,
36449295,兰香如故,,兰香缘,剧集/番剧,是,2026,2020 年代,2026-09-11(中国大陆),2026,7.5,7.0-7.9,4.0,57873,5-10 万,剧情,爱情,古装,3,剧情 爱情 古装,中国大陆,是,中国大陆,汉语普通话,45,30-60 分钟,47,黄颖湘 / 陈丹,谭松韵 / 刘学义 / 李梦 / 郑合惠子 / 郭柯宇,50,25071,419,该剧根据禾晏山小说《兰香缘》改编。 大学士府长孙女沈嘉兰与吏部尚书林家的长孙林锦岐订下婚约，然而朝堂风云突变，祖父沈大学士被判谋逆之罪，沈家惨遭灭门。林家为了自保，与沈家退婚，另与御前新贵赵家结亲。沈嘉兰母亲崔氏曾接济过的林家家奴许万全夫妇用刚病亡的女儿许兰香替下嘉兰。嘉兰从此顶着许兰香的身份：成为林府的一名三等丫鬟。在艰难的境遇中，兰香没有向命运低头，始终为自己和家人的幸福生活努力着，反抗一切不公与压迫。最终，兰香凭借自己的善良与聪慧，突破阶级身份的束缚，赢得林锦岐倾心的同时也获得了林家上下的信服与尊重，成为林家的当家人，将命运牢牢掌控在自己的手中，为沈家洗刷冤屈讨回公道。,https://img9.doubanio.com/view/photo/m_ratio_poster/public/p2933527614.jpg,https://movie.douban.com/subject/36449295/,2026-10-01T18:04:10+08:00,,,,,,,,,,
36877245,火遮眼,,,电影,否,2025,2020 年代,,2025,7.5,7.0-7.9,4.0,,未知,动作,犯罪,,2,动作 犯罪,中国香港,否,中国香港,,113,100 分钟以上,,谷垣健治,谢苗 / 林科灯 / 杨恩又 / 黎唯 / 雅彦·鲁伊安,10,,,,,https://movie.douban.com/subject/36877245/,2026-10-01T18:04:15+08:00,,,,,,,,,,
4124917,虹猫蓝兔火凤凰,,,电影,否,2010,2010 年代,,2010,7.5,7.0-7.9,4.0,,未知,动画,,,1,动画,中国大陆,是,中国大陆,,85,60-100 分钟,,贺梦凡 / 罗沐 / 许龙 / 赵玉碧,谢娜 / 何炅 / 杜海涛 / 吴昕 / 李维嘉,10,,,,,https://movie.douban.com/subject/4124917/,2026-10-01T18:04:19+08:00,,,,,,,,,,
1394968,举起手来！,,,电影,否,2005,2000 年代,,2005,7.4,7.0-7.9,3.5,,未知,喜剧,战争,,2,喜剧 战争,中国大陆,是,中国大陆,,87,60-100 分钟,,冯小宁,郭达 / 潘长江 / 刘小微 / 李明 / 胡晓光,8,,,,,https://movie.douban.com/subject/1394968/,2026-10-01T18:04:23+08:00,,,,,,,,,,
2253587,美丽的小金鱼,,,电影,否,1958,1990 前,,1958,7.4,7.0-7.9,3.5,,未知,动画,短片,,2,动画 短片,中国大陆,是,中国大陆,,20,15-30 分钟,,万籁鸣 / 邬强,,0,,,,,https://movie.douban.com/subject/2253587/,2026-10-01T18:04:28+08:00,,,,,,,,,,
25845392,长津湖,,,电影,否,2021,2020 年代,,2021,7.4,7.0-7.9,3.5,,未知,剧情,历史,战争,3,剧情 历史 战争,中国大陆,是,中国大陆,,176,100 分钟以上,,陈凯歌 / 徐克 / 林超贤 / 宁海强,吴京 / 易烊千玺 / 段奕宏 / 朱亚文 / 李晨,10,,,,,https://movie.douban.com/subject/25845392/,2026-10-01T18:04:32+08:00,,,,,,,,,,
25858762,开心超人2：启源星之战,,,电影,否,2014,2010 年代,,2014,7.4,7.0-7.9,3.5,,未知,动画,冒险,,2,动画 冒险,中国大陆,是,中国大陆,,85,60-100 分钟,,黄伟明,祖晴 / 高全胜 / 刘红韵 / 邓玉婷 / 严彦子,8,,,,,https://movie.douban.com/subject/25858762/,2026-10-01T18:04:37+08:00,,,,,,,,,,
3047989,风云决,,,电影,否,2008,2000 年代,,2008,7.4,7.0-7.9,3.5,,未知,动作,动画,武侠,3,动作 动画 武侠,中国大陆,是,中国大陆,,110,100 分钟以上,,林超贤,任贤齐 / 谢霆锋 / 韩雪 / 童自荣 / 麦浚龙,10,,,,,https://movie.douban.com/subject/3047989/,2026-10-01T18:04:40+08:00,,,,,,,,,,
35312437,奇迹·笨小孩,,,电影,否,2022,2020 年代,,2022,7.4,7.0-7.9,3.5,,未知,剧情,,,1,剧情,中国大陆,是,中国大陆,,106,100 分钟以上,,文牧野,易烊千玺 / 田雨 / 陈哈琳 / 齐溪 / 公磊,10,,,,,https://movie.douban.com/subject/35312437/,2026-10-01T18:04:44+08:00,,,,,,,,,,
35422807,扬名立万,,,电影,否,2021,2020 年代,,2021,7.4,7.0-7.9,3.5,,未知,剧情,喜剧,悬疑,3,剧情 喜剧 悬疑,中国大陆,是,中国大陆,,123,100 分钟以上,,刘循子墨,尹正 / 邓家佳 / 喻恩泰 / 杨皓宇 / 陈明昊,10,,,,,https://movie.douban.com/subject/35422807/,2026-10-01T18:04:49+08:00,,,,,,,,,,
35460157,人生大事,,,电影,否,2022,2020 年代,,2022,7.4,7.0-7.9,3.5,,未知,剧情,家庭,,2,剧情 家庭,中国大陆,是,中国大陆,,112,100 分钟以上,,刘江江,朱一龙 / 杨恩又 / 王戈 / 刘陆 / 罗京民,10,,,,,https://movie.douban.com/subject/35460157/,2026-10-01T18:04:51+08:00,,,,,,,,,,
36474027,镖人：风起大漠,,,电影,否,2026,2020 年代,,2026,7.4,7.0-7.9,3.5,,未知,动作,武侠,古装,3,动作 武侠 古装,中国大陆,是,中国大陆,,126,100 分钟以上,,袁和平,吴京 / 谢霆锋 / 于适 / 陈丽君 / 孙艺洲,10,,,,,https://movie.douban.com/subject/36474027/,2026-10-01T18:04:56+08:00,,,,,,,,,,
37107063,震耳欲聋,,,电影,否,2025,2020 年代,,2025,7.4,7.0-7.9,3.5,,未知,剧情,犯罪,,2,剧情 犯罪,中国大陆,是,中国大陆,,125,100 分钟以上,,万力,檀健次 / 兰西雅 / 王戈 / 潘斌龙 / 王砚辉,10,,,,,https://movie.douban.com/subject/37107063/,2026-10-01T18:04:59+08:00,,,,,,,,,,
1961963,长江七号,,,电影,否,2008,2000 年代,,2008,7.3,7.0-7.9,3.5,,未知,喜剧,科幻,,2,喜剧 科幻,中国大陆,是,中国大陆,,86,60-100 分钟,,周星驰,周星驰 / 徐娇 / 张雨绮 / 林子聪 / 冯勉恒,10,,,,,https://movie.douban.com/subject/1961963/,2026-10-01T18:05:02+08:00,,,,,,,,,,
26759539,十万个冷笑话2,,,电影,否,2017,2010 年代,,2017,7.3,7.0-7.9,3.5,,未知,喜剧,动画,奇幻,3,喜剧 动画 奇幻,中国大陆,是,中国大陆,,101,100 分钟以上,,卢恒宇 / 李姝洁,山新 / 郝祥海 / 李姝洁 / 藤新 / 图特哈蒙,10,,,,,https://movie.douban.com/subject/26759539/,2026-10-01T18:05:06+08:00,,,,,,,,,,
26816104,从21世纪安全撤离,,,电影,否,2024,2020 年代,,2024,7.3,7.0-7.9,3.5,,未知,喜剧,科幻,,2,喜剧 科幻,中国大陆,是,中国大陆,,98,60-100 分钟,,李阳,张若昀 / 钟楚曦 / 宋洋 / 吴晓亮 / 朱颜曼滋,10,,,,,https://movie.douban.com/subject/26816104/,2026-10-01T18:05:10+08:00,,,,,,,,,,
32493124,悬崖之上,,,电影,否,2021,2020 年代,,2021,7.3,7.0-7.9,3.5,,未知,剧情,动作,悬疑,3,剧情 动作 悬疑,中国大陆,是,中国大陆,,120,100 分钟以上,,张艺谋,张译 / 于和伟 / 秦海璐 / 朱亚文 / 刘浩存,10,,,,,https://movie.douban.com/subject/32493124/,2026-10-01T18:05:13+08:00,,,,,,,,,,
3356338,喜羊羊与灰太狼之牛气冲天,,,电影,否,2009,2000 年代,,2009,7.3,7.0-7.9,3.5,,未知,儿童,喜剧,动画,3,儿童 喜剧 动画,中国大陆,是,中国大陆,,90,60-100 分钟,,赵崇邦,阿牛 / 林峯 / 徐子珊 / 祖晴 / 巫迪文,10,,,,,https://movie.douban.com/subject/3356338/,2026-10-01T18:05:16+08:00,,,,,,,,,,
34456079,一人之下 第三季,,一人之下 第3季 / 一人之下入世篇 / The Outcast 3,剧集/番剧,是,2020,2020 年代,2020-04-24(中国大陆),2020,7.3,7.0-7.9,3.5,82265,5-10 万,剧情,动作,动画,3,剧情 动作 动画,中国大陆,是,中国大陆,汉语普通话,27,15-30 分钟,8,危天行 / 黄成希,曹云图 / 小连杀 / 彭尧 / 宝木中阳 / 张杰,9,20301,144,罗天大醮之后，王也被武当除名回到了家中，却因为身怀“八奇技-风后奇门”遭人觊觎，家人遭人监视。王也万般无奈，在好友诸葛青的建议下向“哪都通”公司的求助，张楚岚携冯宝宝前来破案。张楚岚如何一展身手帮王也抓出幕后黑手？诸葛青和王也等人又将有怎样精彩的表现？觊觎“八奇技”的人究竟是谁？《一人之下-入世篇》即将揭晓！,https://img3.doubanio.com/view/photo/m_ratio_poster/public/p2597627829.jpg,https://movie.douban.com/subject/34456079/,2026-10-01T18:05:21+08:00,,,,,,,,,,
34880018,茶啊二中,,,电影,否,2023,2020 年代,,2023,7.3,7.0-7.9,3.5,,未知,喜剧,动画,奇幻,3,喜剧 动画 奇幻,中国大陆,是,中国大陆,,91,60-100 分钟,,夏铭泽 / 阎凯,邢原源 / 王博文 / 高禹恒 / 黄恒 / 郭红进,10,,,,,https://movie.douban.com/subject/34880018/,2026-10-01T18:05:25+08:00,,,,,,,,,,
35765480,八角笼中,,,电影,否,2023,2020 年代,,2023,7.3,7.0-7.9,3.5,,未知,剧情,动作,,2,剧情 动作,中国大陆,是,中国大陆,,117,100 分钟以上,,王宝强,王宝强 / 陈永胜 / 史彭元 / 王迅 / 张祎曈,10,,,,,https://movie.douban.com/subject/35765480/,2026-10-01T18:05:28+08:00,,,,,,,,,,
36299879,中国奇谭2,,中国奇谭 第二部 / Yao-Chinese Folktales 2,剧集/番剧,是,2026,2020 年代,2026-01-01(中国大陆),2026,7.3,7.0-7.9,3.5,25380,1-5 万,动画,奇幻,,2,动画 奇幻,中国大陆,是,中国大陆,汉语普通话 / 客家话 / 粤语,20,15-30 分钟,9,陈廖宇 / 张俊杰 / 周旭 / 顾杨 / 刘旷 / 杜鹏鹏 / 胡睿 / 杨雅词 / 杨木 / 欧阳仲泓 / 张扬 / 陈莲华,路扬 / 董汶亮 / 蔡壮壮 / 徐铭皓 / 刘芊含,11,10555,187,动画短片集《中国奇谭2》由9部风格迥异的短片组成：《拜山》《大贵人》《大鸟》《耳中人》《今日动物园》《如何成为三条龙》《三郎》《刑天》《小雪》。12位导演在延续中式想象力的基础上，探索多元题材与风格，挖掘中式内核表达，同时增强了现实关照和寓言属性，在奇幻语境中探寻现实命题，对人的自我身份、家庭关系、社会关系等进行思考和探讨。,https://img2.doubanio.com/view/photo/m_ratio_poster/public/p2927155061.jpg,https://movie.douban.com/subject/36299879/,2026-10-01T18:05:33+08:00,,,,,,,,,,
36314809,交锋,,,剧集/番剧,是,2026,2020 年代,2026-09-06(中国大陆),2026,7.3,7.0-7.9,3.5,27673,1-5 万,剧情,,,1,剧情,中国大陆,是,中国大陆,汉语普通话,45,30-60 分钟,40,姚晓峰,王凯 / 周依然 / 欧豪 / 彭昱畅 / 成泰燊,57,13697,205,故事由一宗世纪之交的泄密大案而起，扣动两岸局势脉搏的同时，还掩藏着一场境外势力与我方在隐蔽战线上的针锋较量。上世纪九十年代末，闵中市国家安全局一对性格迥异的师徒，因机缘巧合的命运安排，为了共同的使命与信仰并肩作战。他们联手挫败了各种阴谋，也与敌手在横跨二十年的命运长河里 不断纠缠。当时间流转，新世纪的潮流剧变席卷而来，国家安全局势攻防易势，隐蔽战线上的较量却不止不休。在一次次关乎人性的考验中，这三人的命运关系因不同抉择，在岁月洗礼中悄然改变着……,https://img9.doubanio.com/view/photo/m_ratio_poster/public/p2931558074.jpg,https://movie.douban.com/subject/36314809/,2026-10-01T18:05:38+08:00,,,,,,,,,,
36395136,谷围南亭,,谷围南亭 第一卷 / The Chosen One,剧集/番剧,是,2025,2020 年代,2025-09-30(中国大陆),2025,7.3,7.0-7.9,3.5,5164,1000-1 万,动画,惊悚,奇幻,3,动画 惊悚 奇幻,中国大陆,是,中国大陆,汉语普通话,22,15-30 分钟,16,杨勇,郑志翔 / 冯靖乔 / 吴海涛 / 以媛 / 苗浩生,21,1891,14,独特中式民俗悬疑国漫，2025年度“惊”“喜”之作！故事围绕大学生高影展开，其在入学途中误入南亭村大清王朝酒店，却遇到连连诡异事件，意外唤醒被封印的镇南王胤霆，被卷入涉及太岁、萨满等神秘势力的百年浩劫。,https://img9.doubanio.com/view/photo/m_ratio_poster/public/p2925269176.jpg,https://movie.douban.com/subject/36395136/,2026-10-01T18:05:41+08:00,,,,,,,,,,
36554071,重器,,,剧集/番剧,是,2026,2020 年代,2026-08-10(中国大陆),2026,7.3,7.0-7.9,3.5,41226,1-5 万,剧情,,,1,剧情,中国大陆,是,中国大陆,汉语普通话,45,30-60 分钟,33,沈严 / 李江明,黄景瑜 / 蒋奇明 / 于和伟 / 闫佩伦 / 张佳宁,28,18812,201,该剧讲述了改革开放初期1979年到1997年，陈一众、余高远、张丽慧、夏英杰、陆则铭五个法学院学生毕业后进入了司法领域不同的部门，在如火如荼的司法实践中见证历史、参与历史、与时俱进、不断成长的故事。,https://img3.doubanio.com/view/photo/m_ratio_poster/public/p2934828709.jpg,https://movie.douban.com/subject/36554071/,2026-10-01T18:05:45+08:00,,,,,,,,,,
36576514,深渊无间,,深渊 / 深渊游戏,剧集/番剧,是,2026,2020 年代,2026-09-09(中国大陆),2026,7.3,7.0-7.9,3.5,49280,1-5 万,剧情,悬疑,犯罪,3,剧情 悬疑 犯罪,中国大陆,是,中国大陆,汉语普通话,,未知,16,刘海波,任嘉伦 / 秦俊杰 / 王砚辉 / 田小洁 / 何冰,9,35220,569,根据深蓝的同名小说改编。 一篇名为《深渊》的推理网文悄然上线，打破了保守小城多年来的平静，文中诸多情节与警方未曾公布的多年前悬案案情有着惊人的相似。热血正义的新警李成，与多方嫌疑人，一次次上演高智对弈。最终李成拨开迷雾，侦查出掩藏在令人扼腕的亲情和友情之下的真相.……一念之差，有的人走向了绿洲，有的人永远被困在了深渊。,https://img9.doubanio.com/view/photo/m_ratio_poster/public/p2931762705.jpg,https://movie.douban.com/subject/36576514/,2026-10-01T18:05:49+08:00,,,,,,,,,,
37193250,阳光女子合唱团 陽光女子合唱團,,,电影,否,2025,2020 年代,,2025,7.3,7.0-7.9,3.5,,未知,剧情,,,1,剧情,中国台湾,否,中国台湾,,134,100 分钟以上,,林孝谦,陈意涵 / 翁倩玉 / 钟欣凌 / 安心亚 / 孙淑媚,10,,,,,https://movie.douban.com/subject/37193250/,2026-10-01T18:05:53+08:00,,,,,,,,,,
35811064,欢迎来龙餐馆,,Once Upon a Time in the Middle East,电影,是,2026,2020 年代,2026-08-11(中国大陆),2026,8.7,8.0-8.9,4.5,735850,50 万+,剧情,战争,,2,剧情 战争,中国大陆,是,中国大陆,汉语普通话 / 阿拉伯语 / 英语,140,100 分钟以上,,文牧野,沈腾 / 蒋奇明 / 奥马尔·谢里夫 / 李治廷 / 谢里夫·萨比,12,280387,5551,徐福（沈腾 饰）为养家还债远赴中东中餐馆当厨师，在当地结识了大堂经理马俊生（蒋奇明 饰）。他们以地道中国风味广招八方来客，龙餐馆声名鹊起。然而随着战争爆发，当地形势急转直下，没有人能够独善其身，徐福和马俊生也不例外，他们的命运将何去何从？战火中的龙餐馆又将如何维系？,https://img3.doubanio.com/view/photo/m_ratio_poster/public/p2935109312.jpg,https://movie.douban.com/subject/35811064/,2026-10-01T18:38:10+08:00,2026-10-01,23.12亿,6.0%,5.9%,9.4%,9.9,27816,5,上映52天,"剧情,战争"
36882191,八仙！,,八仙之瞒天过海 / All Wishes Come True!,电影,是,2026,2020 年代,2026-07-18(中国大陆),2026,8.2,8.0-8.9,4.0,433587,10-50 万,喜剧,动画,奇幻,3,喜剧 动画 奇幻,中国大陆,是,中国大陆,汉语普通话,144,100 分钟以上,,牟正洋,陈浩 / 李绍哲 / 立冬 / 果子哥哥 / 董天弋,16,191173,2746,“八仙”在成仙和成功之间选择了“成团”，在搞钱和搞事业之间选择了“搞事情”？！吕洞宾、钟离权带队，集结何仙姑、铁拐李、韩湘子、曹国舅、蓝采和与张果老，八个身份各异的凡人因不同机缘稀里糊涂凑在了蓬莱仙境，有人临时起意有人开团秒跟，开起道观过足了“神仙”瘾！面对蓬莱百姓主打一个“有求必应”，草台班子的外壳下却暗藏着“瞒天过海”的胆识。怎料一个惊天阴谋正悄咪咪朝他们砸过来，这场啼笑皆非的奇幻之旅，最终会走向何处呢？ 影片以家喻户晓的传统民间故事“八仙过海”为灵感进行创作。,https://img9.doubanio.com/view/photo/m_ratio_poster/public/p2934074566.jpg,https://movie.douban.com/subject/36882191/,2026-10-01T18:38:12+08:00,2026-10-01,19.96亿,4.8%,3.4%,11.8%,12.2,16413,6,上映76天,"神话,喜剧,冒险,动画"
36791178,汪汪队立大功大电影3：勇闯恐龙岛,PAW Patrol: The Dino Movie,汪汪队立大功：恐龙大电影(港/台) / 汪汪队立大功：勇闯恐龙岛 / 汪汪队立大功大电影3 / Paw Patrol 3,电影,是,2026,2020 年代,2026-08-08(中国大陆),2026,7.1,7.0-7.9,3.5,3490,1000-1 万,喜剧,科幻,动画,3,喜剧 科幻 动画,加拿大 / 美国,否,加拿大,英语,89,60-100 分钟,,卡尔·布伦克尔,麦肯娜·格瑞丝 / 泰瑞·克鲁斯 / 福琼·费姆斯特 / 贾米拉·贾米尔 / 詹妮弗·哈德森,15,1845,22,一场突如其来的超强风暴，将莱德队长与汪汪队意外带到神秘恐龙岛，还邂逅了被困荒岛的新朋友小狗乐乐。与此同时，宿敌海丁那市长大肆采矿，不慎唤醒沉睡火山！岩浆喷涌、岛屿崩塌，恐龙岛陷入巨大危机。面对这场规模空前的惊险灾难，勇敢的汪汪队绝不退缩！狗狗们携手恐龙并肩作战，能否冲破险境、化解危机，守护恐龙岛？,https://img3.doubanio.com/view/photo/m_ratio_poster/public/p2933198257.jpg,https://movie.douban.com/subject/36791178/,2026-10-01T18:38:14+08:00,2026-10-01,8648.7万,<0.1%,0.1%,4.5%,4.4,586,22,上映55天,"动画,喜剧,冒险"
36962219,小黄人与大怪兽,Minions & Monsters,小黄人大眼萌3 / 小黄人3 / 迷你兵团与大怪兽(港) / 小小兵&大怪兽(台) / Mega Minions / Minions 3,电影,是,2026,2020 年代,2026-07-03(中国大陆),2026,6.5,6.0-6.9,3.5,58759,5-10 万,喜剧,科幻,动画,3,喜剧 科幻 动画,美国,否,美国,英语 / 德语,90,60-100 分钟,,皮埃尔·柯芬,皮埃尔·柯芬 / 特雷·帕克 / 克里斯托弗·瓦尔兹 / 艾莉森·珍妮 / 杰西·艾森伯格,15,27074,177,为了拍摄心中理想的怪兽电影，小黄人（皮埃尔·柯芬 Pierre Coffin 配音）这群萌趣活宝四处物色演员，竟然真的集齐了各式怪兽，上演疯狂大乱斗！,https://img9.doubanio.com/view/photo/m_ratio_poster/public/p2933539994.jpg,https://movie.douban.com/subject/36962219/,2026-10-01T18:38:16+08:00,2026-10-01,3.13亿,<0.1%,<0.1%,7.3%,5.9,157,27,上映91天,"动画,喜剧,科幻,冒险"
36964833,小猪佩奇·完美假期,,小猪佩奇3D动画大电影 / Peppa Pig: Perfect Holiday,电影,是,2026,2020 年代,2026-10-01(中国大陆),2026,,暂无评分,,188,1000 以下,喜剧,动画,冒险,3,喜剧 动画 冒险,中国大陆 / 英国,是,中国大陆,英语 / 汉语普通话,,未知,,刘源,,0,188,9,当佩奇得知今年全家不会去度假时，她感到非常失落。然而一场突如其来的暴风雨，竟将她带到了遥远的中国！佩奇一路解锁奇妙冒险，直到与家人重逢，佩奇拥有了最完美的假期。,https://img3.doubanio.com/view/photo/m_ratio_poster/public/p2935672158.jpg,https://movie.douban.com/subject/36964833/,2026-10-01T18:38:18+08:00,2026-10-01,1832.5万,7.2%,8.5%,8.1%,8.0,40473,3,上映首日,"动画,喜剧,冒险"
37054065,红孩儿火焰山之王,,Red Boy,电影,是,2026,2020 年代,2026-09-25(中国大陆),2026,,暂无评分,,109,1000 以下,动画,奇幻,,2,动画 奇幻,中国大陆,是,中国大陆,汉语普通话 / 粤语,,未知,,何状志 / 文静 / 谢嘉业,唐梦 / 不喝开水,2,109,2,唐僧西天取经前500年，青鸾为了恢复曾经的族群盛世，不惜一切手段获取三昧真火；而与生俱来拥有三昧真火的红孩儿却备受真火折磨；时逢大闹天宫的孙悟空踢倒太上老君的炼丹炉导致大量三昧真火降落人间，突降的真火又将会改变青鸾和红孩儿的命运几何。,https://img3.doubanio.com/view/photo/m_ratio_poster/public/p2931174263.jpg,https://movie.douban.com/subject/37054065/,2026-10-01T18:38:20+08:00,2026-10-01,160.2万,<0.1%,0.1%,2.7%,2.4,627,26,上映7天,"动画,家庭,冒险,喜剧,神话"
37191746,四渡,,四渡赤水 / Crossing,电影,是,2026,2020 年代,2026-06-26(中国大陆),2026,,暂无评分,,30578,1-5 万,历史,战争,,2,历史 战争,中国大陆,是,中国大陆,汉语普通话,122,100 分钟以上,,徐展雄,刘烨 / 王雷 / 于适 / 王志飞 / 王耀庆,37,30578,1104,长征时期，红军身处绝境。四渡赤水堪称红军的绝地反击之战。在毛泽东（刘烨 饰）的带领下，红军一渡赤水时形势所迫、实属无奈；二渡赤水出其不意，打了敌人个措手不及；三渡赤水堪称精妙之笔，尽显战略智慧；四渡赤水更是神来之笔，操作令人叫绝。这一系列军事行动创造了战争史上的经典战例，成为运动战的传奇典范。,https://img9.doubanio.com/view/photo/m_ratio_poster/public/p2931635664.jpg,https://movie.douban.com/subject/37191746/,2026-10-01T18:38:21+08:00,2026-10-01,2.96亿,<0.1%,<0.1%,21.3%,19.2,102,23,上映98天,"剧情,战争"
25865470,瑞克和莫蒂 第二季,Rick and Morty Season 2,,剧集/番剧,是,2015,2010 年代,2015-07-26(美国),2015,9.8,9.0 分以上,5.0,169668,10-50 万,喜剧,科幻,动画,3,喜剧 科幻 动画,美国,否,美国,英语,22,15-30 分钟,10,韦斯利·阿彻 / 皮特·米歇尔斯,贾斯汀·罗兰 / 克里斯·帕内尔 / 斯宾瑟·格拉默 / 萨拉·乔克 / 科甘-迈克尔·凯,7,29151,160,天才兼疯子科学家Rick（贾斯汀·罗兰 Justin Roiland 配音）在失踪多年后突然回到女儿Beth的身边，并且在她的车库里搞了一个科学实验室。Rick有一把“传送门枪”，可以穿越到宇宙的各个次元。孙子Morty（贾斯汀·罗兰 Justin Roiland 配音）和孙女Summer经常被拖进他的自制太空船内，跟他一同开展各种疯狂刺激的宇宙冒险。女儿和女婿Jerry对他的疯狂行为感到不满，在上一季的结尾，他们外出旅行回来，发现屋子被爷孙三人搞得一团糟，正要大发雷霆之际，Rick停止时间，趁机整理好房子。他们却因此创造了多个时间断层，这下又该如何收拾？ 本动画是由美剧《废柴联盟》的创作人Dan Harmon和Justin Roiland开发的动画连续剧。每集一个独立小故事，精妙无比的剧情安排，天马行空的想象力，突破天际的脑洞，是本剧最大的特点。,https://img3.doubanio.com/view/photo/m_ratio_poster/public/p2881864017.jpg,https://movie.douban.com/subject/25865470/,2026-10-01T18:38:23+08:00,,,,,,,,,,
26592971,瑞克和莫蒂 第三季,Rick and Morty Season 3,,剧集/番剧,是,2017,2010 年代,2017-04-01(首播集),2017,9.8,9.0 分以上,5.0,165105,10-50 万,科幻,动画,冒险,3,科幻 动画 冒险,美国,否,美国,英语,22,15-30 分钟,10,贾斯汀·罗兰 / 胡安·何塞·梅扎-莱昂,贾斯汀·罗兰 / 克里斯·帕内尔 / 斯宾瑟·格拉默 / 萨拉·乔克 / 内森·菲利安,12,29241,198,Adult Swim频道续订旗下超高收视动画片《瑞克和莫蒂》（Rick and Morty）第三季。,https://img2.doubanio.com/view/photo/m_ratio_poster/public/p2453814101.jpg,https://movie.douban.com/subject/26592971/,2026-10-01T18:38:25+08:00,,,,,,,,,,
4321270,猫和老鼠,Tom and Jerry,妙妙妙 / 汤姆猫与杰米鼠 / 汤姆猫与杰利鼠 / 托姆和小杰瑞,剧集/番剧,是,1965,1990 前,1965-09-25(美国),1965,9.8,9.0 分以上,5.0,211816,10-50 万,喜剧,动画,家庭,3,喜剧 动画 家庭,美国,否,美国,英语,30,15-30 分钟,,约瑟夫·巴伯拉 / 威廉·汉纳 / 特克斯·艾弗里 / 迈克尔·拉赫,道斯·巴特勒 / 里德·科菲 / 约瑟夫·巴伯拉 / 威廉·汉纳 / 特克斯·艾弗里,5,39846,208,Chuck Jones团队1965-1972年间基于Hanna–Barbera在1940-1957年制作的114部影院版动画短片重新打包编辑的电视版《猫和老鼠》，并制作了新片头。其中还混有MGM出品的其他影院版动画短片如Droopy系列。 这一电视版曾于1990年代初在中央电视台播出过。,https://img3.doubanio.com/view/photo/m_ratio_poster/public/p2554009820.jpg,https://movie.douban.com/subject/4321270/,2026-10-01T18:38:27+08:00,,,,,,,,,,
11537954,瑞克和莫蒂 第一季,Rick and Morty Season 1,,剧集/番剧,是,2013,2010 年代,2013-12-02(美国),2013,9.7,9.0 分以上,5.0,250834,10-50 万,喜剧,科幻,动画,3,喜剧 科幻 动画,美国,否,美国,英语,22,15-30 分钟,11,贾斯汀·罗兰,贾斯汀·罗兰 / 克里斯·帕内尔 / 斯宾瑟·格拉默 / 萨拉·乔克 / 凯瑞·华格伦,5,52105,249,天才兼疯子科学家Rick在失踪多年后突然回到女儿Beth的身边，并且在她的车库里搞了一个科学实验室。Rick有一把“传送门枪”，可以穿越到宇宙的各个次元。外孙Morty莫名其妙就成了他的助手，经常被拖进他的自制太空船内，跟他一同开展各种疯狂刺激的宇宙冒险。女儿女婿对他的 疯狂行为感到不满，却又对这个天才科学家无可奈何。 本动画是由美剧《废柴联盟》的创作人Dan Harmon和Justin Roiland开发的动画连续剧。每集一个独立小故事，精妙无比的剧情安排，天马行空的想象力，突破天际的脑洞，是本剧最大的特点。,https://img3.doubanio.com/view/photo/m_ratio_poster/public/p2396871198.jpg,https://movie.douban.com/subject/11537954/,2026-10-01T18:38:30+08:00,,,,,,,,,,
1998799,灌篮高手,スラムダンク,篮球飞人 / 男儿当入樽(港) / Slam Dunk,剧集/番剧,是,1993,1990 年代,1993-10-16(日本),1993,9.7,9.0 分以上,5.0,250643,10-50 万,喜剧,动画,运动,3,喜剧 动画 运动,日本,否,日本,日语,22,15-30 分钟,101,西泽信孝 / 角铜博之 / 志水淳儿 / 明比正行 / 又野弘道 / 中村哲治 / 吉泽孝男 / 有迫俊彦 / 竹之内和久,草尾毅 / 绿川光 / 梁田清之 / 置鲇龙太郎 / 盐屋翼,19,56594,588,湘北高中的一年级新生樱木花道在初中就有了被50个女孩抛弃的“悲惨”经历，最后一个女孩抛弃他原来是看上了篮球部队小田，由此樱木对篮球更是深恶痛绝。进入高中后，樱木看上了美少女赤木晴子，晴子十分热爱篮球，为了赢取晴子的芳心，樱木决定加入篮球部。在侥幸赢得与篮球队队长赤木刚宪的打赌后，樱木顺利加入了篮球队。随着国中篮球联赛的最有价值球员流川枫的到来、伤愈复出的控位宫城良田以及误入歧途的前国中最有价值球员三井寿的回归，去年不堪一击的湘北篮球今年可谓人强马壮，虽然问题少年一大帮，但是在队长赤木刚宪的带领下，这一群以全国第一为目标的篮球少年正朝着自己的梦想进发！,https://img9.doubanio.com/view/photo/m_ratio_poster/public/p2445459194.jpg,https://movie.douban.com/subject/1998799/,2026-10-01T18:38:31+08:00,,,,,,,,,,
21485010,怪诞小镇 第二季,Gravity Falls Season 2,神秘小镇大冒险(台),剧集/番剧,是,2014,2010 年代,2014-08-01(美国),2014,9.7,9.0 分以上,5.0,33653,1-5 万,喜剧,动画,奇幻,3,喜剧 动画 奇幻,美国,否,美国,英语,22,15-30 分钟,20,乔·皮特 / 马特·布拉利 / 罗布·伦芝蒂 / 史蒂芬·桑多瓦尔 / 苏尼尔·霍尔,克里斯汀·沙尔 / 杰森·雷特 / Alex Hirsch / 琳达·卡德里尼 / J·K·西蒙斯,5,7963,49,"姐弟俩Dipper和Mabel被爸妈赶到了俄勒冈州一个偏僻小镇Gravity Falls，在那儿，他们的舅公Stan经营着一家专门诈骗无辜游客的旅游景点“神秘小屋”，其中陈列着各种稀奇古怪的东西。但关于这个地方真正诡异的东西并非神秘小屋的陈列品，而是深藏在它茂密的森林中 ……机智的Dipper和可爱的Mabel将在这个夏天经历各种意想不到的奇异事件。请看迪士尼频道荒诞风格动画""Gravity Falls""。",https://img3.doubanio.com/view/photo/m_ratio_poster/public/p2924236103.jpg,https://movie.douban.com/subject/21485010/,2026-10-01T18:38:32+08:00,,,,,,,,,,
26285156,排球少年 第二季,ハイキュー!! セカンドシーズン,排球！！ 第二季 / ハイキュー!! 2期,剧集/番剧,是,2015,2010 年代,2015-10-03(日本),2015,9.7,9.0 分以上,5.0,72770,5-10 万,剧情,动画,运动,3,剧情 动画 运动,日本,否,日本,日语,24,15-30 分钟,25,满仲劝 / 川崎逸朗 / 湖山祯崇 / 渡边彻明 / 平向智子 / 镰仓由实 / 安藤贵史 / 镰田祐辅 / 佐藤雅子 / 石川真理子 / 小村方宏治 / 须之内佑典 / 丝贺慎太郎 / 仲泽慎太郎 / 森大贵,村濑步 / 石川界人 / 日野聪 / 入野自由 / 林勇,23,16492,62,排球少年第二季剧情介绍：全集动画是排球少年的续集作品，排球少年第二季全集动画讲述的是小时候，日向翔阳从电视上看见排球比赛，乌野高中的一名小个子在球上的英姿，简直就是个“小巨人”，对此非常深刻，并开始迷上排球，一直想成为“小巨人”一样的人。初中时排球部不够人数，只好默默等待，后来在终于有新成员后，参与了第一次也是最后一赛的比赛，不幸对决了最强队伍，结果当然落败。单凭自己的话，是绝对无办法看见那景色的，不是自己一人的话，或许就能看见了…为了能够打出“胜利”的比赛，翔阳努力考入乌野高中，实现成为“小巨人”的排球梦想！,https://img9.doubanio.com/view/photo/m_ratio_poster/public/p2272736634.jpg,https://movie.douban.com/subject/26285156/,2026-10-01T18:38:34+08:00,,,,,,,,,,
26752075,排球少年 第三季,ハイキュー!! 烏野高校 VS 白鳥沢学園高校,排球！！ 第三季 / ハイキュー!! 3期,剧集/番剧,是,2016,2010 年代,2016-10-07(日本),2016,9.7,9.0 分以上,5.0,74086,5-10 万,剧情,动画,运动,3,剧情 动画 运动,日本,否,日本,日语,24,15-30 分钟,10,满仲劝,村濑步 / 石川界人 / 日野聪 / 细谷佳正 / 齐藤壮马,21,18411,71,击败青城晋级决赛的乌野，白鸟泽成为他们的下一个对手。,https://img3.doubanio.com/view/photo/m_ratio_poster/public/p2381935440.jpg,https://movie.douban.com/subject/26752075/,2026-10-01T18:38:36+08:00,,,,,,,,,,
27166039,瑞克和莫蒂 第四季,Rick and Morty Season 4,,剧集/番剧,是,2019,2010 年代,2019-11-10(美国),2019,9.7,9.0 分以上,5.0,132117,10-50 万,科幻,动画,冒险,3,科幻 动画 冒险,美国,否,美国,英语,22,15-30 分钟,10,雅各布·海尔 / 艾丽卡·海耶斯,贾斯汀·罗兰 / 克里斯·帕内尔 / 斯宾瑟·格拉默 / 萨拉·乔克 / 凯瑞·华格伦,11,23471,201,Rick（瑞克）和Morty（莫蒂）讲述了地球C-137（S1-06之后转移到的时空N/A（可在S2-02Jerry寄托所中Rick填的表格中看到）之前的时空由于Rick的药水使除了Morty一家的人类都变成了柯南伯格式的怪物）的Rick和Morty的冒险故事，但有时也 有Rick和Summer，Morty和Jerry这样的冒险组合。剧情设计和制作手法都极为出彩。,https://img3.doubanio.com/view/photo/m_ratio_poster/public/p2573033857.jpg,https://movie.douban.com/subject/27166039/,2026-10-01T18:38:38+08:00,,,,,,,,,,
4888015,银魂 第二季,銀魂',Gintama 2,剧集/番剧,是,2011,2010 年代,2011-04-04(日本),2011,9.7,9.0 分以上,5.0,59668,5-10 万,剧情,动作,动画,3,剧情 动作 动画,日本,否,日本,日语,24,15-30 分钟,64,藤田阳一 / 高松信司 / 吉村爱 / 小仓宏文 / 三宅和男 / 绵田慎也 / 南康宏 / 马引圭 / 宫胁千鹤 / 佐佐木忍 / 宫原秀二 / 寺泽伸介,杉田智和 / 阪口大助 / 钉宫理惠 / 石田彰 / 中井和哉,9,9861,79,江户时代末期，在那场惨烈的战争结束后，幕府认输了，天人逐渐渗透到了江户居民的生活当中去，武士道的精神在慢慢衰落，当年骁勇善战的攘夷志士们，也都隐姓埋名得过起了隐居的生活。为了维持父亲的道场，志村新八（坂口大助 配音）和姐姐志村妙（雪野五月 配音）不得不辛苦的工作。为了生 存，在跋扈的天人面前，新八必须忍辱负重。某天，一个自然卷白毛的出现改变了新八的生活，他狠狠教训了欺负新八的天人，却也害得新八丢了唯一的工作。气急败坏的新八追随他的脚步来到了位于小酒吧二楼的“万事屋”，随后他发现，“万事屋”的老板，这个叫做坂田银时（杉田智和 配音）的男人，尽管表面上悠闲懒散，但是却有着一颗“坚决贯彻自己的武士道”的正直的心。银时雇佣了新八，在此之后，对这个时代彻底失望的新八渐渐认识了围绕在银时周围的，善良而美好的人们。 动画片改编自漫画家空知英秋的同名漫画，动画一经播出，立刻引发了“银魂”热潮，开创了“吐槽”与“热血”并存的新的动画类型。,https://img9.doubanio.com/view/photo/m_ratio_poster/public/p1948186814.jpg,https://movie.douban.com/subject/4888015/,2026-10-01T18:38:41+08:00,,,,,,,,,,
1424406,星际牛仔,カウボーイビバップ,赏金猎人 / 宇宙牛仔 / Kaubôi bibappu: Cowboy Bebop / Cowboy Bebop,剧集/番剧,是,1998,1990 年代,1998-04-03(日本),1998,9.6,9.0 分以上,5.0,118809,10-50 万,剧情,动作,科幻,3,剧情 动作 科幻,日本,否,日本,日语,25,15-30 分钟,26,渡边信一郎 / 佐藤顺一 / 森邦宏 / 渡边哲哉 / 佐藤育郎 / 山田弘和 / 武井良幸,山寺宏一 / 石冢运升 / 林原惠美 / 多田葵 / 若本规夫,14,33325,443,2071年，随着超光速航行技术的实现，人类得以在太阳系范围内方便的移动，但是由于设计上的失误，这种技术引发了月球的爆炸，无数的月球碎片被吸引向地球，造成了空前绝后的大灾难。存活下来的人类逃离地球，并开始在太阳系各地建立家园。由于这次灾难，国家政府等权利机构都极为不稳定、治安问题也成为了一个难题。有些组织开始允许个人抓捕通缉的罪犯并换取奖金，这就是“赏金猎人”。史派克和杰特是驾驶飞船BEBOP号在宇宙中以捉拿逃犯获取奖金为生的赏金猎人。两人在星际间的旅程中，结识了身负巨债、嗜财如命的美女菲和电脑神童艾德，并收养了拥有高智商的数据狗爱因。从此，四人一狗游荡在广阔之宇宙之中，在自己与他人的生活中经历著种种悲欢离合，也寻找著各自的过去。,https://img3.doubanio.com/view/photo/m_ratio_poster/public/p2011424828.jpg,https://movie.douban.com/subject/1424406/,2026-10-01T18:38:42+08:00,,,,,,,,,,
1431615,攻壳机动队 第一季,攻殻機動隊 STAND ALONE COMPLEX,攻壳机动队 S.A.C. Ghost in the Shell: Stand Alone Complex / 攻壳机动队 STAND ALONE COMPLEX / Ghost in the Shell: Stand Alone Complex,剧集/番剧,是,2002,2000 年代,2002-10-01(日本),2002,9.6,9.0 分以上,5.0,42754,1-5 万,动作,科幻,动画,3,动作 科幻 动画,日本,否,日本,英语 / 日语,24,15-30 分钟,26,神山健治 / 中村隆太郎 / 若林厚史 / 吉原正行 / 下司泰弘 / 橘正纪 / 大原实 / 竹下健一 / 河野利幸 / 布施木一喜,田中敦子 / 大川透 / 家中宏 / 山寺宏一 / 桧山修之,6,8906,101,《攻壳机动队》动画TV版，分2季。 第一季描述：公元2030年，经历了4次世界大战的世界面临更严峻的挑战。随着人类义体化等科技的不断发展，犯罪行为也日渐离奇复杂。为了解决这类案件，日本内务省的直属部队——公安9课，这个对外不存在的特种部队，在队长草薙素子的带领下向恶势力 发起制裁。而面对公安9课的，是高度发达的科技下创造的案件、权力政治斗争的阴谋、与以笑脸男为代表的Stand Alone Complex犯罪。 第二季故事发生在笑脸男事件结束后，公安9课面对了新的敌人，自称“个人的11人”的反政府武装组织开始了计划周密的犯罪，其背后牵扯的战争难民问题更令整个社会的矛盾激化。面对政府与犯罪分子带来的压力，草薙素子再次带领公安9课出动。,https://img3.doubanio.com/view/photo/m_ratio_poster/public/p1993326737.jpg,https://movie.douban.com/subject/1431615/,2026-10-01T18:38:45+08:00,,,,,,,,,,
1782004,哆啦A梦,ドラえもん,机器猫 / 小叮当 / Doraemon / 哆啦A梦大山版,剧集/番剧,是,1979,1990 前,1979-04-02(日本),1979,9.6,9.0 分以上,5.0,205462,10-50 万,喜剧,科幻,动画,3,喜剧 科幻 动画,日本,否,日本,日语,23,15-30 分钟,,楠叶宏三 / 芝山努,大山羡代 / 小原乃梨子 / 野村道子 / 立壁和也 / 肝付兼太,15,28822,195,小学生静儿、大雄、强夫和胖子技安是四个最亲密的伙伴，说是亲密伙伴，是因为他们四个经常在一起玩，但强夫和胖子技安经常欺负大雄。而大雄天生就是被人欺负的对象，他胆小内向，经常被强夫和技安欺负得大哭着跑回家。不过，大雄家里住着来自未来的机器猫——哆啦A梦，哆啦A梦经常会看到大雄被欺负忍不住拿出一些未来世界的“法宝”帮助他，不过大雄大多数都会滥用这些“法宝”去作弄人，最后经常导致局面不可收拾，笑料百出……,https://img2.doubanio.com/view/photo/m_ratio_poster/public/p2510688261.jpg,https://movie.douban.com/subject/1782004/,2026-10-01T18:38:47+08:00,,,,,,,,,,
2057171,银魂,銀魂,Gintama,剧集/番剧,是,2006,2000 年代,2006-04-04(日本),2006,9.6,9.0 分以上,5.0,145577,10-50 万,喜剧,动作,科幻,3,喜剧 动作 科幻,日本,否,日本,日语,25,15-30 分钟,,高松信司 / 藤田阳一 / 松尾衡 / 宅野诚起 / 吉村爱 / 小仓宏文 / 宫胁千鹤 / 森胁真琴 / 南康宏 / 马引圭 / 山崎茂 / 畑博之 / 三宅和男 / 绵田慎也 / 吉村文宏 / 山田弘和 / 大脊户聪 / 菱川直树 / 宫原秀二 / 高木茂树 / 长滨亘彦 / 安藤正臣,杉田智和 / 钉宫理惠 / 阪口大助 / 高桥美佳子 / 雪野五月,24,30994,358,"本作是以科幻时代剧为题材的搞笑漫画。作者的初连载作品。至2005年12月，漫画至第10卷发行为止，累积总计卖出超过500万本。 银魂的OVA于“JUMP FESTA・ANIME TOUR '05（ジャンプフェスタ・アニメツアー'05）”上映。制作单位为SUNRISE（サンライズ）。 银魂的电视动画由2006年4月4日开始, 每周星期二19:00于东京电视台（テレビ東京）播放。制作单位同样为SUNRISE，监督为高松信司。 银魂已游戏化，并将于2006年9月21日推出NDS的生活模拟游戏-‘銀魂 でぃ～えす 万事屋大騒動！’。 江户时代末期（本作的20年前）, 被称为“天人（あまんと）”的谜之异星人来袭。于是地球人与天人之间的战争瞬即爆发，为数众多的武士和攘夷派志士都参与与天人的战斗，幕府见识到天人强大的实力后，最终向天人低头，放弃武士不管，擅自与天人签订不平等条约，准许他们入国。其后更颁布了“废刀令”，夺走了武士的刀，使他们无力反抗。自此，天人横行霸道，幕府为天人所影响，甚至被控制，成为了“傀儡政权”。在这样的时代，有一个武士与同伴愉快地过著异想天开的生活。",https://img9.doubanio.com/view/photo/m_ratio_poster/public/p2267457536.jpg,https://movie.douban.com/subject/2057171/,2026-10-01T18:39:37+08:00,,,,,,,,,,
25732103,排球少年,ハイキュー!!,排球！！ / Haikyuu！ / 排球少年！！,剧集/番剧,是,2014,2010 年代,2014-04-06(日本),2014,9.6,9.0 分以上,5.0,105965,10-50 万,剧情,动画,运动,3,剧情 动画 运动,日本,否,日本,日语,24,15-30 分钟,25,满仲劝 / 大塚隆史 / 平田智浩 / 远藤广隆 / 平向智子 / 镰仓由实 / 石川真理子 / 井端义秀 / 江岛泰男 / 古田丈司 / 铃木孝聪 / 荻原露光 / 菊田幸一 / 神原敏昭 / 丝贺慎太郎 / 村山靖,村濑步 / 石川界人 / 日野聪 / 入野自由 / 林勇,20,29823,133,童年时一次看电视转播的经历，在少年日向翔阳（村濑步 配音）的心中种下了排球的种子。他在初中时代是排球部的主将，可是人丁寥落的排球部始终没有起色，唯一一场比赛也以惨败告终。在此之后，他终于如愿考入梦寐以求的学府乌野高中，并加入了该校的排球部。当年翔阳在电视上看到的正是乌野 高中的比赛，如今这个学校的排球却正面临着衰败的命运。与宿命的对手和好友影山飞雄（石川界人 配音）聚首于此，心怀排球梦想的少年们将团结一心，带领着乌野这名王者再度振翅高飞…… 本片根据古馆春一的漫画原作改编。,https://img2.doubanio.com/view/photo/m_ratio_poster/public/p2178189911.jpg,https://movie.douban.com/subject/25732103/,2026-10-01T18:39:39+08:00,,,,,,,,,,
25984031,JOJO的奇妙冒险 星尘斗士 埃及篇,ジョジョの奇妙な冒険 スターダストクルセイダース エジプト編,JOJO的奇妙冒险 第三季 / JoJo's Bizarre Adventure: Stardust Crusaders: Battle in Egypt,剧集/番剧,是,2015,2010 年代,2015-01-09(日本),2015,9.6,9.0 分以上,5.0,91589,5-10 万,剧情,动作,动画,3,剧情 动作 动画,日本,否,日本,日语,24,15-30 分钟,24,津田尚克 / 加藤敏幸 / 铃木健一 / 副岛惠文 / 町谷俊辅 / 高村雄太 / 藤本次朗 / 江副仁美 / 吉川志我津,小野大辅 / 石冢运升 / 三宅健太 / 平川大辅 / 小松史法,7,17587,56,1989年，日本。 乔纳森·乔斯达与DIO决战后的一百年，DIO复活了。同时，乔瑟夫的孙子，空条承太郎发现自己有幽波纹（替身）能力，DIO的复活影响了没有替身抵抗能力的母亲，陷入病危情况；为了拯救命在旦夕的母亲，承太郎与乔瑟夫出发前往DIO的所在地——埃及。,https://img2.doubanio.com/view/photo/m_ratio_poster/public/p2254773041.jpg,https://movie.douban.com/subject/25984031/,2026-10-01T18:39:41+08:00,,,,,,,,,,
26287119,银魂 第三季,銀魂°,Gintama° / 金·魂,剧集/番剧,是,2015,2010 年代,2015-04-08(日本),2015,9.6,9.0 分以上,5.0,30293,1-5 万,喜剧,动作,科幻,3,喜剧 动作 科幻,日本,否,日本,日语,25,15-30 分钟,51,藤田阳一 / 宫胁千鹤 / 吉村爱 / 永冈智佳 / 小仓宏文 / 南川达马 / 吉泽俊一 / 山口光 / 三宅和男 / 越田知明 / 宫原秀二 / 朝木幸彦 / 木村泰大 / 久保太郎 / 南康宏 / 马引圭,杉田智和 / 钉宫理惠 / 阪口大助 / 山寺宏一,4,4979,30,大人气动画《银魂》的忠实粉丝在经历了漫长的等待之后，终于得到了回报——动画《银魂》第3季将于2015年4月起在东京电视台播出。《银魂》动画改编自漫画家空知英秋连载于《周刊少年Jump》上的同名漫画，是一部别具一格的少年漫画。故事讲述了在一个虚拟架空的宇宙人来袭、价值观突变的江户，在经营着万事屋的坂田银时（杉田智和 配音）、神乐（钉宫理惠 配音)、志村新八（阪口大助 配音）三人以及围绕在他们周围的人身上发生的故事……,https://img9.doubanio.com/view/photo/m_ratio_poster/public/p2269020335.jpg,https://movie.douban.com/subject/26287119/,2026-10-01T18:39:43+08:00,,,,,,,,,,
26754896,夏目友人帐 第五季,夏目友人帳 伍,妖怪联络簿 五(台) / 夏目友人帐Ⅴ / Natsume's Book of Friends 5,剧集/番剧,是,2016,2010 年代,2016-10-04(日本),2016,9.6,9.0 分以上,5.0,65447,5-10 万,剧情,动画,奇幻,3,剧情 动画 奇幻,日本,否,日本,日语,24,15-30 分钟,11,大森贵弘 / 出合小都美,神谷浩史 / 井上和彦 / 石田彰 / 堀江一真 / 菅沼久义,12,11929,103,从小便能看见妖怪的少年夏目贵志。自从他从祖母玲子那里继承了与妖怪成为主从并将其名字书写在上的契约书“友人帐”以来，便与自称为保镖的妖怪猫咪老师一同，开始了将名字返还给妖怪的每一天。夏目与各种各样的妖怪与善良人们相遇，在构筑温暖的场所同时，也反复寄托着想要守护重要之物的想法。,https://img3.doubanio.com/view/photo/m_ratio_poster/public/p2386647830.jpg,https://movie.douban.com/subject/26754896/,2026-10-01T18:39:45+08:00,,,,,,,,,,
26939247,夏目友人帐 第六季,夏目友人帳 陸,妖怪联络簿 六(台) / Natsume's Book of Friends 6 / Natsume Yuujinchou Roku,剧集/番剧,是,2017,2010 年代,2017-04-11(日本),2017,9.6,9.0 分以上,5.0,58516,5-10 万,剧情,动画,奇幻,3,剧情 动画 奇幻,日本,否,日本,日语,24,15-30 分钟,11,大森贵弘 / 出合小都美,神谷浩史 / 井上和彦 / 小林沙苗 / 石田彰 / 堀江一真,12,11516,111,与温柔友人们度过的，值得珍惜的每一天—— 美丽而虚幻的，人与妖的物语。 从小就能看见妖怪的少年·夏目贵志，继承了祖母玲子的遗产“友人帐”，与自称保镖的猫咪老师一起，开始将名字返还给被束缚在友人帐中的妖怪。 通过与妖怪及与之相关的人们接触，开始摸索自己前进之路的夏目，在与心灵相通的朋友们帮助下，设法守护自己重要的每一天。,https://img2.doubanio.com/view/photo/m_ratio_poster/public/p2440659631.jpg,https://movie.douban.com/subject/26939247/,2026-10-01T18:42:13+08:00,,,,,,,,,,
30238385,强风吹拂,風が強く吹いている,Run with the Wind,剧集/番剧,是,2018,2010 年代,2018-10-02(日本),2018,9.6,9.0 分以上,5.0,140674,10-50 万,动画,运动,,2,动画 运动,日本,否,日本,日语,23,15-30 分钟,23,野村和也 / 板津匡览 / 江副仁美 / 佐藤雅子 / 丝贺慎太郎 / 镰田祐辅,大冢刚央 / 丰永利行 / 榎木淳弥 / 上村祐翔 / 内山昂辉,12,49431,509,藏原走（大冢刚央 配音）是一名性格非常内向的大学一年级男生，不善言辞的他总是习惯用跑步来抒发内心里的情感波动。一天深夜，正在跑步的阿走遇见了名叫清濑灰二（丰永利行 配音）的男子，这个散发着独特魅力的男人主动向阿走搭话，并且向阿走介绍了他所居住的名为竹青庄的公寓。 就这样，阿走在半推半就之下成为了竹青庄的第10名住户。虽然日常打打闹闹但相互非常信赖的城太郎兄弟、被称之为神童，但阿走却觉得他有些古怪的杉山高志（内山昂辉 配音）、热衷于看电视猜谜节目的坂口洋平（北泽力 配音）、性格轻浮却异常讨厌烟味的高材生岩仓雪彦（兴津和幸 配音），和阿走共享着这幢破旧的公寓的，是这些性格稀奇古怪的人们。,https://img3.doubanio.com/view/photo/m_ratio_poster/public/p2535645337.jpg,https://movie.douban.com/subject/30238385/,2026-10-01T18:44:37+08:00,,,,,,,,,,
3538051,哆啦A梦,ドラえもん,新哆啦A梦 / 机器猫 / 小叮当 / 哆啦A梦水田版,剧集/番剧,是,2005,2000 年代,2005-04-15(日本),2005,9.6,9.0 分以上,5.0,27802,1-5 万,喜剧,科幻,动画,3,喜剧 科幻 动画,日本,否,日本,日语,24,15-30 分钟,,楠叶宏三 / 渡边步 / 善聪一郎 / 八锹新之介 / 大杉宜弘 / 宫本幸裕 / 高桥涉 / 高桥敦史 / 寺本幸代 / 今井一晓 / 小仓宏文 / 矢岛哲生 / 宫下新平 / 高桥谦仁 / 佐藤真人 / 村野佑太 / 佐佐木纯人 / 江岛泰男 / 铃木卓夫 / 茉田哲明 / 秦义人 / 古贺一臣 / 五月女有作 / 金子祥之 / 钉宫洋 / 松村树里亚 / 吉田光春 / 铃木孝聪 / 松园公 / 筱崎康行 / 矢花馨 / 三上喜子 / 三家本泰美 / 腰繁男 / 佐土原武之 / 根岸宏树 / 饭村正之 / 安藤敏彦 / 藤仓拓也 / 古屋胜悟 / 福本洁 / 大关雅幸 / 岩田义彦 / 山冈实 / 大塚隆宽 / 西田健一 / 堂山卓见,水田山葵 / 大原惠美 / 嘉数由美 / 关智一 / 木村昴,32,4202,25,1969年，著名日本漫画家藤子·F·不二雄（藤本弘）创作出圆脑袋、蓝身体、拥有神奇道具的百宝袋的哆啦A梦，在此之后，这个可爱的角色迅速窜红，享誉海内外，成为最成功的漫画角色之一。随着1979年同名动画开播，哆啦A梦更走入千家万户，带给所有的拥趸无数甜蜜美好的回忆。即使藤本弘老师去世后，哆啦A梦也并未停止他前进的脚步，他和大雄、静香、小夫、胖虎等好友继续引领着大朋友、小朋友们，开始一次又一次的全新冒险。 2005年，TV动画版《哆啦A梦》第二作在中止一个月左右后重返荧屏，而与后期剧场版相呼应的全新且更贴近原著的画风则仿佛昭示着一个新时代的到来。毕竟我们最熟悉的朋友从未远去，他以更纯真的面孔回到我们的身边！,https://img3.doubanio.com/view/photo/m_ratio_poster/public/p2100245550.jpg,https://movie.douban.com/subject/3538051/,2026-10-01T18:46:59+08:00,,,,,,,,,,
5967223,夏目友人帐 第三季,夏目友人帳 参,Natsume's Book of Friends 3 / 夏目友人帐Ⅲ,剧集/番剧,是,2011,2010 年代,2011-07-04(日本),2011,9.6,9.0 分以上,5.0,106675,10-50 万,剧情,动画,奇幻,3,剧情 动画 奇幻,日本,否,日本,日语,24,15-30 分钟,13,大森贵弘 / 植田秀仁 / 高桥秀弥 / 园田雅裕 / 松田清 / 久木晃嗣,神谷浩史 / 井上和彦 / 小林沙苗 / 石田彰 / 堀江一真,8,15081,102,现正在白泉社旗下的少女漫画杂志《LaLa》上刊载的《夏目友人帐》，于白泉社的《夏目友人帐》官网上突然更新了一个天大喜讯——在2月24号发售的《LaLa 4月号》，《夏目友人帐》将会迎来一个重大发表! 是TV动画第三期吗? 这对于夏目的fans来说也是值得高兴的消息。《夏目友人帐》的故事主要是说男主角夏目贵志，继承了祖母夏目玲子拥有看到妖怪的力量，而且因为祖母年轻时曾夺取了不少妖怪的名字，并把名字都记在了《友人帐》上，使不少妖怪会来找夏目希望拿回自己的名字。每一集都会描述妖怪和妖怪，或妖怪和人类的故事，把各种交错的心灵，迭交的思念，还有人与妖怪的种种隔阂都描写出来，是一部既治愈温暖又带点哀伤的佳作。《夏目友人帐》曾两度TV动画化，所以对于今次的重大发表，当然是期待第三季的来临了！,https://img9.doubanio.com/view/photo/m_ratio_poster/public/p2210833325.jpg,https://movie.douban.com/subject/5967223/,2026-10-01T18:49:19+08:00,,,,,,,,,,
6855097,夏目友人帐 第四季,夏目友人帳 肆,妖怪联络簿 四(台) / 夏目友人帐Ⅳ / Natsume's Book of Friends Ⅳ / 夏目友人帐 第四季,剧集/番剧,是,2012,2010 年代,2012-01-02(日本),2012,9.6,9.0 分以上,5.0,89839,5-10 万,动画,奇幻,,2,动画 奇幻,日本,否,日本,日语,24,15-30 分钟,13,大森贵弘 / 小岛正幸 / 黑柳利充 / 园田雅裕 / 出合小都美 / 松田清,神谷浩史 / 井上和彦 / 小林沙苗 / 石田彰,4,14006,95,高中生夏目本来可以拥有平凡的高中生活，但是，他却能看到妖怪，并因此而苦恼。很多次，他都差点被妖怪夺去性命。 一次偶然的机会，夏目巧遇猫神。猫神告诉他，夏目的外婆玲子有一本“友人帐”上面记录了所有被玲子打败的妖怪的名字，玲子死后，妖怪为夺回名字，才纠缠夏目。只有把妖怪的名字还给他们，夏目才能恢复宁静的生活。 为了回到宁静的生活，夏目与猫神拿着“友人帐”开始了寻妖之旅，一段段关于妖怪的感人故事，就这样被引出。,https://img3.doubanio.com/view/photo/m_ratio_poster/public/p1971342267.jpg,https://movie.douban.com/subject/6855097/,2026-10-01T18:51:44+08:00,,,,,,,,,,
1453238,海贼王,ワンピース,航海王 / One Piece,剧集/番剧,是,1999,1990 年代,1999-10-20(日本),1999,9.5,9.0 分以上,5.0,207227,10-50 万,喜剧,动作,动画,3,喜剧 动作 动画,日本,否,日本,日语,24,15-30 分钟,,宇田钢之介 / 志水淳儿 / 境宗久 / 宮元宏彰 / 长峰达也 / 山内重保 / 大塚隆史 / 贝泽幸男,田中真弓 / 冈村明美 / 中井和哉 / 山口胜平 / 平田广明,52,36400,743,传奇海盗哥尔•D•罗杰在临死前曾留下关于其毕生的财富“One Piece”的消息，由此引得群雄并起，众海盗们为了这笔传说中的巨额财富展开争夺，各种势力、政权不断交替，整个世界进入了动荡混乱的“大海贼时代”。 生长在东海某小村庄的路飞受到海贼香克斯的精神指引，决定成为一名出色的海盗。为了达成这个目标，并找到万众瞩目的One Piece，路飞踏上艰苦的旅程。一路上他遇到了无数磨难，也结识了索隆、娜美、乌索普、香吉、罗宾等一众性格各异的好友。他们携手一同展开充满传奇色彩的大冒险…… 本片根据日本漫画家尾田荣一郎超人气漫画原作《One Piece》改编。,https://img3.doubanio.com/view/photo/m_ratio_poster/public/p2928287870.jpg,https://movie.douban.com/subject/1453238/,2026-10-01T18:54:06+08:00,,,,,,,,,,
1456579,海绵宝宝 第一季,SpongeBob SquarePants Season 1,,剧集/番剧,是,1999,1990 年代,1999-05-01(美国),1999,9.5,9.0 分以上,5.0,81322,5-10 万,喜剧,动画,家庭,3,喜剧 动画 家庭,美国,否,美国,英语 / 爱尔兰盖尔语,23,15-30 分钟,20,Alan Smart,汤姆·肯尼 / Bill Fagerbakke / Rodger Bumpass / 克兰西·布朗 / 迪·布莱德利·贝克,7,15645,63,海绵宝宝是一块穿着短裤衬衫打领带、暴牙大眼睛的黄色海绵，他生活在太平洋中央一片名为比基尼的海底之下。这里风和日丽，平静祥和，生活无忧无虑。海绵宝宝住在一个菠萝形状的房子里，与之为伴的是他的宠物小蜗（蜗牛）。开朗、纯真的海绵宝宝有许多好朋友，比如乐观单纯的派大星、性格古怪的章鱼哥、自私市侩的蟹老板还有力大无穷的松鼠珊蒂。平时他都在蟹老板的快餐店里打工，闲暇时就和好朋友们四处玩乐。这群性格各异的家伙们凑在一起，可真是闹出不少的笑话…… 本片为美国最受欢迎的电视系列动画之一，在2003~2009年期间，曾经7年当选美国儿童选择奖最受欢迎的动画片。,https://img3.doubanio.com/view/photo/m_ratio_poster/public/p2627893819.jpg,https://movie.douban.com/subject/1456579/,2026-10-01T18:56:32+08:00,,,,,,,,,,
1460915,混沌武士,サムライチャンプルー,杂烩武士 / 琉球狂侍 / 琉球武士疯云录 / Samurai Champloo,剧集/番剧,是,2004,2000 年代,2004-05-19(日本),2004,9.5,9.0 分以上,5.0,95778,5-10 万,动作,动画,冒险,3,动作 动画 冒险,日本,否,日本,日语,23,15-30 分钟,26,渡边信一郎 / 中泽一登 / 山本沙代 / 村濑修功 / 横山彰利 / 吉本毅 / 笹岛启一 / 恒松圭 / 三好正人 / 远藤广隆 / 井之川慎太郎 / 熨斗谷充孝,川澄绫子 / 中井和哉 / 佐藤银平 / 河野靖 / 乡里大辅,79,26343,265,故事背景为日本的江户时代，风是一家小茶馆的侍女，这天茶馆里来了一群地方恶霸，其中地方官儿子龙次郎尤其欺人太甚。风因为意外得罪了龙次郎，情急之下，茶馆内一名无职浪人“无幻”出手救了风。另一方面，地方官正在欺压老百姓，流浪武士“仁”路见不平拔剑相助，杀死了地方官身边的四个“高手”保镖，救下了穷人，因此得罪了地方官。 随后，无幻和仁在茶馆里相遇并交手，忽然一场大火将他们困住，二人随之被捕。因儿子在大火中丧生，恼羞成怒的地方官勒令将二人砍首。砍首之日二人大闹刑场，并且在风的帮助下，从刑场中逃出来了。作为代价，风要求他们一起去寻找一个身上“带着向日葵香味”的武士。从此，三人展开了一场奇幻的旅程。 《混沌武士》由渡边信一郎监督，全片彰显了独特的浮世绘加现代Hip-Hop风格。本动画获选为2004年第八回日本文部省文化厅媒体艺术祭动画部门推荐的作品。,https://img3.doubanio.com/view/photo/m_ratio_poster/public/p2330163082.jpg,https://movie.douban.com/subject/1460915/,2026-10-01T18:58:54+08:00,,,,,,,,,,
1460919,全职猎人,Hunter x Hunter,猎人,剧集/番剧,是,1999,1990 年代,1999-10-16(日本),1999,9.5,9.0 分以上,5.0,66213,5-10 万,喜剧,动画,冒险,3,喜剧 动画 冒险,日本,否,日本,日语,23,15-30 分钟,62,古桥一浩 / 加藤敏幸 / 细田雅弘 / 元永庆太郎 / 宫下新平 / 铃木芳成 / 吉田俊司 / 福岛宏之 / 津田义三 / 嵯峨敏 / 铃木孝义,竹内顺子 / 甲斐田幸 / 三桥加奈子 / 乡田穗积 / 高桥广树,5,16009,153,小杰的父亲是名顶级猎人，却在他很小时就离开了他。多年后，天资聪慧生性善良的他也决定成为一名猎人，并借此去寻找素未谋面的父亲。 在考取猎人证的过程中，小杰结识了杀手家族出身的奇犽，火眼睛族的唯一幸存者库拉皮卡和想要成为救济穷人的医生的雷欧力。并且和西索，一个视强者为猎物的神秘魔术师形成亦敌亦友的关系。 经过重重考验，小杰顺利拿到猎人证，可是对小杰来说，考验才刚刚开始。,https://img9.doubanio.com/view/photo/m_ratio_poster/public/p2158657076.jpg,https://movie.douban.com/subject/1460919/,2026-10-01T19:01:20+08:00,,,,,,,,,,
1970134,数码宝贝,デジモンアドベンチャー,数码暴龙 / 数码兽大冒险 / Digimon: Digital Monsters / Digimon,剧集/番剧,是,1999,1990 年代,1999-03-07(日本),1999,9.5,9.0 分以上,5.0,148974,10-50 万,动作,动画,惊悚,3,动作 动画 惊悚,日本,否,日本,日语,30,15-30 分钟,54,角铜博之 / 芝田浩树 / 川田武范 / 今村隆宽 / 今泽哲男 / 早川启二 / 志水淳儿 / 吉泽孝男 / 小坂春女 / 中村哲治 / 细田守,藤田淑子 / 风间勇刀 / 水谷优子 / 天神有海 / 前田爱,16,26714,158,1999年，由于数码世界资料异常增生，导致数码世界和现实世界的连接发生紊乱。地球上相应地出现奇怪的自然现象：东南亚没有下雨，池塘全部干涸；中东却因为连场大雨发生洪水；美国则遇到有史以来最寒冷的冬天。 11岁的少年八神太一（藤田淑子 配音），和伙伴石田大和（风间勇刀 配音）、武之内空（水谷优子 配音）、泉光子郎（天神有海 配音）、太刀川美美（前田爱 配音）、城户丈（菊池正美 配音）、高石武（小西寛子 配音）一起参加了夏令营，一次意外却被神秘地送到了一个多彩的数码世界。在那里，他们得到了叫做“数码宝贝”的搭档。进入数码世界后，八神太一一行人遇到了凶恶的怪兽贝壳兽，眼看大家都要被抓住的时候，太一的亚古兽忽然进化成为暴龙兽，拯救了他们。进化到底是怎么回事情？数码世界究竟是什么？无数的谜团出现在被召选的小朋友们面前，精彩的冒险就这样开始了……,https://img3.doubanio.com/view/photo/m_ratio_poster/public/p2554018582.jpg,https://movie.douban.com/subject/1970134/,2026-10-01T19:01:21+08:00,,,,,,,,,,
25715364,成龙历险记 第三季,Jackie Chan Adventures Season 3,,剧集/番剧,是,2002,2000 年代,2002-09-14(美国),2002,9.5,9.0 分以上,5.0,29414,1-5 万,动画,家庭,奇幻,3,动画 家庭 奇幻,美国 / 中国香港,否,美国,英语,22,15-30 分钟,17,,成龙 / 詹姆士·谢 / 夏野萨博,3,2062,5,,https://img9.doubanio.com/view/photo/m_ratio_poster/public/p2546212236.jpg,https://movie.douban.com/subject/25715364/,2026-10-01T19:01:24+08:00,,,,,,,,,,
25715365,成龙历险记 第四季,Jackie Chan Adventures Season 4,,剧集/番剧,是,2003,2000 年代,2003-09-13(美国),2003,9.5,9.0 分以上,5.0,27419,1-5 万,动画,家庭,奇幻,3,动画 家庭 奇幻,美国 / 中国香港,否,美国,英语,22,15-30 分钟,13,,成龙 / 詹姆士·谢 / 夏野萨博,3,1861,4,,https://img3.doubanio.com/view/photo/m_ratio_poster/public/p2548566619.jpg,https://movie.douban.com/subject/25715365/,2026-10-01T19:01:25+08:00,,,,,,,,,,
25715367,成龙历险记 第五季,Jackie Chan Adventures Season 5,,剧集/番剧,是,2004,2000 年代,2004-09-11(美国),2004,9.5,9.0 分以上,5.0,28524,1-5 万,动画,家庭,奇幻,3,动画 家庭 奇幻,美国 / 中国香港,否,美国,英语,22,15-30 分钟,13,,成龙 / 詹姆士·谢 / 夏野萨博,3,2438,4,,https://img3.doubanio.com/view/photo/m_ratio_poster/public/p2550461549.jpg,https://movie.douban.com/subject/25715367/,2026-10-01T19:01:27+08:00,,,,,,,,,,
25813424,乒乓,ピンポン THE ANIMATION,Ping Pong The Animation,剧集/番剧,是,2014,2010 年代,2014-04-10(日本),2014,9.5,9.0 分以上,5.0,60917,5-10 万,剧情,动画,运动,3,剧情 动画 运动,日本,否,日本,日语 / 汉语普通话,23,15-30 分钟,11,汤浅政明 / 荒川真嗣 / 伊藤秀树 / 伊藤良太 / 上野史博 / 久保田雄大 / 宇都宫正记,片山福十郎 / 内山昂辉 / 咲野俊介 / 木村昴 / 文晔星,7,21232,230,片濑高中的新生“阿扁”星野裕（片山福十郎 配音）和“笑爷”月本诚（内山昂辉 配音）是同出自一个乒乓球道场的朋友。阿扁个性张扬，爱说爱笑，由于对球技信心十足，因此根本不把乒乓球部的同期和前辈放在眼里。与之相对，笑爷内敛冷静，对于取胜这件事似乎根本没有半点强烈的欲望，潜意识中他更希望像机器人一般不被人注意到。为了迎接即将到来的高中联赛，乒乓球部顾问小泉老师（屋良有作 配音）选定月本进行操练。与此同时，附近的辻堂学院高中转来了被踢出国家队的中国选手孔文革（文晔星 饰），此人恃才傲物，完全不把技术底下的日本选手放在眼里。另一方面，高手云集的海王学院高中也蓄势待发，备战接下来的大赛。方寸球桌，战况激烈…… 本片根据松本大洋的同名原作改编。,https://img3.doubanio.com/view/photo/m_ratio_poster/public/p2166828587.jpg,https://movie.douban.com/subject/25813424/,2026-10-01T19:01:29+08:00,,,,,,,,,,
27011740,夏目友人帐 第五季 特别篇 一夜酒杯,夏目友人帳 伍 特別編 一夜盃,ひとよさかずき,电影,是,2017,2010 年代,2017-03-22(日本),2017,9.5,9.0 分以上,5.0,20709,1-5 万,剧情,动画,,2,剧情 动画,日本,否,日本,日语,24,15-30 分钟,,大森贵弘 / 出合小都美,神谷浩史 / 井上和彦 / 小林沙苗 / 伊藤美纪 / 伊藤荣次,11,3312,12,第5期Blu-ray/DVDに収録の新作エピソード。それぞれ前編・後編と、連続したエピソードとなっている。 脚本 吉永亜矢 絵コンテ 寺東克己 演出 小林孝志 作画監督 川添政和、伊藤秀樹、宗崎暢芳、青野厚司、合田真さ美 総作画監督 伊藤秀樹,https://img2.doubanio.com/view/photo/m_ratio_poster/public/p2454093081.jpg,https://movie.douban.com/subject/27011740/,2026-10-01T19:01:31+08:00,,,,,,,,,,
27011763,灵能百分百 II,モブサイコ100 II,路人超能100第二季(台) / 灵能百分百 第二季 / 灵能百分百2 / モブサイコ100 第2期 / Mob Psycho 100 II,剧集/番剧,是,2019,2010 年代,2019-01-07(日本),2019,9.5,9.0 分以上,5.0,121495,10-50 万,剧情,动画,奇幻,3,剧情 动画 奇幻,日本,否,日本,日语,24,15-30 分钟,13,立川让 / 大矢雄嗣 / 藤泽研一 / 重原克也 / 三宅将平 / 莲井隆弘 / 飞田刚 / 曾根利幸 / 竹内浩志 / 伍柏谕 / 土上树,伊藤节生 / 樱井孝宏 / 大塚明夫 / 入野自由 / 松冈祯丞,7,25747,88,想要过普通生活的中学2年生·影山茂夫，通称“龙套”。有着一瞬间就会混杂在人群中的不起眼外表的他，实际上拥有比任何人都要强力的超能力……这样的龙套与周围人们之间的青春与恋爱，静静地累积直至爆发的种种感情。以及，曾经阻挡在龙套面前的神秘组织“爪”的再临。正处青春期的少年的灵魂在咆哮，他的明天究竟会走向何方！？,https://img9.doubanio.com/view/photo/m_ratio_poster/public/p2540111206.jpg,https://movie.douban.com/subject/27011763/,2026-10-01T19:01:34+08:00,,,,,,,,,,
27121232,夏目友人帐 第六季 特别篇 铃响的残株,夏目友人帳 陸 特別編 鈴鳴るの切り株,夏目友人帐 第六季 OVA,电影,是,2017,2010 年代,2017-09-27(日本),2017,9.5,9.0 分以上,5.0,23427,1-5 万,剧情,动画,奇幻,3,剧情 动画 奇幻,日本,否,日本,日语,23,15-30 分钟,,大森贵弘 / 出合小都美,神谷浩史 / 井上和彦 / 伊藤美纪 / 伊藤荣次 / 堀江一真,16,4594,9,2017年4月番《夏目友人帐第六季》开播，作品第四卷BD公布，其中将收录TV开播特别篇《鈴鳴るの切り株》，还有“SOUND　THEATRE×夏目友人帳　～音劇の章　2018～”门票先行销售的申请券封入！预计9月27日发售,https://img9.doubanio.com/view/photo/m_ratio_poster/public/p2497232204.jpg,https://movie.douban.com/subject/27121232/,2026-10-01T19:01:36+08:00,,,,,,,,,,
27666505,JOJO的奇妙冒险 黄金之风,ジョジョの奇妙な冒険 黄金の風,JOJO的奇妙冒险 第五季 / JoJo's Bizarre Adventure: Golden Wind,剧集/番剧,是,2018,2010 年代,2018-10-06(日本),2018,9.5,9.0 分以上,5.0,91379,5-10 万,动画,奇幻,冒险,3,动画 奇幻 冒险,日本,否,日本,日语,24,15-30 分钟,39,津田尚克 / 高桥秀弥 / 木村泰大 / 南川达马 / 江岛泰男 / 铃木恭兵 / 龟井隆广 / 宫岛善博 / 江副仁美 / 藤本次朗 / 高桥贤 / 村田光 / 长田伸二 / 三上喜子 / 左藤洋二 / 高桥谦仁 / 青柳宏宜,小野贤章 / 中村悠一 / 诹访部顺一 / 鸟海浩辅 / 山下大辉,8,21386,122,住在意大利那不勒斯的青年乔鲁诺·乔巴拿，是继承了乔斯达家宿敌·DIO之血脉的儿子。 幼年时遭受迫害而自暴自弃的他，由于拯救了一名黑帮男子，而学到了“相信他人”。不忘恩义、带着敬意对待自己的黑帮，让他的心变得率直。就这样，乔鲁诺开始对“黑帮明星”怀有憧憬。15岁的乔鲁诺，与统领意大利黑社会的黑帮组织“热情”一同引发事端，并成为被盯上的目标……,https://img9.doubanio.com/view/photo/m_ratio_poster/public/p2536255775.jpg,https://movie.douban.com/subject/27666505/,2026-10-01T19:01:37+08:00,,,,,,,,,,
3230813,团子大家族 第二季,CLANNAD ～AFTER STORY～,团子大家族2 / クラナド アフターストーリー,剧集/番剧,是,2008,2000 年代,2008-10-02(日本),2008,9.5,9.0 分以上,5.0,46193,1-5 万,剧情,喜剧,爱情,3,剧情 喜剧 爱情,日本,否,日本,日语,24,15-30 分钟,22,石原立也 / 山田尚子 / 石立太一 / 高雄统子 / 坂本一也 / 北之原孝将,中村悠一 / 中原麻衣 / 兴梠里美 / 置鲇龙太郎 / 井上喜久子,34,11161,193,【STAFF】 原作：Key/ビジュアルアーツ 监督：石原立也 系列构成・脚本：志茂文彦 人物原案：樋上いたる 人物设定・总作画监督：池田和美 动画制作：京都アニメーション 【CAST】 冈崎朋也：中村悠一 古河　渚：中原麻衣 藤林　杏：広橋　涼 藤林　椋：神田朱未 坂上智代：桑島法子 伊吹风子：野中　藍 一之濑琴美：能登麻美子 春原阳平：阪口大助 古河秋生：置鮎龍太郎 古河早苗：井上喜久子 相乐美佐枝：雪野五月 宮沢有紀寧：榎本温子 【主题歌】 OP：時を刻む唄（曲：麻枝准・折戸伸治、ボーカル：Lia） ED：TORCH（曲：折戸伸治、ボーカル：Lia）,https://img9.doubanio.com/view/photo/m_ratio_poster/public/p2221182844.jpg,https://movie.douban.com/subject/3230813/,2026-10-01T19:01:39+08:00,,,,,,,,,,
3284269,夏目友人帐 第二季,続 夏目友人帳,续 夏目友人帐,剧集/番剧,是,2009,2000 年代,2009-01-05(日本),2009,9.5,9.0 分以上,5.0,130295,10-50 万,剧情,动画,奇幻,3,剧情 动画 奇幻,日本,否,日本,日语,24,15-30 分钟,13,大森贵弘 / 植田秀仁 / 中野英明 / 清水久敏 / 高田淳,神谷浩史 / 井上和彦 / 石田彰 / 小林沙苗 / 伊藤美纪,10,17380,133,夏目的祖母玲子可以看见妖怪，并有很强的力量。但是被周围人疏远的她很早就离开了人世，只留下一本友人帐。友人帐里记录了曾经被玲子打败的妖怪的名字，且这些妖怪必须守护友人帐的主人。玲子去世后，这本友人帐留给了夏目。强大的友人帐吸引了各种妖怪的造访，给夏目带来不少麻烦，但是也引领夏目不断成长着。 夏目追寻妖怪的记忆不断了解自己的祖母玲子，由于异于常人的禀赋，玲子在人群中总是形单影只异常的孤单。深深理解玲子的夏目一心想要找到能够理解自己内心的人，也在这个过程中看到自己和祖母的不同之处。虽然生命似乎总是弥漫着孤寂的味道，但是如果找到想要守护的人，那是很幸福的吧。 在这样一个由冬入春的时节，夏目和他的猫咪老师带给我们一阵阵暖流。,https://img9.doubanio.com/view/photo/m_ratio_poster/public/p2221082675.jpg,https://movie.douban.com/subject/3284269/,2026-10-01T19:01:41+08:00,,,,,,,,,,
3430169,钢之炼金术师FA,鋼の錬金術師 FULLMETAL ALCHEMIST,钢之炼金术师 FULLMETAL ALCHEMIST / 钢之炼金术师2009 / Fullmetal Alchemist: Brotherhood,剧集/番剧,是,2009,2000 年代,2009-04-05(日本),2009,9.5,9.0 分以上,5.0,157892,10-50 万,剧情,动作,动画,3,剧情 动作 动画,日本,否,日本,日语,24,15-30 分钟,64,入江泰浩 / 博史池畠 / 三宅和男 / 池添隆博 / 佐藤育郎 / 筑紫大介 / 石田畅 / 矢吹勉 / 宫原秀二 / 佐藤清光 / 荻原露光 / 末田宜史 / 清水久敏 / 内田信吾 / 田中孝行 / 园田雅裕 / 小山田桂子 / 上田繁 / 友永和秀,朴璐美 / 钉宫理惠 / 高本惠 / 三木真一郎 / 折笠富美子,25,37780,418,炼金术，一种建立在等价交换原则基础上的科学，将物质进行理解、分解、再构造，将一种物品变成另外一种。但是，这样先进的技术却不能进行人体炼成，这是炼金术绝对的禁忌。可是，拥有极高炼金术天赋的爱德华（朴璐美 配音）和阿尔冯斯（钉宫理恵 配音）兄弟，因为对母亲极大的思念不惜触犯禁忌。而最终的代价却是，爱德华失去了一条手臂和一条腿，弟弟阿尔冯斯只能将灵魂依附在一副巨大的装甲之内。终于明白一切的兄弟俩，为了恢复原状，寻求更多的炼金术知识，成为国家炼金术师踏上了寻找终极炼金物品——贤者之石的旅程。在不断的探索中，两兄弟终于发现了贤者之石背后的真相，对身处的这个军事化国家也有了更深入的了解。此时，面对国家、民族、家庭……炼金术的未来究竟在何处。,https://img9.doubanio.com/view/photo/m_ratio_poster/public/p2225808366.jpg,https://movie.douban.com/subject/3430169/,2026-10-01T19:01:43+08:00,,,,,,,,,,
35634023,灵能百分百 Ⅲ,モブサイコ100 III,路人超能100 Ⅲ / Mob Psycho 100 Ⅲ / 灵能百分百 第三季,剧集/番剧,是,2022,2020 年代,2022-10-05(日本),2022,9.5,9.0 分以上,5.0,73231,5-10 万,动画,奇幻,,2,动画 奇幻,日本,否,日本,日语,23,15-30 分钟,12,莲井隆弘,伊藤节生 / 樱井孝宏 / 大塚明夫 / 入野自由 / 松冈祯丞,5,19856,100,平凡的中学二年级少年影山茂夫，因其微弱的存在感而遭人戏称为“路人”，但不起眼的他其实是强大的天生超能力者。,https://img3.doubanio.com/view/photo/m_ratio_poster/public/p2875583707.jpg,https://movie.douban.com/subject/35634023/,2026-10-01T19:01:44+08:00,,,,,,,,,,
36463368,夏目友人帐 第七季,夏目友人帳 漆,夏目友人帐 柒,剧集/番剧,是,2024,2020 年代,2024-10-07(日本),2024,9.5,9.0 分以上,5.0,24287,1-5 万,剧情,动画,奇幻,3,剧情 动画 奇幻,日本,否,日本,日语,24,15-30 分钟,12,大森贵弘 / 伊藤秀树,神谷浩史 / 井上和彦,2,8856,46,「夏目友人帐」第7季动画制作决定。,https://img3.doubanio.com/view/photo/m_ratio_poster/public/p2912426882.jpg,https://movie.douban.com/subject/36463368/,2026-10-01T19:01:47+08:00,,,,,,,,,,
6874354,怪诞小镇 第一季,Gravity Falls Season 1,神秘小镇大冒险(台),剧集/番剧,是,2012,2010 年代,2012-06-16(美国),2012,9.5,9.0 分以上,5.0,47076,1-5 万,喜剧,动画,家庭,3,喜剧 动画 家庭,美国,否,美国,英语,22,15-30 分钟,20,约翰·青岛崇 / 乔·皮特 / 亚伦·施普林格,杰森·雷特 / 克里斯汀·沙尔 / 亚历克斯·赫什 / 琳达·卡德里尼 / 弗雷德·塔特西奥,13,10294,25,暑假到了，双胞胎姐弟俩梅宝（克里斯汀·沙尔 Kristen Schaal 配音）和迪普（杰森·雷特 Jason Ritter 配音）被爸妈赶到一个偏僻小镇“重力泉”过暑假，在这里，他们的斯坦叔公经营着一家专门敲诈游客的旅游景点“神秘小屋”，其中有着各种各样稀奇古怪的东西。然而更让人感到毛骨悚然的，则是这个怪诞小镇里的森林。为人慎重、头脑聪明的迪普觉察到森林的异样，继而发现了一本埋在地下的神秘笔记本，里面记载着存在于神秘小镇的不为人知的秘密。乐天派的梅宝和机智的迪普，结识了神秘小屋的店员温蒂和苏斯，还遇到各种奇妙的小镇居民。在怪诞小镇重力泉，他们经历了一系列奇异事件，小矮人，湖怪，蜡像，通灵者，他们这个暑假注定不平凡。,https://img3.doubanio.com/view/photo/m_ratio_poster/public/p2630192862.jpg,https://movie.douban.com/subject/6874354/,2026-10-01T19:01:48+08:00,,,,,,,,,,
1308892,新世纪福音战士剧场版：Air/真心为你,新世紀エヴァンゲリオン劇場版 Air/まごころを、君に,新世纪福音战士剧场版：咏叹调/真心为你 / The End of Evangelion: Episode 25': Love is Destructive/One More Final: I Need You,电影,是,1997,1990 年代,1997-07-19(日本),1997,9.4,9.0 分以上,4.5,105173,10-50 万,剧情,科幻,动画,3,剧情 科幻 动画,日本,否,日本,日语,87,60-100 分钟,,庵野秀明 / 鹤卷和哉,绪方惠美 / 林原惠美 / 三石琴乃 / 宫村优子 / 山口由里子,22,22414,230,神秘的EVA零号机驾驶员绫波丽，在与碇元度约定之时，来到了NERV底层中央教条的红色水池边。她的命运似乎就将在此结束。 在危急时刻，葛城美里不但要完成加持良治交待的对“第二次浩劫”真相以及“人类补完计划”的探查工作，还要保护碇真嗣与明日香，以及防备SEELE 对初号机与二号机的物理接触。 出于对碇元度的憎恨，赤木律子接受了SEELE引爆MAGI的提案，她能否成功？长期与SEELE共事的碇元度、冬月耕造、碇唯，为了防止人类“最终的悲剧”，而酝酿了的“人类补完计划”能否实现？尽在《新世纪福音战士》电影版第2部中解答。,https://img3.doubanio.com/view/photo/m_ratio_poster/public/p2250316512.jpg,https://movie.douban.com/subject/1308892/,2026-10-01T19:01:50+08:00,,,,,,,,,,
1782006,七龙珠,ドラゴンボール,龙珠 / Dragonball,剧集/番剧,是,1986,1990 前,1986-02-26(日本),1986,9.4,9.0 分以上,4.5,105323,10-50 万,喜剧,动画,奇幻,3,喜剧 动画 奇幻,日本,否,日本,日语,25,15-30 分钟,153,西尾大介,野泽雅子 / 八奈见乘儿 / 鹤弘美,3,15349,91,很久很久以前，曾流传着这样一个传说：世界各地散落着七颗龙珠，只要集齐这些珠子，就可召唤出神龙，而神龙可以帮助你实现任何一个愿望。 住在深山中的小悟空本领高强，偶然的机会他随时尚少女布尔玛走出大山，四处寻找传说中的龙珠。期间碰上好色的鬼仙人与乌龙、一碰女人就面红耳赤的乐平、自大的小和尚克林，经历了各种各样的艰险和奇遇，也惹出一连串爆笑的故事。当然还有许多邪恶的家伙为了满足私欲寻找龙珠，与小悟空他们展开了连番激斗…… 根据鸟山明同名漫画改编。,https://img3.doubanio.com/view/photo/m_ratio_poster/public/p2190442032.jpg,https://movie.douban.com/subject/1782006/,2026-10-01T19:01:52+08:00,,,,,,,,,,
1800597,虫师,蟲師,むしし / mushishi / 虫师,剧集/番剧,是,2005,2000 年代,2005-10-22(日本),2005,9.4,9.0 分以上,4.5,107383,10-50 万,剧情,动画,悬疑,3,剧情 动画 悬疑,日本,否,日本,日语,24,15-30 分钟,26,长滨博史 / 今泉贤一 / 长井龙雪 / 长峰达也 / 山崎理 / 五十岚卓哉 / 宫下新平 / 成田岁法 / 五月女浩一朗 / 真野玲 / 井之川慎太郎 / 宫田亮,中野裕斗 / 土井美加 / 泽城美雪 / 上田祐司 / 名冢佳织,6,24476,422,“虫”既不是动物，也不是微生物，而是一种自然界中无处不在的力量，拥有独特的生命形态，偶尔和人类生命产生交汇，便生出一些奇妙的故事。但人们即使得知了“虫”的存在，大部分时候也不知如何应对，这便需要“虫师”出马。 银古就是一位虫师，他一头银发，年纪尚轻，但已经半生游历，经过一个个山野、村庄，为人们解决“虫”的问题，通过和被“虫”困扰的人们接近，他也接近了许多故事。银古的游历像风一样，再惊心动魄的“虫”似乎都融化在水墨样的山峦叠嶂间，芸芸众生也是过眼云烟，淡淡的故事里没有哀伤只有静穆。,https://img3.doubanio.com/view/photo/m_ratio_poster/public/p2242716237.jpg,https://movie.douban.com/subject/1800597/,2026-10-01T19:01:55+08:00,,,,,,,,,,
2340927,怪化猫,モノノ怪,物怪 / Mononoke,剧集/番剧,是,2007,2000 年代,2007-07-12(日本),2007,9.4,9.0 分以上,4.5,76377,5-10 万,动画,悬疑,恐怖,3,动画 悬疑 恐怖,日本,否,日本,日语,25,15-30 分钟,12,中村健治 / 植田秀仁 / 羽多野浩平 / 渡边纯央 / 松本佳久 / 内山まな / 中尾幸彦 / 山崎浩司,樱井孝宏 / 田中理惠 / 关智一 / 浪川大辅 / 阪口大助,16,20788,177,本动画由《座敷童子》《海坊主》《无脸怪》《鵺》《化猫》五个故事组成，背着一个大药箱、持着一把退魔之剑的卖药郎（樱井孝宏 配音）是每一个故事的联结者。妖怪的形成，是由人类的种种因缘引起的；要想拔出退魔之剑，就必须要凑齐“形、真、理”。“形”即由人的因缘所引起的妖怪的形态；“真”即事件的真相；“理”即当事人心里真实的想法。 雨夜里，一名怀孕女子来到旅馆投宿，老板娘将她安排到一个从不住人的房间里。同时，有个追杀此名女子的男人也来到旅馆。不久后，奇怪的事情发生了。卖药郎得知妖怪的“形”乃怨灵“座敷童子”，而“真”和“理”究竟是……在卖药郎的询问下，老板娘说出了多年的真相，原来这家旅馆的前身是青楼，而这个房间，竟然是……,https://img3.doubanio.com/view/photo/m_ratio_poster/public/p1995752943.jpg,https://movie.douban.com/subject/2340927/,2026-10-01T19:01:57+08:00,,,,,,,,,,
23774708,JOJO的奇妙冒险 星尘斗士,ジョジョの奇妙な冒険 スターダストクルセイダース,JOJO的奇妙冒险 星尘十字军 / JOJO的奇妙冒险 第二季 / JoJo's Bizarre Adventure: Stardust Crusaders,剧集/番剧,是,2014,2010 年代,2014-04-04(日本),2014,9.4,9.0 分以上,4.5,87301,5-10 万,剧情,动作,动画,3,剧情 动作 动画,日本,否,日本,日语,24,15-30 分钟,24,津田尚克 / 加藤敏幸 / 铃木健一 / 小仓宏文 / 副岛惠文 / 米田光宏 / 大脊户聪 / 藤本次朗 / 高村雄太 / 山田弘和 / 町谷俊辅 / 玉村仁 / 江副仁美 / 吉川志我津,小野大辅 / 石冢运升 / 三宅健太 / 平川大辅 / 小松史法,7,16304,39,1989年，日本。 乔纳森·乔斯达与DIO决战后的一百年，DIO复活了。同时，乔瑟夫的孙子，空条承太郎发现自己有幽波纹（替身）能力，DIO的复活影响了没有替身抵抗能力的母亲，陷入病危情况；为了拯救命在旦夕的母亲，承太郎与乔瑟夫出发前往DIO的所在地——埃及。,https://img3.doubanio.com/view/photo/m_ratio_poster/public/p2154661839.jpg,https://movie.douban.com/subject/23774708/,2026-10-01T19:02:46+08:00,,,,,,,,,,
25715362,成龙历险记 第二季,Jackie Chan Adventures Season 2,,剧集/番剧,是,2001,2000 年代,2001-09-08(美国),2001,9.4,9.0 分以上,4.5,34199,1-5 万,动画,家庭,奇幻,3,动画 家庭 奇幻,美国 / 中国香港,否,美国,英语,22,15-30 分钟,39,,成龙 / 詹姆士·谢 / 夏野萨博,3,2811,9,,https://img9.doubanio.com/view/photo/m_ratio_poster/public/p2152803944.jpg,https://movie.douban.com/subject/25715362/,2026-10-01T19:02:48+08:00,,,,,,,,,,
25736048,夏目友人帐：曾几何时下雪之日,夏目友人帳 いつかゆきのひに,有朝一日暮雪时,电影,是,2014,2010 年代,2014-02-02(日本),2014,9.4,9.0 分以上,4.5,27389,1-5 万,剧情,动画,,2,剧情 动画,日本,否,日本,日语,22,15-30 分钟,,大森贵弘,神谷浩史 / 井上和彦,2,5057,15,4期にわたり放映されたアニメ『夏目友人帳』の完全新作OVA。妖怪を見ることができる夏目貴志が、自称用心棒の妖怪・ニャンコ先生と共に妖怪たちと交流する様を描く。,https://img9.doubanio.com/view/photo/m_ratio_poster/public/p2151897085.jpg,https://movie.douban.com/subject/25736048/,2026-10-01T19:02:51+08:00,,,,,,,,,,
26339248,一拳超人,ワンパンマン,一击超人 / 一击男 / One-Punch Man,剧集/番剧,是,2015,2010 年代,2015-10-04(日本),2015,9.4,9.0 分以上,4.5,166819,10-50 万,剧情,动作,动画,3,剧情 动作 动画,日本,否,日本,日语,24,15-30 分钟,12,夏目真悟 / 吉泽俊一 / 牛岛新一郎 / 山冈实 / 久木晃嗣 / 八田洋介 / 武藤信宏,古川慎 / 石川界人 / 梶裕贵 / 悠木碧 / 中村悠一,32,32636,162,曾经，埼玉（古川慎 配音）只是一介平凡的上班族，某日，在偶然之中遇见了遭到变种螃蟹攻击的少年，心中升腾起了正义之感，对其出手相救。就此之后，埼玉幼年时代的英雄梦想在内心里死灰复燃，为了变得更加强大，埼玉开始了艰苦的训练，一晃眼数年过去，他仿佛脱胎换骨般的获得了异常强大的力量，但却付出了变成光头的代价。 由于埼玉的力量实在是过于强大，无论面对如何可怕的敌人，都只需一拳就能分出胜负。之后，埼玉遇见了名为杰诺斯（石川界人 配音）的改造人，后者在领略了埼玉的绝对强大之后拜其为师。与此同时，埼玉和杰诺斯报名加入了英雄协会，成为了真真正正有名有号的英雄，就此开始了打击罪恶之旅。,https://img2.doubanio.com/view/photo/m_ratio_poster/public/p2265301781.jpg,https://movie.douban.com/subject/26339248/,2026-10-01T19:02:53+08:00,,,,,,,,,,
26650051,JOJO的奇妙冒险 不灭钻石,ジョジョの奇妙な冒険 ダイヤモンドは砕けない,JOJO的奇妙冒险 第四季 / JoJo's Bizarre Adventure: Diamond is Unbreakable,剧集/番剧,是,2016,2010 年代,2016-04-01(日本),2016,9.4,9.0 分以上,4.5,85420,5-10 万,剧情,动作,动画,3,剧情 动作 动画,日本,否,日本,日语,24,15-30 分钟,39,津田尚克 / 加藤敏幸 / 波多正美 / 副岛惠文 / 光田史亮 / 高村雄太 / 松林唯人 / 藤本次朗 / 江岛泰男 / 朝木幸彦 / 吉田隆彦 / 古川顺康 / 玉村仁 / 江副仁美 / 村田光,小野友树 / 梶裕贵 / 高木涉 / 樱井孝宏 / 小野大辅,32,20003,90,为了寻找外公乔瑟夫的私生子，空条承太郎（小野大辅 配音）来到了杜王町，名为东方仗助（小野友树 配音）的高中一年级男生正是空条承太郎要寻找的人，让承太郎没有想到的是，东方仗助拥有着和自己一样的“替身”能力。 身材矮小但拥有强大意志力的广濑康一（梶裕贵 配音），大脑一根筋但对待朋友忠诚不二的虹村亿泰（高木涉 配音），自大而又偏执的人气漫画家岸边露伴（樱井孝宏 配音），围绕在东方仗助身边的，是这些有趣而又强大的朋友和队友们，与此同时，越来越多的替身使者亦接连浮出水面。当罪恶的魔爪伸向杜王町之时，东方仗助愿意以自己的生命为代价，保护这片他热爱的土地。,https://img2.doubanio.com/view/photo/m_ratio_poster/public/p2327210831.jpg,https://movie.douban.com/subject/26650051/,2026-10-01T19:02:56+08:00,,,,,,,,,,
26677934,灵能百分百,モブサイコ100,路人超能100(台) / Mob Psycho 100,剧集/番剧,是,2016,2010 年代,2016-07-11(日本),2016,9.4,9.0 分以上,4.5,147397,10-50 万,科幻,动画,,2,科幻 动画,日本,否,日本,日语,24,15-30 分钟,12,立川让 / 大矢雄嗣 / 藤泽研一 / 重原克也 / 川畑乔 / 安斋刚文 / 金森阳子,伊藤节生 / 樱井孝宏 / 大塚明夫 / 入野自由 / 细谷佳正,10,32457,109,眼睛只看到金钱的江湖骗子灵幻新隆衣冠楚楚，道貌岸然，巧舌如簧，他以灵能力者的身份替委托者解决各种诡异事件，其实半点灵力没有。每当遇见真正的恶灵而又无法解决时，灵幻便会叫来他的弟子——真正拥有超强令能力的中学生影山茂夫（绰号“龙套”）。龙套君无论在学校还是家中都毫无存在感，呆呆傻傻的他隐藏着常人甚至灵能力者都难以想象的可怕力量。每当他的灵能力值达到100%时，他的对手必将遭遇有生以来最可怕的回忆。在与灵幻老师修行的过程中，龙套君遇到了各式各样的敌人，灵魂深处的自我也渐渐苏醒…… 本片根据漫画家ONE的同名原作改编。,https://img3.doubanio.com/view/photo/m_ratio_poster/public/p2358698477.jpg,https://movie.douban.com/subject/26677934/,2026-10-01T19:02:58+08:00,,,,,,,,,,
26801048,齐木楠雄的灾难,斉木楠雄のΨ難,超能力者齐木楠雄的灾难,剧集/番剧,是,2016,2010 年代,2016-07-11(日本),2016,9.4,9.0 分以上,4.5,120470,10-50 万,喜剧,动画,奇幻,3,喜剧 动画 奇幻,日本,否,日本,日语,25,15-30 分钟,24,樱井弘明 / 笠井贤一 / 则座诚 / 富永恒雄 / 高田耕一 / 相浦和也 / 永居慎平 / 奥野浩行 / 铃木拓磨 / 饭村正之 / 岛崎奈奈子 / 铃木轮流郎 / 宫田亮,神谷浩史 / 小野大辅 / 岛崎信长 / 茅野爱衣 / 日野聪,24,28520,56,齐木楠雄（神谷浩史 配音）是一名十六岁的高中二年级学生，从一出生开始，他便是一名全能超能力者，几乎掌握了一切叫得上名字的超能力，这表面上让人无比羡慕的特质却让齐木楠雄的生活陷入了无聊的绝望之中，因为他几乎不用付出任何的努力，便可以为所欲为。于是，齐木楠雄封印了自己的超能力，致力于做一个默默无闻的普通人。 然而，齐木楠雄的身上似乎散发着吸引怪咖的电波，笨蛋不良少年燃堂力（小野大辅 配音）、中二病末期患者海腾顺（岛崎信长 配音）、色胆包天的灵能力者鸟束零太（花江夏树 配音）、从头到脚从内到外都闪耀着完美光辉的照桥心美（芽野爱衣 配音），这些千奇百怪个性迥异的怪人们总是一次又一次的将力求平凡的齐木楠雄拖入麻烦之中。,https://img9.doubanio.com/view/photo/m_ratio_poster/public/p2356774246.jpg,https://movie.douban.com/subject/26801048/,2026-10-01T19:03:00+08:00,,,,,,,,,,
26946411,齐木楠雄的灾难 第二季,斉木楠雄のΨ難 第2期,超能力者齐木楠雄的灾难 第二季,剧集/番剧,是,2018,2010 年代,2018-01-16(日本),2018,9.4,9.0 分以上,4.5,72481,5-10 万,喜剧,动画,奇幻,3,喜剧 动画 奇幻,日本,否,日本,日语,24,15-30 分钟,24,樱井弘明 / 富永恒雄 / 则座诚 / 铃木行 / 筑紫大介 / 村田尚树 / 秦义人 / 本间修 / 牧野友映 / 铃木恭兵 / 佐佐木纯人,神谷浩史 / 小野大辅 / 岛崎信长 / 日野聪 / 花江夏树,20,13290,38,高中生齐木楠雄是超能力者。心灵感应、念动力、透视、预知、瞬间移动、千里眼等，不论任何事情都自由自在。但这任谁都羡慕不已的最强能力，实际上对于本人而言是引来灾难的不幸元凶。因此，他在别人面前封印了超能力，以不起眼、不和他人有所牵扯为信条，默默无闻地过日子。但不知为何，他的身边总是聚集着不可思议的人类（生物），风暴般的灾难接连不断地降临！,https://img9.doubanio.com/view/photo/m_ratio_poster/public/p2506713014.jpg,https://movie.douban.com/subject/26946411/,2026-10-01T19:03:02+08:00,,,,,,,,,,
27017278,夏目友人帐 第五季 特别篇 游戏盛宴,夏目友人帳 伍 特別編 遊戯の宴,夏目友人帐第五季OVA2：游戏之宴 / Natsume's Book of Friends S5 OVA2 / Natsume Yuujinchou Go OVA2,电影,是,2017,2010 年代,2017-04-26(日本),2017,9.4,9.0 分以上,4.5,19043,1-5 万,动画,短片,,2,动画 短片,日本,否,日本,日语,24,15-30 分钟,,大森贵弘 / 出合小都美,神谷浩史 / 井上和彦 / 木村良平 / 松山鹰志 / 下崎纮史,9,2668,8,收录于BD&DVD第5卷中。,https://img2.doubanio.com/view/photo/m_ratio_poster/public/p2455096331.jpg,https://movie.douban.com/subject/27017278/,2026-10-01T19:03:03+08:00,,,,,,,,,,
27167055,夏目友人帐 第六季 特别篇 梦幻的碎片,夏目友人帳 陸 特別編 夢幻のかけら,夏目友人帐 第六季 OVA2,电影,是,2017,2010 年代,2017-10-25(日本),2017,9.4,9.0 分以上,4.5,18309,1-5 万,剧情,动画,奇幻,3,剧情 动画 奇幻,日本,否,日本,日语,23,15-30 分钟,,大森贵弘 / 出合小都美,神谷浩史 / 井上和彦 / 小林沙苗 / 速水奖 / 安藤瞳,7,2849,9,2017年4月番《夏目友人帐第六季》开播，作品第四卷BD公布，其中将收录TV开播特别篇《鈴鳴るの切り株》，还有“SOUND　THEATRE×夏目友人帳　～音劇の章　2018～”门票先行销售的申请券封入！ 《夏目友人帐系列》改编自绿川幸创作的漫画，动画由朱夏负责制作。主要讲述了从小就能看见妖怪的少年夏目贵志自从他继承了外祖母收妖怪作小弟时作为证明写有妖怪名字的“友人帐”之后，就一直过着被妖怪追逐的日子。后来遇到自称保镖的妖怪猫咪老师，自此在它的陪伴下，决定将名字还给妖怪的夏目，开始和各式各样的妖怪相遇，并逐渐理解妖怪内心的想法。在和妖怪的相遇离别，以及了解心地善良的妖怪们的回忆的过程中，夏目不知不觉得到了很多珍贵的东西。 《夏目友人帐 陆》是系列动画《夏目友人帐》的第六季，改编自绿川幸创作的漫画，动画由朱夏负责制作。神谷浩史，井上和彦等著名声优参与配音。今年纪念动画播出十周年，光放不仅推出了新的剧场版，还有夏目&猫咪老师的新手办，之后会不会有更多的企划呢，让我们拭目以待吧~~~宅宅网www.23zzw.com,https://img3.doubanio.com/view/photo/m_ratio_poster/public/p2501694602.jpg,https://movie.douban.com/subject/27167055/,2026-10-01T19:03:05+08:00,,,,,,,,,,
2994961,鼹鼠的故事,Krtek,小鼹鼠妙妙奇遇记 / 小鼹鼠,剧集/番剧,是,1957,1990 前,1957(捷克斯洛伐克),1957,9.4,9.0 分以上,4.5,49488,1-5 万,动画,,,1,动画,捷克斯洛伐克,否,捷克斯洛伐克,英语 / 德语 / 捷克语,5,15 分钟以内,64,兹德内克·米莱尔,Antonín Jedlicka / 弗兰季塞克·菲利波夫斯基 / Viola Zinková / 约瑟夫·赫利诺马兹 / Artus Kalous,7,8764,55,《鼹鼠的故事》由捷克“StudioBratrivtriku”出品公司制作，是非常著名的动画片。电视台播放的《鼹鼠》系列大都是20世纪70年代的作品，有两部90年代出品的短片。这是一部深具自由灵动的生命气息、散发着快乐幽默的童真和意趣的经典作品。圆头圆脑的小鼹鼠所演绎的既搞笑又充满温情的小故事，思想内容轻松，情节生动风趣，曾让所有的孩子和成人享受到了极大的快乐和温暖。 ★★★文学作品 鼹鼠的故事，是捷克斯洛伐克著名的经典儿童文学，开始流行于上世纪50年代，由于屡次在国内国际获奖，被改编为动画片，在全世界范围内广为流传，影响了一代又一代年轻观众。“鼹鼠的故事”是捷克斯洛伐克著名画家兹德内克·米莱尔的经典名著。作品最早创作于上世纪50年代，以小鼹鼠为主角的第一部动画片《鼹鼠做裤子》1957年首度在意大利威尼斯影展中获得大奖，之后其它以小鼹鼠为主角的多部影片陆续在全球十多个国家获奖。根据影片改编的图书也随之风靡全球。 “鼹鼠的故事”承袭了捷克斯洛伐克经典儿童文学的写实传统，同时又兼具幽默、夸张和抒情的优雅风格，洋溢着快乐的生命意趣，半个世纪以来已成为世界图书圣殿中的瑰宝，影响了几代读者。 “鼹,https://img3.doubanio.com/view/photo/m_ratio_poster/public/p1383065323.jpg,https://movie.douban.com/subject/2994961/,2026-10-01T19:03:07+08:00,,,,,,,,,,
30258226,齐木楠雄的灾难 完结篇,斉木楠雄のΨ難 完結編,,剧集/番剧,是,2018,2010 年代,2018-12-28(日本),2018,9.4,9.0 分以上,4.5,44566,1-5 万,喜剧,动画,奇幻,3,喜剧 动画 奇幻,日本,否,日本,日语,24,15-30 分钟,2,樱井弘明 / 则座诚,神谷浩史 / 小野大辅 / 岛崎信长 / 茅野爱衣 / 日野聪,18,7376,10,完結編では、原作漫画の「忍舞市旅行エピソード」も描かれるぞ！ 忍舞市に集合した斉木たちを襲う災難とは…!? 更にメインビジュアルに空助と鳥束とねこ戦車が登場！ いつもの「澄んだ目をした煩悩だらけのエロ霊能力者・鳥束」の様子が何だかおかしい…？ 空助と鳥束の関係とは…！？,https://img3.doubanio.com/view/photo/m_ratio_poster/public/p2541609859.jpg,https://movie.douban.com/subject/30258226/,2026-10-01T19:03:09+08:00,,,,,,,,,,
3060542,夏目友人帐,夏目友人帳,妖怪联络簿 一(台),剧集/番剧,是,2008,2000 年代,2008-07-07(日本),2008,9.4,9.0 分以上,4.5,206665,10-50 万,剧情,动画,奇幻,3,剧情 动画 奇幻,日本,否,日本,日语,24,15-30 分钟,13,大森贵弘 / 植田秀仁 / 小坂春女 / 清水久敏 / 境桥渡 / 黑田晃一郎 / 青柳宏宜 / 畠山茂树 / 河村智之 / 松本正幸,神谷浩史 / 井上和彦 / 小林沙苗 / 藤村步 / 石田彰,18,45409,606,高中生夏目本来可以拥有平凡的高中生活，但是，他却能看到妖怪，并因此而苦恼。很多次，他都差点被妖怪夺去性命。一次偶然的机会，夏目巧遇猫神。猫神告诉他，夏目的外婆玲子有一本“友人帐”上面记录了所有被玲子打败的妖怪的名字，玲子死后，妖怪为夺回名字，才纠缠夏目。只有把妖怪的名字还给他们，夏目才能恢复宁静的生活。为了回到宁静的生活，夏目与猫神拿着“友人帐”开始了寻妖之旅，一段段关于妖怪的感人故事，就这样被引出。,https://img2.doubanio.com/view/photo/m_ratio_poster/public/p2221083211.jpg,https://movie.douban.com/subject/3060542/,2026-10-01T19:03:12+08:00,,,,,,,,,,
34908206,瑞克和莫蒂 第五季,Rick and Morty Season 5,,剧集/番剧,是,2021,2020 年代,2021-06-20(美国),2021,9.4,9.0 分以上,4.5,93312,5-10 万,喜剧,科幻,动画,3,喜剧 科幻 动画,美国,否,美国,英语,23,15-30 分钟,10,贾斯汀·罗兰,贾斯汀·罗兰 / 汤姆·肯尼 / 塔伊加·维迪提 / 克里斯·帕内尔 / 山姆·尼尔,11,20475,170,该剧主要围绕于愤世嫉俗的疯狂科学家瑞克·桑切斯和他容易受挫折的外孙莫蒂·史密斯在自己的生活和其他异空间穿梭的奇妙冒险。,https://img9.doubanio.com/view/photo/m_ratio_poster/public/p2877742674.jpg,https://movie.douban.com/subject/34908206/,2026-10-01T19:03:14+08:00,,,,,,,,,,
35131275,排球少年 第四季 Part.2,ハイキュー!! TO THE TOP 第2クール,Haikyuu!!: To the Top 2nd Season,剧集/番剧,是,2020,2020 年代,2020-10-02(日本),2020,9.4,9.0 分以上,4.5,29498,1-5 万,剧情,动画,运动,3,剧情 动画 运动,日本,否,日本,日语,24,15-30 分钟,12,佐藤雅子 / 石川真理子 / 堀内勇冶 / 荻原露光 / 江副仁美 / 镰仓由实,村濑步 / 石川界人 / 日野聪 / 入野自由 / 林勇,25,6449,25,"《排球少年！！ TO THE TOP》是改编自古馆春一创作的漫画《排球少年！！》的第4期电视动画。于2020年1月播放。 在春季的高中排球宫城县预选赛中，乌野高中排球部在激烈的竞争中胜出，最终决定参加全国比赛。 面对全国大赛，他们收到了影山召集全日本青少年强化集训的通知。 此外，月岛也将参加宫城县1年级选拔强化集训。 对同为1年级生的差距感到焦虑的日向，也在为宫城县1年级选拔强化集训而努力……!? 面向全国正式比赛,向阳,影山,还有乌野高中排球队部的更大的挑战开始⸺! !",https://img3.doubanio.com/view/photo/m_ratio_poster/public/p2621917907.jpg,https://movie.douban.com/subject/35131275/,2026-10-01T19:03:16+08:00,,,,,,,,,,
35332568,奇巧计程车,オッドタクシー,ODD TAXI,剧集/番剧,是,2021,2020 年代,2021-04-06(日本),2021,9.4,9.0 分以上,4.5,133082,10-50 万,剧情,动画,悬疑,3,剧情 动画 悬疑,日本,否,日本,日语,23,15-30 分钟,13,木下麦 / 新田典生 / 西田健一 / 大庭秀昭,花江夏树 / 饭田里穗 / 木村良平 / 山口胜平 / 三森铃子,27,45636,224,以沉默的出租车司机「小户川」为主角，故事围绕在他与各种性格古怪的乘客之间，最终将联系到一名高中少女失踪的真相。,https://img3.doubanio.com/view/photo/m_ratio_poster/public/p2631090442.jpg,https://movie.douban.com/subject/35332568/,2026-10-01T19:03:18+08:00,,,,,,,,,,
36093351,葬送的芙莉莲,葬送のフリーレン,Frieren: Beyond Journey's End / Sousou no Frieren,剧集/番剧,是,2023,2020 年代,2023-09-29(日本),2023,9.4,9.0 分以上,4.5,120383,10-50 万,动画,奇幻,冒险,3,动画 奇幻 冒险,日本,否,日本,日语,25,15-30 分钟,28,斋藤圭一郎,种崎敦美 / 冈本信彦 / 东地宏树 / 上田燿司,4,39171,376,中央大陆古老城邦，人们夹道欢呼，为击败了魔王的四人组高声喝彩。这四个人分别是勇者辛美尔（冈本信彦 配音）、精灵魔导师芙莉莲（种崎敦美 配音）、僧侣海塔（东地宏树 配音）以及矮人族战士艾泽（上田耀司 配音）。在王宫盛大的晚宴上，四位好朋友相聊甚欢，并且共同回忆着征途中的快乐种种。当天上流星划过，他们相约去一个更好的地方欣赏这个五十年一遇的流星雨。在此之后，芙莉莲告别好友们，独自踏上收集魔法的旅程。时光倏忽而逝，转眼五十年过去，她如约回到主城。而与这个几乎拥有不死之身且不会衰老的精灵形成鲜明对比的是，曾经英俊帅气、孔武有力的朋友们都已经衰老。他们追昔过往，又无奈面对死亡。这让芙莉莲的心中产生了波动…… 本片改编自原作山田钟人，作画阿部司的同名漫画。,https://img9.doubanio.com/view/photo/m_ratio_poster/public/p2897218476.jpg,https://movie.douban.com/subject/36093351/,2026-10-01T19:03:21+08:00,,,,,,,,,,
4223466,轻音少女 第二季,けいおん!!,轻音少女2 / K-ON!!,剧集/番剧,是,2010,2010 年代,2010-04-06(日本),2010,9.4,9.0 分以上,4.5,40392,1-5 万,动画,音乐,,2,动画 音乐,日本,否,日本,日语,24,15-30 分钟,24,山田尚子 / 石原立也 / 武本康弘 / 石立太一 / 北之原孝将 / 坂本一也 / 高雄统子 / 内海纮子 / 木上益治,丰崎爱生 / 日笠阳子 / 佐藤聪美 / 寿美菜子 / 竹达彩奈,8,7080,55,故事发生在樱丘高中，围绕着由五个成员组成的轻音部展开。这支名为“放学后茶会”的乐队中，担任吉他和主唱的是天然呆少女平沢唯（丰崎爱生 配音），担任贝斯手的是稳重但容易害羞的秋山澪（日笠阳子 配音），担任鼓手的部长，是非常有活力的田井中律（佐藤聪美 配音），温柔热情的键盘手是琴吹紬（寿美菜子 配音），吉他手是学妹中野梓（竹达彩奈 配音）。新学年开始，除了小梓，大家都升上三年级，还被分到了同一个班级。然而要是再不招揽新成员入部，来年四名成员毕业离校，轻音部就要面临废部的命运了。 新学期樱高的各大社团都开始紧锣密鼓地招新，轻音部也使尽了各种办法，她们在新生欢迎会上的演出，能否吸引新人加入呢？K-ON!的青春故事在第二季中继续进行！,https://img9.doubanio.com/view/photo/m_ratio_poster/public/p2260472124.jpg,https://movie.douban.com/subject/4223466/,2026-10-01T19:03:23+08:00,,,,,,,,,,
4848701,日常,,My Ordinary Life / Nichijou,剧集/番剧,是,2011,2010 年代,2011-04-02(日本),2011,9.4,9.0 分以上,4.5,58167,5-10 万,动画,,,1,动画,日本,否,日本,日语,25,15-30 分钟,26,石原立也 / 木上益治 / 山田尚子 / 武本康弘 / 石立太一 / 内海纮子 / 北之原孝将 / 坂本一也 / 河浪荣作,本多真梨子 / 相泽舞 / 富㭴美铃 / 今野宏美 / 古谷静佳,9,16598,68,表面上看来，东云名乃（古谷静佳 配音）是一个外表可爱又有点天然呆的黑发女孩，可是，她背后醒目的发条暴露了她的真实身份——由博士（今野宏美 配音）所改造的少女机器人。虽然对于自己背后的发条感到十分自卑，但博士总是以其非常可爱为由拒绝帮助名乃进行改造。 在名乃就读的1年纪Q班中，汇聚着名乃的诸多好友们——个性过于活泼以至于经常暴走的相生祐子（本多真梨子 配音），常常陷于对同性恋情的幻想之中的美术型女生长野原美绪（相泽舞 配音），以及外表沉默安静内里腹黑毒舌的三好学生水上麻衣（富樫美铃 配音）。就这样，经常处于脱线状态的日常和激烈的吐槽在这三人之间展开了。,https://img3.doubanio.com/view/photo/m_ratio_poster/public/p2363142442.jpg,https://movie.douban.com/subject/4848701/,2026-10-01T19:03:24+08:00,,,,,,,,,,
5403927,轻音少女 剧场版,映画 けいおん!,K-ON! 劇場版 / K-ON! THE MOVIE,电影,是,2011,2010 年代,2011-12-03(日本),2011,9.4,9.0 分以上,4.5,25577,1-5 万,剧情,动画,音乐,3,剧情 动画 音乐,日本,否,日本,日语,110,100 分钟以上,,山田尚子,丰崎爱生 / 日笠阳子 / 佐藤聪美 / 寿美菜子 / 竹达彩奈,16,5872,30,樱丘高中轻音乐部，平泽唯（丰崎爱生 配音）、秋山澪（日笠阳子 配音）、田井中律（佐藤聪美 配音）和琴吹紬（寿美菜子 配音）这四个搞怪不断、俏皮可爱的女孩即将迎来毕业的日子。为了纪念这最后的时刻，她们决定自行组织毕业旅行，经过一番令人捧腹的讨论后，最终女孩们将目的地锁定在英国伦敦。与她们同行的还有同属轻音部的学妹中野梓（竹达彩奈 配音）。唯等四人商量，要在毕业前为梓喵创作一首歌曲作为赠别礼物，她们一面应付旅途中的各种状况，一面又要尽快完成创作，古板的伦敦也被女孩们青春快活的气息所感染…… 本片根据日本漫画家Kakifly（かきふらい）的同名四格漫画改编。,https://img3.doubanio.com/view/photo/m_ratio_poster/public/p2040458823.jpg,https://movie.douban.com/subject/5403927/,2026-10-01T19:03:26+08:00,,,,,,,,,,
6748086,全职猎人2011,HUNTER×HUNTER,新全职猎人,剧集/番剧,是,2011,2010 年代,2011-10-02(日本),2011,9.4,9.0 分以上,4.5,54601,5-10 万,剧情,动画,冒险,3,剧情 动画 冒险,日本,否,日本,日语,24,15-30 分钟,148,神志那弘志 / 青木弘安 / 矢岛哲生 / 米田和弘 / 高桥知也 / 松村政辉 / 友田政晴 / 牛岛新一郎 / 竹下健一,潘惠美 / 伊濑茉莉也 / 泽城美雪 / 藤原启治 / 浪川大辅,42,16238,257,小杰富力士（潘惠美 配音）自幼失去双亲，由婶婶抚养长大，自由的大海和幽深的森林培养了他得天独厚的敏锐和豁达。长大后的小杰偶然得知，自己的父亲并没有死亡，并且留给了他一个任务，这个任务就是：成为“猎人”，然后找到他。“猎人”，那个时代最风光的职业，经过层层挑战千挑万选，只有最最优秀的人才能够获得猎人执照，而有了这张执照，便可以在这个凶险的世界里更自如的生存下去。为了追随父亲的脚步，小杰上路了。这一路暗礁重重，但是小杰凭借自己的本能结识了优秀的朋友，志愿成为医生的雷欧力（藤原启治 配音），最后一个窟卢塔族酷拉皮卡（泽城美雪 配音），还有他这辈子最重要的同伴奇犽（伊濑茉莉也 配音）。此外，那宿命中的敌人们也出现了——幻影旅团。 本动画为2011年MADEHOUSE公司的重制版，剧情上和旧版没有区别，但启用了全新的声优阵容，在制作上也更加的精美细致。,https://img9.doubanio.com/view/photo/m_ratio_poster/public/p1948194075.jpg,https://movie.douban.com/subject/6748086/,2026-10-01T19:03:28+08:00,,,,,,,,,,
10569151,剧场版魔法少女小圆 新篇 叛逆的故事,劇場版 魔法少女まどか☆マギカ [新編] 叛逆の物語,魔法少女小圆剧场版［新篇］叛逆的物语 / Puella Magi Madoka Magica the Movie: Rebellion,电影,是,2013,2010 年代,2013-10-26(日本),2013,9.3,9.0 分以上,4.5,28273,1-5 万,动画,,,1,动画,日本,否,日本,日语,116,100 分钟以上,,宫本幸裕 / 新房昭之,悠木碧 / 斋藤千和 / 水桥香织 / 喜多村英梨 / 加藤英美里,20,8969,106,宁静祥和的见泷原市，全靠魔法少女鹿目圆（悠木碧 配音）、美树沙耶香（喜多村英梨 配音）、巴麻美（水桥香织 配音）以及佐仓杏子（野中蓝 配音）守护，一次次击败了人类灵魂深处产生的“梦魇”，全力包围着她们最为珍惜的城市、家人和朋友。这一天，美丽女孩晓美焰（斋藤千和 配音）作为转校生来到小圆的班级，小圆她们意外发现，晓美竟然也是魔法少女中的一员。在此之后，五位魔法少女同心携手，解决了梦魇接二连三带来的危机。她们的友情笃深，相处分外融洽，但是晓美却对周遭无时不在的违和感隐隐感到不安。某天，她要求杏子和她去风见野一探究竟，然而两人大费周章，竟然怎么也无法走出见泷原。 晓美终于意识到，她和朋友们似乎被某人封在了魔女的结界中。无休止的轮回以及爱欲滋生的幻象，让少女们陷入无休止的混乱深渊……,https://img3.doubanio.com/view/photo/m_ratio_poster/public/p2178663810.jpg,https://movie.douban.com/subject/10569151/,2026-10-01T19:03:30+08:00,,,,,,,,,,
1431683,蜡笔小新,クレヨンしんちゃん,Kureyon Shin-chan,剧集/番剧,是,1992,1990 年代,1992-04-13(日本),1992,9.3,9.0 分以上,4.5,122602,10-50 万,喜剧,动画,家庭,3,喜剧 动画 家庭,日本,否,日本,日语,24,15-30 分钟,,本乡满 / 高桥涉 / 原惠一 / 水岛努 / 武藤裕治,矢岛晶子 / 小林由美子 / 楢桥美纪 / 藤原启治 / 森川智之,16,23342,289,小新今年5岁了，不要以为他是那种懵懂无知的小孩，他其实人小鬼大，喜欢漂亮的姐姐，收养了一条棉花糖一样的流浪狗——小白，还经常讲些无厘头的黄色笑话。小新的妈妈美伢是一个全职主妇，粗心而又有点神经质的她经常被小新捉弄得七窍生烟，爸爸野原亦经常被这两母子搞得晕头转向。 《蜡笔小新》的作者以一个5岁小童的眼光，40岁的成年人的心态去观察这个大千世界，看到了许多光怪陆离的景象，小新一家的幽默故事亦由此产生。,https://img9.doubanio.com/view/photo/m_ratio_poster/public/p2510330984.jpg,https://movie.douban.com/subject/1431683/,2026-10-01T19:03:32+08:00,,,,,,,,,,
1457573,新世纪福音战士,新世紀エヴァンゲリオン,Neon Genesis Evangelion / New Century Evangelion / 新世纪天鹰战士 / 2000天鹰战士,剧集/番剧,是,1995,1990 年代,1995-10-04(日本),1995,9.3,9.0 分以上,4.5,207151,10-50 万,剧情,科幻,动画,3,剧情 科幻 动画,日本,否,日本,日语 / 英语,24,15-30 分钟,26,庵野秀明 / 鹤卷和哉 / 摩砂雪 / 冈村天斋 / 水岛精二 / 大冢雅彦 / 杉山庆一 / 渡边哲哉 / 大原实 / 安藤健 / 石堂宏之 / 羽生尚靖 / 增尾昭一 / 高村彰,绪方惠美 / 林原惠美 / 三石琴乃 / 宫村优子 / 山口由里子,15,50116,676,突袭世界的大灾难“第二次冲击”后，世界在废墟之上重建。14岁的少年碇真嗣被父亲碇元渡叫到第3新东京市。本以为能见到父亲迎接的他，却见到名为“ 使徒”的巨大生物与军队交火。危急之下，特务机关NERV的葛成美里将真嗣救下，并将其带往碇元渡所统领的NERV总部。但迎接真嗣的，却是是父亲冷酷地命令：驾驶称为“EVA”的巨大人型机器人与使徒战斗。本已表示拒绝的真嗣，看到重伤的替补驾驶员绫波丽后，决定遵从父亲的命令。就这样，从未受过作战训练的真嗣，准备驾驶EVA初号机迎战使徒。 不断袭来的使徒，身份不明的绫波丽，从德国来的驾驶员惣流·明日香·兰格蕾，14岁的少年要面对远超自己能力的挑战。而碇元渡不动声色地观察一切，一个称为“人类补完计划”的神秘计划正在按照他的计划实现。,https://img3.doubanio.com/view/photo/m_ratio_poster/public/p2026157878.jpg,https://movie.douban.com/subject/1457573/,2026-10-01T19:03:35+08:00,,,,,,,,,,
1474243,棋魂,ヒカルの碁,棋灵王(台) / 光之棋 / Hikaru no go,剧集/番剧,是,2001,2000 年代,2001-10-10(日本),2001,9.3,9.0 分以上,4.5,66678,5-10 万,动画,奇幻,,2,动画 奇幻,日本,否,日本,日语,24,15-30 分钟,75,西泽晋 / 神谷纯 / 远藤彻哉 / 谷田部胜义 / 殿胜秀树 / 大隈孝晴 / 小坂春女 / 政木伸一 / 冈岛国敏 / 新留俊哉 / 所智一 / 野中卓也 / 高濑节夫 / 饭岛正胜 / 成田岁法 / 三宅雄一郎,川上伦子 / 千叶进步 / 小林沙苗 / 嘉数由美 / 津村真琴,49,16973,266,六年级的小学生进藤光（川上友子 配音）无意中翻出了爷爷家的旧棋盘。触碰棋盘的一瞬间也释放出了寄居在其上的平安时代棋士藤原佐为（千叶进步 配音）的灵魂。附身于小光体内的佐为视棋如命，小光在其软磨硬泡下开始下围棋，接触了一批厉害的棋士，其中不乏他的同龄人。小光开始对围棋产生兴趣并展现了他的天分，而佐为则成为了小光的秘密老师…… 《棋魂》改变自堀田由美的同名作品，漫画由小畑健执笔，并由日本棋院的女棋士梅泽由香里担当监修。当年上映引起轰动后，引发了一股学习围棋的热潮，借由佐为的附身改变了主人公进藤光，讲述了其棋艺和心灵的成长，也在其中普及了围棋知识，意义深远。,https://img2.doubanio.com/view/photo/m_ratio_poster/public/p2315357261.jpg,https://movie.douban.com/subject/1474243/,2026-10-01T19:03:37+08:00,,,,,,,,,,
2053598,火影忍者 疾风传,NARUTO -ナルト- 疾風伝,Naruto Shippuuden,剧集/番剧,是,2007,2000 年代,2007-02-15(日本),2007,9.3,9.0 分以上,4.5,72186,5-10 万,剧情,动作,动画,3,剧情 动作 动画,日本,否,日本,日语,24,15-30 分钟,,伊达勇登 / 小林治 / 今千秋 / 村田雅彦 / 渡部稳宽 / 都留稔幸 / 阿部记之 / 小野胜巳 / 关田修 / 富永恒雄 / 山下宏幸 / 若林厚史 / 菱川直树 / 横山彰利 / 宅野诚起 / 柳濑雄之 / 香川丰 / 冈尾贵洋 / 佐藤真二 / 松本正幸 / 德本善信 / 长滨亘彦 / 筑紫大介 / 樱井亲良 / 井端义秀 / 种村绫隆 / 岩田和也 / 河合滋树 / 渡边政治 / 高桥英俊 / 小高义规 / 雄谷将仁 / 关野圭一 / 川西泰二 / 岩田义彦 / 高田昌宏 / 柳屋圭宏 / 冈岛国敏 / 土屋浩幸 / 西田健一 / 藤濑顺一 / 有江勇树 / 浅利藤彰 / 荒井省吾 / 水野和则 / 黑濑大辅 / 上原秀明 / 北川正人 / 神原敏昭 / 臼井文明 / 堀内直树 / 藤井俊郎 / 佐藤光敏 / 佐藤和磨 / 田中智也 / 西村博昭 / 小平麻纪 / 石井久志 / 赤松康裕 / 高桥滋春 / 木下勇喜 / 菅井嘉浩 / 清水明 / 浊川敦 / 福田皖 / 山冈实 / 南康宏 / 木村宽 / 佐佐木纯人 / 小野田雄亮 / 三家本泰美 / 熨斗谷充孝,竹内顺子 / 杉山纪彰 / 中村千绘 / 井上和彦 / 关俊彦,100,11857,187,疾风传指的是佐助投奔大蛇丸后三年发生的故事，故疾风传也可以理解为《火影忍者》第二部。 不知不觉《火影忍者》已经一路走了七年，鸣人从万年吊车尾的倒霉蛋慢慢地成长为能独当一面的忍者。从莽撞单纯的英雄主义男主角一步又一步地向忍道的达人迈进。为了友情，为了爱，为了被认可，为了自己的忍道，鸣人头也不回的奋斗了整整7年，以疾风的速度成长着。撒花庆贺的同时好消息自然不能少！2007早春火影动画也回归漫画突入第二章，冗长乏味的TV动画，终于顺应民意走回“正途”。,https://img9.doubanio.com/view/photo/m_ratio_poster/public/p2554038556.jpg,https://movie.douban.com/subject/2053598/,2026-10-01T19:03:39+08:00,,,,,,,,,,
2567646,福音战士新剧场版：破,ヱヴァンゲリヲン新劇場版：破,Evangelion: 2.0 You Can (Not) Advance / Evangelion New Theatrical Version: Breaking,电影,是,2009,2000 年代,2009-06-27(日本),2009,9.3,9.0 分以上,4.5,101849,10-50 万,剧情,科幻,动画,3,剧情 科幻 动画,日本,否,日本,日语,108,100 分钟以上,,庵野秀明 / 摩砂雪 / 鹤卷和哉,绪方惠美 / 林原惠美 / 宫村优子 / 坂本真绫 / 三石琴乃,37,21465,219,在参拜母亲坟墓的回程途中，真嗣（绪方惠美 配音）和葛城美里（三石琴乃 配音）遭遇了第七使徒的攻击，关键时刻2号机势如破竹挫败对手，真嗣也由此结识了2号机的操纵者式波·明日香·兰格蕾（宫村优子 配音）。与沉默寡言的绫波丽（林原惠美 配音）不同，明日香自信张扬，甚至有些自大，在和真嗣相处的日子里，彼此闹出不少的笑话。他们三人分别驾驶着零号机、初号机和2号机，抵抗了第八使徒猛烈的攻击，在这一过程中，淡淡的情愫悄然在这三个青年男女的心中萌生。不久后，第九、十使徒相继降临，真嗣他们面临着生与死的残酷考验…… 本片为福音战士新剧场版四部曲第二部。,https://img9.doubanio.com/view/photo/m_ratio_poster/public/p1026522114.jpg,https://movie.douban.com/subject/2567646/,2026-10-01T19:04:30+08:00,,,,,,,,,,
25850705,月刊少女野崎君,月刊少女野崎くん,月刊少女野崎同学(台) / 月刊少女野崎(港) / Gekkan Shojo Nozaki-kun,剧集/番剧,是,2014,2010 年代,2014-07-06(日本),2014,9.3,9.0 分以上,4.5,127574,10-50 万,喜剧,动画,,2,喜剧 动画,日本,否,日本,日语,23,15-30 分钟,12,山崎光惠 / 竹下良平 / 渡部稳宽 / 守田艺成 / 野木森达哉,中村悠一 / 小泽亚李 / 冈本信彦 / 小野友树 / 中原麻衣,12,37989,62,故事从高中女生佐仓千代（小泽亚李 配音）的一场告白开始，她的暗恋对象是与自己同年级的男生——身高一米九、男子气概十足的野崎君（中村悠一 配音），而告白的结果居然是得到了他的亲笔签名。正当千代为自己的告白台词“我是你的粉丝”引起了误会而感到苦恼时，野崎君居然直接邀请千代回家。她又紧张又期待，谁知道等待着她的是一堆漫画原稿，她糊里糊涂地当起了漫画助手。千代这才知道，自己的心上人野崎君原来是知名少女漫画家。 虽然作品以描绘细腻的少女心思著称，野崎君本人却意外地神经大条，而且完全没有恋爱经历，他的漫画角色原型来自身边的朋友，而这些“原型们”，尽是些极具反差萌的家伙…… 本动画改编自日本漫画家椿泉所创作的四格漫画作品。,https://img3.doubanio.com/view/photo/m_ratio_poster/public/p2191065569.jpg,https://movie.douban.com/subject/25850705/,2026-10-01T19:04:31+08:00,,,,,,,,,,
26355355,命运石之门0,STEINS;GATE 0,命运石之门Zero / シュタインズ・ゲート ゼロ,剧集/番剧,是,2018,2010 年代,2018-04-11(日本),2018,9.3,9.0 分以上,4.5,31407,1-5 万,剧情,科幻,动画,3,剧情 科幻 动画,日本,否,日本,日语,24,15-30 分钟,23,川村贤一 / 小泽一浩 / 平向智子 / 土屋浩幸 / 古贺一臣 / 武市直子 / 工藤宽显,宫野真守 / 花泽香菜 / 关智一 / 今井麻美 / 后藤沙绪里,14,7206,88,2010年11月“β世界线”——主人公·冈部伦太郎跨越无数的苦难与悲哀，终究还是放弃拯救“她”的世界线。跌落失意谷底的冈部伦太郎。担心着他的同伴们。没能得到拯救的“她”将会变得如何？迎来新的角色，描绘而成的“零”之物语。,https://img3.doubanio.com/view/photo/m_ratio_poster/public/p2518617828.jpg,https://movie.douban.com/subject/26355355/,2026-10-01T19:06:57+08:00,,,,,,,,,,
